"year","level","sex","obs_IMR","pred_IMR","pred_IMR_low","pred_IMR_up","deaths_IMR","Coverage_IMR","Coverage_IMR_low","Coverage_IMR_up","Missing_IMR","Missing_IMR_low","Missing_IMR_up","obs_q28","pred_q28","pred_q28_low","pred_q28_up","deaths_q28","Coverage_q28","Coverage_q28_low","Coverage_q28_up","Missing_q28","Missing_q28_low","Missing_q28_up"
1972,"Aegean","female",0.0767770315163776,0.074527541795881,0.0758390033491922,0.0732387589610379,1743,103.018333445986,104.831147613004,101.236867740556,-51.0681450609247,-21.295211121251,-80.3262244209268,NA,0.0424883008587712,0.0456640498811811,0.039533412269888,NA,NA,NA,NA,NA,NA,NA
1972,"Central Anatolia","female",0.0501810594442496,0.0531841454664267,0.0541200271598809,0.0522644476995168,654,94.3534186817519,96.0137562971196,92.7217927958631,39.1386367736185,51.3358010881547,27.1523944299844,NA,0.0325898270834868,0.0350257237752586,0.0303233371035093,NA,NA,NA,NA,NA,NA,NA
1972,"Central East Anatolia","female",0.0273785630427328,0.0320668615773906,0.0326311423128168,0.0315123387825633,398,85.3796152662367,86.8820408146989,83.9031707203799,68.1534240449882,76.3563283518756,60.0923701468412,NA,0.0213942138756986,0.0229933047413656,0.0199063332786474,NA,NA,NA,NA,NA,NA,NA
1972,"East Black Sea","female",0.0166983884115881,0.0176344621762024,0.0179447759018413,0.0173295146144454,169,94.6917929491632,96.3580849383328,93.0543156567068,9.47375652790771,12.6143601802088,6.38746240977767,NA,0.012571691361194,0.0135113508849544,0.0116973813371326,NA,NA,NA,NA,NA,NA,NA
1972,"East Marmara","female",0.059829011498735,0.0579520215092518,0.0589718035430424,0.0569498742658855,808,103.238868879119,105.055563809338,101.453589519383,-25.349038426525,-11.5767252516654,-38.8831910450594,NA,0.0349069042728066,0.037515988770871,0.0324792709943705,NA,NA,NA,NA,NA,NA,NA
1972,"Istanbul","female",0.104140513626761,0.0965635591377632,0.0982627886066069,0.094893713943768,3925,107.84659819569,109.744375363443,105.981638729678,-285.571343309315,-221.528297688139,-348.506911400723,NA,0.0516322452170962,0.0554914499619046,0.0480414324727235,NA,NA,NA,NA,NA,NA,NA
1972,"Mediterranean","female",0.0412055942194649,0.0428296662622435,0.0435833401295221,0.0420890254552245,1047,96.2080674809968,97.9010413612464,94.5443696995435,41.2663246580705,60.4165530187629,22.4472555574357,NA,0.0273089895588462,0.0293501749002602,0.0254097603595052,NA,NA,NA,NA,NA,NA,NA
1972,"Northeast Anatolia","female",0.0942332578107857,0.0905953189325022,0.0921895252463951,0.0890286807589642,511,104.015592550642,105.845955491481,102.216881537168,-19.7275018394843,-11.0825770504566,-28.2229324897265,NA,0.0492472226987868,0.0529281611260948,0.0458222785742727,NA,NA,NA,NA,NA,NA,NA
1972,"Southeast Anatolia","female",0.0797111732837501,0.0837735031650197,0.0852476659502087,0.0823248326427923,1277,95.1508177075185,96.8251871578253,93.5054026350793,65.0799009056718,88.6964881309682,41.871708369111,NA,0.0464408899829389,0.0499120716490026,0.0432111148896891,NA,NA,NA,NA,NA,NA,NA
1972,"West Anatolia","female",0.0734360983647294,0.0776586802472765,0.0790252404607355,0.07631575155719,2398,94.5626401722231,96.2266594592826,92.9273962807071,137.885203324081,182.509188868617,94.0328872215414,NA,0.043847088356796,0.0471243987027065,0.0407977016215646,NA,NA,NA,NA,NA,NA,NA
1972,"West Black Sea","female",0.0556346232353839,0.0533141083280672,0.054252276978696,0.0523921631516603,939,104.352534404285,106.188826512732,102.547996754552,-39.165601764775,-23.3312110255188,-54.7261730475793,NA,0.0326538861190622,0.0350945708446103,0.030382941093592,NA,NA,NA,NA,NA,NA,NA
1972,"West Marmara","female",0.0328995180252445,0.0315492805084449,0.0321044533670209,0.0310037080906358,569,104.279772771484,106.114784493089,102.476493367242,-23.3524742359284,-13.7507117940792,-32.7881962272095,NA,0.021097087646095,0.0226739700846394,0.0196298709703487,NA,NA,NA,NA,NA,NA,NA
1972,"Aegean","male",0.0962520910653619,0.0905585034007057,0.0921520618714878,0.0889925018673183,2226,106.287192754791,108.157529056624,104.449199627885,-131.674294046434,-94.820433348988,-167.890851782859,NA,0.0492323125280206,0.0529121365083095,0.0458084053452661,NA,NA,NA,NA,NA,NA,NA
1972,"Central Anatolia","male",0.0552275229570239,0.0580555705778513,0.0590771747651583,0.057051632690933,734,95.1287230619238,96.8027037126336,93.4836900656854,37.5860955289022,51.1637001965389,24.2432843807093,NA,0.0349564928087621,0.0375692837563997,0.0325254108492522,NA,NA,NA,NA,NA,NA,NA
1972,"Central East Anatolia","male",0.0309473307750028,0.0323729319504252,0.0329425986078499,0.031813116370763,464,95.5963173876079,97.2785262981785,93.9431984203831,21.3743456650644,29.915480632949,12.9809100291524,NA,0.0215693267140645,0.0231815062279951,0.020069267731025,NA,NA,NA,NA,NA,NA,NA
1972,"East Black Sea","male",0.0202082159114776,0.0207906425449719,0.021156495593514,0.0204311160854691,237,97.1986116723691,98.909016164075,95.5177847018901,6.83064317715207,11.1213323148923,2.61415166323468,NA,0.0146060127717987,0.0156977257808816,0.0135902239641472,NA,NA,NA,NA,NA,NA,NA
1972,"East Marmara","male",0.0793667569654062,0.0743011648273855,0.0756086428239656,0.0730162966627987,1034,106.817648350183,108.697319081978,104.970482210864,-65.9951656207454,-48.9611793504844,-82.7345881822818,NA,0.0423892256296792,0.0455575693650905,0.0394412273201896,NA,NA,NA,NA,NA,NA,NA
1972,"Istanbul","male",0.137785090323589,0.123272611069033,0.12544183986818,0.121140894104757,4657,111.772671259822,113.739535556374,109.839819368386,-490.507468767079,-417.189677314434,-562.557397241349,NA,0.0616072726906951,0.0662120517020079,0.0573227373389273,NA,NA,NA,NA,NA,NA,NA
1972,"Mediterranean","male",0.0480461088776491,0.0501229491744,0.0510049629802602,0.0492561877735663,1245,95.8565081844553,97.5432956738754,94.1988898143967,53.8163491249486,76.671627397166,31.3563004499167,NA,0.0310657104696949,0.033387688465062,0.0289052166039229,NA,NA,NA,NA,NA,NA,NA
1972,"Northeast Anatolia","male",0.0897368543470476,0.084648951443981,0.0861385194972375,0.0831851420524507,541,106.010591763129,107.876060715826,104.177381815722,-30.6736344903939,-21.6934186952732,-39.4985580580866,NA,0.0468060373312017,0.0503045116004255,0.0435508677243838,NA,NA,NA,NA,NA,NA,NA
1972,"Southeast Anatolia","male",0.0780917551079423,0.0790297950735556,0.0804204828019776,0.0776631560985181,1433,98.8130552980173,100.551869162876,97.1043102293114,17.2132290901375,42.732639072331,-7.8648812497031,NA,0.0444354382365267,0.0477567242538014,0.0413451341590919,NA,NA,NA,NA,NA,NA,NA
1972,"West Anatolia","male",0.0918027480403621,0.0918033647311287,0.0934188290334289,0.0902158361773172,3006,99.9993282481875,101.759016964523,98.2700693106649,0.0201929951313105,52.9171464782626,-51.9620290474923,NA,0.0497351065621248,0.0534525114206791,0.0462762320984034,NA,NA,NA,NA,NA,NA,NA
1972,"West Black Sea","male",0.0699482559004561,0.065492270802864,0.0666447386439773,0.0643597322487706,1168,106.803833556184,108.683261188975,104.956906312029,-74.4062954392214,-55.1623211457668,-93.317489351813,NA,0.0384413870636724,0.0413146532315365,0.0357679448765429,NA,NA,NA,NA,NA,NA,NA
1972,"West Marmara","male",0.0554420481444758,0.0510270738036637,0.0519249974954817,0.0501446776418455,810,108.652219325371,110.564173012471,106.773328490387,-64.502112309033,-51.3835819748496,-77.3937877610325,NA,0.0315189423930169,0.0338747967922016,0.0293269280895887,NA,NA,NA,NA,NA,NA,NA
1972,"Aegean","total",0.086605576492331,0.0826572179426289,0.0841117374507633,0.08122785101205,3969,104.77678616336,106.620543832291,102.964912052884,-180.947182831296,-114.288797059837,-246.452864765876,NA,0.0459730826780204,0.0494092985167564,0.0427758416809607,NA,NA,NA,NA,NA,NA,NA
1972,"Central Anatolia","total",0.0527290205330679,0.0556485717600028,0.0566278199761831,0.054686257394875,1388,94.7535918091014,96.4209712731401,93.1150458471561,76.8521216972777,102.629132351323,51.5208652981632,NA,0.0337958489493419,0.0363218886377525,0.0314454850516664,NA,NA,NA,NA,NA,NA,NA
1972,"Central East Anatolia","total",0.0291905270097417,0.0322221571169154,0.0327891705887848,0.0316649488420519,862,90.5914737608235,92.1856124112093,89.0249020807072,89.5244252188927,106.268405640635,73.069993520144,NA,0.0214831182138577,0.0230888541526223,0.0199890546815277,NA,NA,NA,NA,NA,NA,NA
1972,"East Black Sea","total",0.0185823968932011,0.0193313073418291,0.0196714804609625,0.0189970167362776,406,96.1259192904791,97.8174476085778,94.4636420734947,16.3626707518133,23.7949889377794,9.05887745571999,NA,0.0136736208978715,0.0146956431327346,0.0127226761544201,NA,NA,NA,NA,NA,NA,NA
1972,"East Marmara","total",0.0694228690923235,0.0660255179750571,0.0671873693695238,0.0648837581346351,1842,105.145512252626,106.995758396531,103.327261870464,-90.1420647090013,-59.3146112114855,-120.436428130662,NA,0.0386857084254135,0.041577236169053,0.0359952746808614,NA,NA,NA,NA,NA,NA,NA
1972,"Istanbul","total",0.120050742242544,0.109287305604213,0.111210434907973,0.107397432409217,8582,109.848752861848,111.781761956016,107.949170724749,-769.43975109736,-631.962086431824,-904.540054989604,NA,0.0565176852561099,0.0607420477293837,0.0525871100187408,NA,NA,NA,NA,NA,NA,NA
1972,"Mediterranean","total",0.0446404055163958,0.046524379782378,0.0473430695433169,0.0457198473824034,2291,95.9505655426366,97.6390081598938,94.291320666379,96.6878547234514,138.704010728624,55.3982717319855,NA,0.0292351168881721,0.0314202688476788,0.0272019333637316,NA,NA,NA,NA,NA,NA,NA
1972,"Northeast Anatolia","total",0.0918661231801545,0.0874723459563031,0.0890115972979587,0.0859597124348495,1052,105.02304719945,106.871138325156,103.206914569391,-50.3151050624743,-32.6884505856528,-67.6369469937873,NA,0.047973497240447,0.0515592322282815,0.0446371355432398,NA,NA,NA,NA,NA,NA,NA
1972,"Southeast Anatolia","total",0.0788465814458008,0.0812470075662897,0.0826767115948566,0.0798420269884974,2710,97.0455205768281,98.7532311237037,95.3673409655857,82.5039547338729,131.643661825416,34.214006127359,NA,0.0453785120150216,0.0487702872156618,0.0422226209903514,NA,NA,NA,NA,NA,NA,NA
1972,"West Anatolia","total",0.0826327045858625,0.0847694734605122,0.0862611623403405,0.0833035799172386,5404,97.479317981555,99.1946620636921,95.7936368395292,139.740058811803,237.293282405208,43.873794388388,NA,0.0468561886031918,0.0503584113831766,0.0435975311792964,NA,NA,NA,NA,NA,NA,NA
1972,"West Black Sea","total",0.0627533839978254,0.0593974917190919,0.0604427096999296,0.0583703483850213,2107,105.649888878481,107.509010540579,103.822916459846,-112.677031593013,-77.5829196053417,-147.164271435915,NA,0.0355963955951201,0.0382570154887767,0.0331208109983386,NA,NA,NA,NA,NA,NA,NA
1972,"West Marmara","total",0.0432226380471168,0.0405485621551046,0.0412620954211569,0.0398473678097147,1379,106.594748987112,108.470497357618,104.751437380843,-85.3152612079111,-62.5502839102849,-107.68657045652,NA,0.0260947331590201,0.0280451600211171,0.0242799505557373,NA,NA,NA,NA,NA,NA,NA
1973,"Aegean","female",0.0899581332063913,0.0847445486464444,0.0862357989241859,0.0832790861206414,2112,106.152117915806,108.020077304972,104.316460598316,-122.402390958304,-87.3914311447641,-156.807916553136,NA,0.0468458192983839,0.050347267034205,0.0435878830174817,NA,NA,NA,NA,NA,NA,NA
1973,"Central Anatolia","female",0.0354915734417336,0.0414790220120707,0.0422089285852241,0.0407617374983583,498,85.5651163409911,87.0708061528611,84.0854639796708,84.0128824641433,94.2545662831815,73.9483050676179,NA,0.0265924161841864,0.0285800419068802,0.0247430217498297,NA,NA,NA,NA,NA,NA,NA
1973,"Central East Anatolia","female",0.0338636823357428,0.0369239334267943,0.0375736840816442,0.0362854187186922,513,91.7120122179866,93.3258689896228,90.1260633962857,46.3596603034628,56.2027152504495,36.6868184072756,NA,0.0241233034510937,0.0259263776104193,0.0224456257691656,NA,NA,NA,NA,NA,NA,NA
1973,"East Black Sea","female",0.0195700439296765,0.0221446610724889,0.0225343407923323,0.0217617199692948,191,88.373643947927,89.9287554351829,86.8454245457028,25.1277859183267,28.9309877280701,21.3903517575812,NA,0.0154590255070707,0.0166144961695635,0.0143839131315973,NA,NA,NA,NA,NA,NA,NA
1973,"East Marmara","female",0.0636411203532352,0.0622443510269622,0.0633396652063327,0.0611679777931689,891,102.24400978278,104.043198172137,100.47593422845,-19.5553042247151,-4.22048723214266,-34.6249407425315,NA,0.03693753192348,0.0396983938201734,0.03436867674744,NA,NA,NA,NA,NA,NA,NA
1973,"Istanbul","female",0.0585677132789227,0.0592912231636748,0.0603345711361722,0.0582659175004409,2528,98.7797352691564,100.517962801289,97.0715663938974,31.2293734252985,76.2641464565122,-13.0266265368537,NA,0.0355459042545867,0.0382027502193713,0.0330738311252671,NA,NA,NA,NA,NA,NA,NA
1973,"Mediterranean","female",0.0368096997371099,0.0399172921492352,0.0406197169536033,0.0392270141701727,987,92.2149217925224,93.8376282666427,90.6202763036353,83.3256922135508,102.160219168749,64.8168651869667,NA,0.0257551687524204,0.0276802151848342,0.0239640014731203,NA,NA,NA,NA,NA,NA,NA
1973,"Northeast Anatolia","female",0.0825265747893086,0.0843942125661825,0.0858792979780377,0.082934808299055,454,97.7870072839304,99.5077657763742,96.0960053614009,10.2743577188982,18.4441960855526,2.24579796142081,NA,0.0466999422567797,0.0501904865471133,0.043452151131059,NA,NA,NA,NA,NA,NA,NA
1973,"Southeast Anatolia","female",0.0666069429982915,0.0759619805020387,0.0772986838809673,0.0746483923410356,1103,87.6845792567294,89.2275652689126,86.1682756473059,154.917879460372,177.053467142215,133.165075978254,NA,0.0431134493228715,0.0463359244930351,0.0401150841998461,NA,NA,NA,NA,NA,NA,NA
1973,"West Anatolia","female",0.0607594108597943,0.0633030736232971,0.0644170181498822,0.0622083922113973,2091,95.9817705240672,97.6707622555505,94.3219860292547,87.5386835260415,125.87444044219,49.8658555658712,NA,0.0374307523606755,0.0402284795659267,0.0348275957084122,NA,NA,NA,NA,NA,NA,NA
1973,"West Black Sea","female",0.053976579912619,0.0555770110471774,0.0565550000091097,0.0546159341603849,912,97.1203360806866,98.8293631563852,95.440862706966,27.0412315318999,43.565545127282,10.80266802577,NA,0.0337610848286669,0.0362845261048084,0.0314131386342512,NA,NA,NA,NA,NA,NA,NA
1973,"West Marmara","female",0.0363550677427331,0.0355736658003799,0.0361996557885551,0.0349585008727407,589,102.196574136436,103.994927800469,100.42931887277,-12.6597410656194,-2.51787843330783,-22.6262234538119,NA,0.0233750246735287,0.0251221694229154,0.0217493867384589,NA,NA,NA,NA,NA,NA,NA
1973,"Aegean","male",0.0917787630665734,0.101874977755619,0.103667672286412,0.10011328376347,2187,90.0896030492738,91.6749102780531,88.531710071591,240.583123885935,283.301317156855,198.603643752423,NA,0.0537033054172478,0.0577173096544588,0.049968458855833,NA,NA,NA,NA,NA,NA,NA
1973,"Central Anatolia","male",0.0289544409297833,0.0430935928344337,0.0438519110190209,0.0423483880229181,405,67.1896656215849,68.3720025284404,66.0277745187073,197.771268845089,208.378238100776,187.347722785411,NA,0.0274482172511539,0.0294998090385494,0.025539305331842,NA,NA,NA,NA,NA,NA,NA
1973,"Central East Anatolia","male",0.0207386240573271,0.0316556492135623,0.0322126938428137,0.0311082373930571,315,65.5131850792749,66.6660209490225,64.3802848607574,165.819242140083,174.280220926774,157.504576568131,NA,0.0211582537317822,0.0227397079732205,0.0196867832034466,NA,NA,NA,NA,NA,NA,NA
1973,"East Marmara","male",0.0693219642029243,0.0714581427109915,0.0727155920321181,0.0702224380907057,956,97.0105876992818,98.7176835321237,95.3330121720045,29.4594458941496,46.8005810569985,12.418185875389,NA,0.0411350863226847,0.0442096905675151,0.0382743083033035,NA,NA,NA,NA,NA,NA,NA
1973,"Istanbul","male",0.0811034641475175,0.0797182896112811,0.081121092781782,0.0783397447029372,2998,101.737586873716,103.527863736422,99.9782687416306,-51.2031551708237,0.651644736516573,-102.161245292571,NA,0.0447293776184848,0.0480726338648823,0.0416186312520429,NA,NA,NA,NA,NA,NA,NA
1973,"Mediterranean","male",0.0352837363107275,0.0453203096436792,0.0461178113759196,0.0445365988740614,967,77.8541377765024,79.2241374571536,76.5078290969178,275.066289111041,296.922936272357,253.587602513158,NA,0.0286127574162152,0.0307513916886243,0.0266228564628518,NA,NA,NA,NA,NA,NA,NA
1973,"Northeast Anatolia","male",0.062287086192396,0.0785232997667543,0.0799050746945419,0.0771654194659142,375,79.323062552661,80.7189109104885,77.9513521894632,97.7502795937122,106.069268803126,89.5751482150797,NA,0.0442185637438014,0.0475236396763155,0.041143342405634,NA,NA,NA,NA,NA,NA,NA
1973,"Southeast Anatolia","male",0.0498388015693351,0.0661468669453951,0.0673108537183448,0.0650030086529618,935,75.345672245486,76.6715304447131,74.0427417216848,305.947186659438,327.784140968902,284.487852370726,NA,0.0387412078422653,0.0416368838388415,0.0360469143389036,NA,NA,NA,NA,NA,NA,NA
1973,"West Anatolia","male",0.0516903734861608,0.0536267033973331,0.0545703727850749,0.0526993526064403,1767,96.389243066415,98.0854050944145,94.722412268912,66.1921112633754,98.450802692375,34.491259886353,NA,0.0328077534584437,0.0352599388569475,0.0305261075850659,NA,NA,NA,NA,NA,NA,NA
1973,"Aegean","total",0.091016241328942,0.093565890221949,0.095212369694779,0.0919478828338191,4306,97.2750231019457,98.9867722059888,95.5928747711159,120.624494848228,198.519829861931,44.0761809258029,NA,0.050442204992861,0.0542124612741546,0.0469341547079848,NA,NA,NA,NA,NA,NA,NA
1973,"Central Anatolia","total",0.0322632791753476,0.0423153191012273,0.0430599419987507,0.0415835727482085,904,76.2449152236498,77.5865974063943,74.9264343558189,281.65283645249,302.516775784346,261.149691079889,NA,0.0270369149245225,0.029057764297293,0.0251566074098814,NA,NA,NA,NA,NA,NA,NA
1973,"Central East Anatolia","total",0.0273576000394292,0.0343406740166503,0.034944967041784,0.0337468308528594,830,79.6652972686695,81.0671679326333,78.2876687413025,211.858912797178,230.19250968207,193.842353404684,NA,0.0226848561053018,0.0243804148389725,0.0211072165882774,NA,NA,NA,NA,NA,NA,NA
1973,"East Marmara","total",0.0666686979329009,0.0669986329305056,0.0681776082340707,0.0658400452997035,1853,99.5075496570998,101.258584542926,97.786794901943,9.17026384971314,41.9388839854298,-23.0316981870594,NA,0.0391297320577223,0.0420544479399255,0.0364084182747178,NA,NA,NA,NA,NA,NA,NA
1973,"Istanbul","total",0.0694341598906998,0.0691516347977556,0.0703684964867435,0.0679558159396375,5565,100.408558805255,102.175448753901,98.6722231642114,-22.6437843376998,74.88508776038,-118.486118369004,NA,0.0401038488849137,0.043101374234644,0.037314789236842,NA,NA,NA,NA,NA,NA,NA
1973,"Mediterranean","total",0.03612890854885,0.042732257021891,0.0434842167782439,0.0419933006841821,1959,84.547157268903,86.0349340495137,83.0851081740677,358.050109407444,398.823252628848,317.982044145675,NA,0.0272575385771416,0.0292948782621854,0.0253618875844045,NA,NA,NA,NA,NA,NA,NA
1973,"Northeast Anatolia","total",0.0721186204529704,0.0814467930997221,0.0828800127553936,0.080038357689529,831,88.5469122948396,90.1050727861265,87.0156966141117,107.485576135024,124.000111859396,91.2566214140488,NA,0.0454629910380618,0.0488610805456855,0.0423012248407879,NA,NA,NA,NA,NA,NA,NA
1973,"Southeast Anatolia","total",0.0581129694637211,0.0710705610257652,0.072321190069895,0.0698415587414344,2053,81.767990325352,83.2068620903285,80.3540005461161,457.762453413839,501.944353793261,414.344577627846,NA,0.040962673898071,0.0440243913345835,0.0381138864618803,NA,NA,NA,NA,NA,NA,NA
1973,"West Anatolia","total",0.0564950484405138,0.0587003148992158,0.0597332646558092,0.0576852276385998,3876,96.2431778049432,97.9367695217525,94.5788728709967,151.298441719701,222.166834031497,81.6555556481871,NA,0.0352645727000168,0.0379003907961565,0.0328120650365663,NA,NA,NA,NA,NA,NA,NA
1973,"West Black Sea","total",0.0391356014732944,0.052323632255243,0.0532443714930976,0.0514188150899069,1310,74.7952689568352,76.1114417064356,73.5018563950328,441.447676130436,472.267910295295,411.160407199636,NA,0.0321643645696499,0.03456846045661,0.0299274637777953,NA,NA,NA,NA,NA,NA,NA
1973,"West Marmara","total",0.0294076430859288,0.039429881737437,0.0401237295781704,0.0387480324031026,878,74.5821234812568,75.8945455087782,73.2923967814005,299.225800255808,319.94144898644,278.868381138731,NA,0.0254919151387655,0.0273972849216236,0.0237190560780397,NA,NA,NA,NA,NA,NA,NA
1974,"Aegean","female",0.0650326817597684,0.0645691986407024,0.0657054231760197,0.0634526225017011,1546,100.717808380502,102.490140195584,98.9761249776154,-11.0182278000311,15.9928546906087,-37.5622155948563,NA,0.0380167544105783,0.0408582818008096,0.035372843698131,NA,NA,NA,NA,NA,NA,NA
1974,"Central Anatolia","female",0.0365348929716368,0.0394186685887685,0.0401123191116643,0.0387370131601118,553,92.6842389142656,94.3152039642991,91.0814776625887,43.6494481456914,54.1486916896411,33.3317649287233,NA,0.025485847760879,0.0273907640431497,0.0237134106616181,NA,NA,NA,NA,NA,NA,NA
1974,"Central East Anatolia","female",0.0277103529320841,0.0302755230468895,0.0308082815885723,0.0297519773417917,434,91.5272475694886,93.1378530366122,89.9444938284474,40.1757362150565,48.5198091922953,31.9759548348143,NA,0.0203604152136068,0.0218822357478145,0.0189444311106042,NA,NA,NA,NA,NA,NA,NA
1974,"East Black Sea","female",0.018659153880765,0.0217739480736106,0.0221571043548219,0.0213974176011459,175,85.6948579912311,87.202830867617,84.2129620457573,29.2129529147563,32.8064893441384,25.6815584526931,NA,0.0152266107516258,0.0163647097866949,0.0141676618775135,NA,NA,NA,NA,NA,NA,NA
1974,"East Marmara","female",0.0681959812759958,0.0651859870835409,0.0663330652483999,0.0640587450036169,989,104.617547922681,106.458503475435,102.808427472211,-43.6519014850772,-27.0166059175222,-59.9995277848279,NA,0.0383007303441106,0.0411634832546635,0.0356370702599878,NA,NA,NA,NA,NA,NA,NA
1974,"Istanbul","female",0.0736196129792143,0.0692606363773001,0.070479416167669,0.0680629325869637,3677,106.293584393548,108.164033169083,104.455480737915,-217.71313807047,-156.84004857934,-277.533567149753,NA,0.0401528675457763,0.0431540567502895,0.0373603988491266,NA,NA,NA,NA,NA,NA,NA
1974,"Mediterranean","female",0.0399331399856935,0.0419896310414875,0.0427285228044744,0.0412635167161837,1131,95.1023836009368,96.7759007560099,93.4578060852407,58.2446405400713,79.1717848677526,37.6793831570342,NA,0.0268641232280714,0.0288720574441989,0.0249958326734353,NA,NA,NA,NA,NA,NA,NA
1974,"Northeast Anatolia","female",0.0789000142886656,0.0804384709281238,0.0818539471331258,0.0790474721363331,442,98.0874118792823,99.8134565930038,96.3912151485426,8.61847543084957,16.5480111635288,0.826062824660312,NA,0.0450357873185819,0.0484019458765776,0.0419037314032046,NA,NA,NA,NA,NA,NA,NA
1974,"Southeast Anatolia","female",0.0685972988744642,0.0720710186750033,0.0733392527777603,0.0708247157711396,1182,95.1801433302845,96.855028823733,93.5342211384868,59.8556630014139,81.7086037739386,38.3806186988274,NA,0.0414070072525956,0.0445019359775741,0.0385273182380314,NA,NA,NA,NA,NA,NA,NA
1974,"West Anatolia","female",0.0605153633018326,0.0625025417357842,0.0636023992984444,0.0614217036860899,2202,96.8206438030121,98.5243971920914,95.1463529196024,72.3083639064744,112.3293804027,32.9794190638868,NA,0.0370580860130532,0.0398279586144432,0.0344808467901949,NA,NA,NA,NA,NA,NA,NA
1974,"West Black Sea","female",0.0506667506532888,0.0517706415833496,0.0526816498413805,0.0508753871228685,856,97.8677279317013,99.5899068658175,96.1753301307791,18.6499158510908,34.0411351185508,3.52485240631097,NA,0.0318897349664095,0.0342733039159213,0.0296719335469559,NA,NA,NA,NA,NA,NA,NA
1974,"West Marmara","female",0.0395324794488169,0.0395621963077939,0.0402583724887326,0.0388780588965557,597,99.9248857198276,101.683264470591,98.1969140950275,0.44876934249055,10.9620785458382,-9.8827363005596,NA,0.0255634721493618,0.0274741903952522,0.0237856365894635,NA,NA,NA,NA,NA,NA,NA
1974,"Aegean","male",0.0775450357953321,0.0764068441963172,0.0777513758440634,0.0750855631384439,1892,101.489646131818,103.275559979957,99.7346155659739,-27.7704237705168,5.03443409620604,-60.0079968898872,NA,0.0433064084349268,0.0465433061566889,0.0402946237901317,NA,NA,NA,NA,NA,NA,NA
1974,"Central Anatolia","male",0.0487413544046217,0.050704979172949,0.05159723496382,0.0498281528987352,732,96.1273531705247,97.81890672062,94.4650511578754,29.4898110233739,42.8897513183364,16.3215919501745,NA,0.0313577791421895,0.0337015875422186,0.0291769730876483,NA,NA,NA,NA,NA,NA,NA
1974,"Central East Anatolia","male",0.0269504386342463,0.0304965257653409,0.0310331732930478,0.0299691583253097,418,88.3721602966174,89.9272456760523,86.8439665507359,54.9996399284582,63.3230171330285,46.8201964349874,NA,0.0204887941009803,0.0220202101972095,0.0190638817682843,NA,NA,NA,NA,NA,NA,NA
1974,"East Black Sea","male",0.0202995904130634,0.0230656994061425,0.0234715866424912,0.0226668310582545,217,88.0076951304476,89.5563670143956,86.4858039733648,29.569347917084,33.9082300568426,25.3054967885407,NA,0.0160328560634896,0.017231217163862,0.014917836105721,NA,NA,NA,NA,NA,NA,NA
1974,"East Marmara","male",0.0774094289540233,0.0727053146201728,0.0739847104320847,0.0714480430233047,1137,106.470110690567,108.343665800299,104.62895441766,-69.0946577162422,-50.3027216717612,-87.5616303441896,NA,0.0416875203212448,0.04480341573789,0.0387883227631798,NA,NA,NA,NA,NA,NA,NA
1974,"Istanbul","male",0.103247025962416,0.0952691520525561,0.0969456038329687,0.0936216906591333,4302,108.374036860808,110.281095369584,106.499956553269,-332.414548896649,-262.561732390725,-401.059421215634,NA,0.0511202992574211,0.0549412390716934,0.0475650902732316,NA,NA,NA,NA,NA,NA,NA
1974,"Mediterranean","male",0.0506442693699938,0.0522220462282773,0.0531409978562699,0.0513189857601922,1484,96.9787149829661,98.6852499514482,95.3016906211867,46.2326910195275,73.1602039031288,19.7708276871244,NA,0.0321139859747597,0.0345143163599173,0.0298805888093659,NA,NA,NA,NA,NA,NA,NA
1974,"Northeast Anatolia","male",0.0862668013911124,0.081028308684186,0.0824541642673497,0.0796271100017634,533,106.465015489023,108.338480938467,104.623947325936,-32.3660616571718,-23.5564035549702,-41.0233769359114,NA,0.0452859418723072,0.0486707980026554,0.0421364887247194,NA,NA,NA,NA,NA,NA,NA
1974,"Southeast Anatolia","male",0.062153383718778,0.0661369142280669,0.0673007258629963,0.0649932280450438,1216,93.9768425004649,95.6305535027471,92.351728635592,77.9357906113783,100.705185669214,55.5601399975887,NA,0.0387366573179698,0.0416319931897872,0.0360426802850728,NA,NA,NA,NA,NA,NA,NA
1974,"West Anatolia","male",0.0795219744151746,0.0785234863266574,0.0799052645373408,0.077165602799692,2931,101.271578906168,103.053655424165,99.5203193126442,-36.8020111292099,14.1272064272925,-86.8505247231574,NA,0.0442186437260281,0.0475237256367403,0.0411434168254221,NA,NA,NA,NA,NA,NA,NA
1974,"West Black Sea","male",0.0594755545253424,0.0599315518143875,0.0609861676535908,0.0588951731363485,1021,99.2391365228497,100.985448141311,97.5230233569866,7.82797631448102,25.9322677400928,-9.96324293051009,NA,0.0358496703555728,0.038529221038568,0.0333564715288883,NA,NA,NA,NA,NA,NA,NA
1974,"West Marmara","male",0.0564645969695723,0.0540244936851261,0.0549751629906993,0.0530902640239201,745,104.516661088335,106.355841334923,102.709285244184,-32.1949866726584,-19.6517530242598,-44.5213138750564,NA,0.0330031259148075,0.0354699142481139,0.0307078926813748,NA,NA,NA,NA,NA,NA,NA
1974,"Aegean","total",0.0716303938332242,0.0707909243990085,0.0720366326759153,0.0695667577885224,3451,101.185843300314,102.966411128394,99.4360663073763,-40.4438515893617,19.5717232742154,-99.4215947890384,NA,0.0408380620709593,0.0438904655109097,0.037997940880736,NA,NA,NA,NA,NA,NA,NA
1974,"Central Anatolia","total",0.042679237730364,0.0451189917190702,0.0459129508587097,0.0443387622810424,1287,94.5926229825854,96.2571698773198,92.9568606071587,73.5712151960713,97.5131941782543,50.0432578064449,NA,0.0285082032524411,0.0306390227199113,0.0265255736161041,NA,NA,NA,NA,NA,NA,NA
1974,"Central East Anatolia","total",0.0273955228836517,0.0304375138645503,0.0309731229595213,0.0299111668999424,854,90.0057836706515,91.5896159293755,88.4493401568026,94.82791435376,111.524444259316,78.4201126233753,NA,0.0204545378501539,0.0219833934943789,0.0190320079004342,NA,NA,NA,NA,NA,NA,NA
1974,"East Black Sea","total",0.0195329586019256,0.0224624221564458,0.0228576935197907,0.0220739861043951,392,86.9583808276902,88.4885879222168,85.4546351538641,58.7903623191372,66.7229227463085,50.994977323602,NA,0.015657575845314,0.0168278869704714,0.0145686551010206,NA,NA,NA,NA,NA,NA,NA
1974,"East Marmara","total",0.0731948700709274,0.0692593937811964,0.0704781517055945,0.0680617114787083,2137,105.682227456631,107.541918180863,103.854695816487,-114.900304119751,-79.3174049095328,-149.867878731698,NA,0.0401523089033661,0.0431534563526653,0.0373598790580248,NA,NA,NA,NA,NA,NA,NA
1974,"Istanbul","total",0.087721790209627,0.0816769743462443,0.0831142445025474,0.0802645584795345,8039,107.400881229706,109.290815113614,105.54362941594,-553.958994790334,-422.244688015358,-683.395604842944,NA,0.0455602218569713,0.0489655787928484,0.0423916936515333,NA,NA,NA,NA,NA,NA,NA
1974,"Mediterranean","total",0.0455324811311444,0.0473370439377766,0.0481700341542234,0.0465184583758603,2624,96.1878422129523,97.8804601890515,94.5244941811034,103.99549260152,152.000043938421,56.8210698354592,NA,0.0296523273297277,0.031868663300483,0.0275901285152427,NA,NA,NA,NA,NA,NA,NA
1974,"Northeast Anatolia","total",0.0830887912415358,0.0809938203211225,0.0824190690123759,0.079593218035807,979,102.586581188672,104.391797808899,100.812581647894,-24.6841541492947,-7.89105308370085,-41.1868570630713,NA,0.0452713348009536,0.0486550991391698,0.0421228975157935,NA,NA,NA,NA,NA,NA,NA
1974,"Southeast Anatolia","total",0.0653812234666546,0.0690834898049901,0.0702991523461742,0.0678888493581655,2406,94.6408811297949,96.3062772234049,93.0042842404383,136.24175776671,180.977599633922,92.2795196399502,NA,0.0400731891957883,0.0430684229152157,0.0372862618044484,NA,NA,NA,NA,NA,NA,NA
1974,"West Anatolia","total",0.0704224468759839,0.0708705888834462,0.0721176990167135,0.0696450446584885,5159,99.3676615158379,101.116234789291,97.6493258051166,32.8299387348688,124.190598054986,-56.9508476057554,NA,0.0408735808526858,0.0439286391113525,0.0380309894755946,NA,NA,NA,NA,NA,NA,NA
1974,"West Black Sea","total",0.0551349563849404,0.0559193660239298,0.056903379408227,0.0549523688933343,1878,98.5972486908135,100.332265005646,96.8922355022189,26.7184631785533,60.2358042064097,-6.21927234044051,NA,0.0339272641675702,0.036463126365763,0.0315677608757344,NA,NA,NA,NA,NA,NA,NA
1974,"West Marmara","total",0.0474281473256354,0.0463476726877938,0.0471632529330397,0.0455461960315722,1342,102.331238172669,104.131961520472,100.561654203479,-30.5724985213517,-7.49530173343533,-53.2506281405531,NA,0.0291440970109907,0.0313224457733785,0.0271172435489675,NA,NA,NA,NA,NA,NA,NA
1975,"Aegean","female",0.0676698481941767,0.0674901734672931,0.0686777984123243,0.0663230857707274,1652,100.266223536928,102.030608811093,98.5323492577673,-4.38633537288342,24.6067311338095,-32.8780333177947,NA,0.0393531250642477,0.0422945382515383,0.0366162752058417,NA,NA,NA,NA,NA,NA,NA
1975,"Central Anatolia","female",0.0318609139317325,0.0362477325290272,0.0368855840730474,0.0356209111639357,516,87.8976744441,89.4444102934401,86.3776858423492,71.0462481099644,81.3765040913099,60.8946302034523,NA,0.0237495434290014,0.0255246812387726,0.0220978592370915,NA,NA,NA,NA,NA,NA,NA
1975,"Central East Anatolia","female",0.0262176705792656,0.0309700949006994,0.0315150758270245,0.0304345381690578,425,84.6547957419192,86.1444666373173,83.1908852866655,77.0388936920552,85.8732748010825,68.3572829341686,NA,0.0207630874862243,0.0223150053895963,0.0193190991637221,NA,NA,NA,NA,NA,NA,NA
1975,"East Black Sea","female",0.0220648484716815,0.0259455647475296,0.0264021289897599,0.0254968957363001,199,85.0428529360972,86.5393524760257,83.572231922052,34.9996756100509,39.117369158703,30.9531881234373,NA,0.0177951971136041,0.0191252827770663,0.0165576135005833,NA,NA,NA,NA,NA,NA,NA
1975,"East Marmara","female",0.0555333968217086,0.0555205590928447,0.0564975546694329,0.0545604584130752,826,100.023122477644,101.783229901163,98.2934520735179,-0.190947513541346,14.3408188189375,-14.4714202898724,NA,0.0337336498750505,0.0362550405507825,0.031387611670122,NA,NA,NA,NA,NA,NA,NA
1975,"Istanbul","female",0.0769775233495,0.0721292699153224,0.0733985290654682,0.0708819596899124,4348,106.721617229551,108.599598101201,104.876111728124,-273.848845929925,-202.155986187252,-344.301942159832,NA,0.041432807012739,0.0445296641170925,0.0385513237297455,NA,NA,NA,NA,NA,NA,NA
1975,"Mediterranean","female",0.0313612085954867,0.035379605426645,0.036002180533381,0.0347677963279056,930,88.6420530056789,90.2018876885657,87.1091920846539,119.163425784395,137.625560223556,101.020551599708,NA,0.0232668397247854,0.0250058982895455,0.0216487256130757,NA,NA,NA,NA,NA,NA,NA
1975,"Northeast Anatolia","female",0.0679306857027969,0.0754187066946804,0.0767458500815024,0.0741145132076551,386,90.0714009560023,91.6563878824485,88.5138227417586,42.5489022076515,50.0900795417739,35.1381322325881,NA,0.0428772173170362,0.0460820355429013,0.0398952811696173,NA,NA,NA,NA,NA,NA,NA
1975,"Southeast Anatolia","female",0.0635892308776612,0.0804856882265758,0.0819019953146322,0.0790938729199465,1134,79.0068797059308,80.3971641925057,77.6406369995978,301.318043467644,326.575342788434,276.497511186727,NA,0.0450558389302022,0.0484234962274911,0.0419223885067563,NA,NA,NA,NA,NA,NA,NA
1975,"West Anatolia","female",0.0548992615602383,0.0580499408549739,0.0590714459760174,0.0570461003211955,2100,94.5724676919018,96.2366599138776,92.9370538559815,120.519408292676,159.593900248047,82.1206200207857,NA,0.0349537975760605,0.0375663870710055,0.0325229030590275,NA,NA,NA,NA,NA,NA,NA
1975,"West Black Sea","female",0.0483235454813682,0.0527233226984986,0.05365109529123,0.0518115938040204,817,91.6549697706065,93.2678227659897,90.0700073671512,74.3864704170248,90.0722029250795,58.9719866623935,NA,0.0323622677952465,0.0347811557770307,0.0301116036386256,NA,NA,NA,NA,NA,NA,NA
1975,"West Marmara","female",0.0415309890044205,0.0415494958569487,0.0422806425587289,0.0408309926597885,581,99.9554582982381,101.714375034828,98.2269579908415,0.258902606863899,10.4873186383026,-9.79263643800812,NA,0.02662997587104,0.0286204089580294,0.0247779693131612,NA,NA,NA,NA,NA,NA,NA
1975,"Aegean","male",0.0886873651412482,0.0851052461235111,0.086602843596694,0.0836335461624485,2244,104.209046070484,106.04281321395,102.406989722256,-90.6360794798661,-52.7433230035604,-127.873567676349,NA,0.0469957593259695,0.0505084141914334,0.0437273953257288,NA,NA,NA,NA,NA,NA,NA
1975,"Central Anatolia","male",0.0397975202631457,0.045167965772321,0.045962786708639,0.0443868894404116,630,88.1100567241699,89.6605298656329,86.5863954581882,85.0148614388327,97.5969817963166,72.6503199837554,NA,0.0285336510728789,0.0306663726143141,0.0265492516440884,NA,NA,NA,NA,NA,NA,NA
1975,"Central East Anatolia","male",0.0266093190563024,0.0310607817023633,0.0316073584448246,0.0305236567505644,420,85.6685427665132,87.176052573748,84.1871018824712,70.2616368118881,78.888773468337,61.7836866892935,NA,0.0208154901097053,0.0223713247990381,0.0193678573977826,NA,NA,NA,NA,NA,NA,NA
1975,"East Black Sea","male",0.0241377597549961,0.0259812996532825,0.0264384927228411,0.0255320126888499,246,92.9043584313014,94.5391969256592,91.2977907176329,18.7884385121779,23.4479220870002,14.2095300147745,NA,0.0178167722962225,0.0191484705768926,0.016577688216964,NA,NA,NA,NA,NA,NA,NA
1975,"East Marmara","male",0.061704171327405,0.0618594271056666,0.0629479677767264,0.0607897102478991,950,99.7490184026496,101.504302415288,98.0240879995791,2.39032444931331,19.149542104466,-14.0790809898588,NA,0.036757475075728,0.0395048787887174,0.0342011421214294,NA,NA,NA,NA,NA,NA,NA
1975,"Istanbul","male",0.116049124748663,0.103914875441352,0.105743466062678,0.102117906099192,5367,111.677105184195,113.642287804001,109.745905888764,-561.180587732874,-476.612557720478,-644.286207704221,NA,0.0544864276031659,0.0585589655888698,0.0506971180774975,NA,NA,NA,NA,NA,NA,NA
1975,"Mediterranean","male",0.038492302187374,0.041303126204808,0.0420299375384962,0.0405888834054963,1185,93.1946458398909,94.834592523335,91.5830582715428,86.5322745427231,108.907434807962,64.5440413353583,NA,0.0264985882165194,0.0284792008539505,0.0246557191358572,NA,NA,NA,NA,NA,NA,NA
1975,"Northeast Anatolia","male",0.0804550561533112,0.0865578021257711,0.0880809602347283,0.0850609835414819,502,92.9495137092409,94.5851468012658,91.3421651386467,38.0781348575167,47.5818926976639,28.7387227032162,NA,0.0475970193256074,0.0511546148174901,0.0442868401368094,NA,NA,NA,NA,NA,NA,NA
1975,"Southeast Anatolia","male",0.0626470494473065,0.0735210450589562,0.0748147952837812,0.0722496672758111,1269,85.2096830194267,86.7091182692277,83.7361770618752,220.267363793249,246.474009593604,194.513901801902,NA,0.0420469213147461,0.0451896798285426,0.039122728878725,NA,NA,NA,NA,NA,NA,NA
1975,"West Anatolia","male",0.0692887851769311,0.0701822492983835,0.0714172467162751,0.0689686083271814,2689,98.7269371808621,100.464235624751,97.0196813273971,34.6740820531149,82.6025895053735,-12.425611832829,NA,0.0405661889292709,0.0435982714609599,0.0377449754107538,NA,NA,NA,NA,NA,NA,NA
1975,"West Black Sea","male",0.0570449180490159,0.0589135864060973,0.059950289102543,0.0578948111041133,994,96.8281198428483,98.5320047878401,95.1536996784827,32.5612939849073,50.6256985893897,14.8092718099956,NA,0.0353662237197666,0.0380096396280116,0.032906646641154,NA,NA,NA,NA,NA,NA,NA
1975,"West Marmara","male",0.0602043779074961,0.0570503200761772,0.0580542348650068,0.0560637656901775,753,105.528554138009,107.385540672028,103.703679925313,-39.4490505430068,-26.8926906525328,-51.7882769992498,NA,0.0344737979442788,0.0370505103076233,0.0320762854502015,NA,NA,NA,NA,NA,NA,NA
1975,"Aegean","total",0.0785798230844329,0.0766679211185763,0.0780170469383256,0.075342125334363,3907,102.493744369173,104.297327339388,100.721350228178,-95.0600381547765,-27.9813101701516,-160.97879344843,NA,0.0434194495966511,0.0466647964762185,0.040399803398626,NA,NA,NA,NA,NA,NA,NA
1975,"Central Anatolia","total",0.0359679475322665,0.0408245598852579,0.04154294988485,0.0401185927923911,1152,88.1036994234808,89.6540606954893,86.5801480924285,155.550088745737,178.55905468097,132.939010083187,NA,0.0262427064983587,0.0282041934917917,0.0244176329509094,NA,NA,NA,NA,NA,NA,NA
1975,"Central East Anatolia","total",0.026503397279552,0.0310906252880312,0.0316377271882295,0.0305529842598928,848,85.2456231871118,86.7456908762372,83.7714957268242,146.772480152633,164.277496829348,129.57017257476,NA,0.0208327263352734,0.0223898493304547,0.0193838949139359,NA,NA,NA,NA,NA,NA,NA
1975,"East Black Sea","total",0.0231645731157093,0.0259645139536299,0.0264214116451419,0.025515517259359,445,89.2162786373702,90.7862179717819,87.6734878015822,53.7878970033634,62.565070306202,45.1625047739237,NA,0.0178066386911694,0.0191375795448378,0.0165682593629445,NA,NA,NA,NA,NA,NA,NA
1975,"East Marmara","total",0.0589283972609067,0.0589537234870096,0.0599911324758837,0.057934254106304,1784,99.9570404978603,101.715985076426,98.2285128299516,0.766726900231788,32.1732765804709,-30.0967185643751,NA,0.0353853399267734,0.038030184658353,0.0329244333936803,NA,NA,NA,NA,NA,NA,NA
1975,"Istanbul","total",0.0950515408018584,0.0869528547630099,0.0884829646153464,0.0854492046497922,9767,109.313881713167,111.237478676859,107.423548945344,-832.178688258435,-674.952589641856,-986.685922248584,NA,0.0477598412003129,0.0513296066636693,0.04443833841208,NA,NA,NA,NA,NA,NA,NA
1975,"Mediterranean","total",0.0360006374703178,0.0392179450916718,0.0399080634821114,0.0385397607153459,2177,91.796338095141,93.4116787496891,90.2089310508762,194.554296363849,236.286550055904,153.543706246415,NA,0.0253771525675059,0.0272739445273841,0.0236122747770451,NA,NA,NA,NA,NA,NA,NA
1975,"Northeast Anatolia","total",0.0746471874866024,0.0813907197634295,0.0828229526963008,0.0799832540129293,890,91.7146177151058,93.3285203356889,90.1286238373103,80.4014716221329,97.4776315308271,63.6206047184741,NA,0.0454392887415014,0.048835606642739,0.0422791709425916,NA,NA,NA,NA,NA,NA,NA
1975,"Southeast Anatolia","total",0.0633676160708465,0.0770061155248325,0.0783611925533655,0.0756744714443371,2414,82.2890696913703,83.7371108927494,80.8660690400952,519.560932276718,571.182819759775,468.831726893295,NA,0.0435656614583637,0.04682193680924,0.0405358468197796,NA,NA,NA,NA,NA,NA,NA
1975,"West Anatolia","total",0.0626110864432081,0.0645456245926682,0.0656814342953355,0.0634294561127373,4826,97.0028361152773,98.7097955434543,95.3253946338601,149.11226812464,236.659345430894,63.0791166470244,NA,0.0380058813817824,0.0408465960774631,0.0353627268442834,NA,NA,NA,NA,NA,NA,NA
1975,"West Black Sea","total",0.0527784609651522,0.0558933652923987,0.0568769211416834,0.0549268177847974,1812,94.4270588987597,96.088692361421,92.794159574282,106.941478356054,140.709101858386,73.757788423716,NA,0.0339146554767132,0.0364495752498889,0.031556029068066,NA,NA,NA,NA,NA,NA,NA
1975,"West Marmara","total",0.0503458117137358,0.0489123904526985,0.0497731020502302,0.0480665628873773,1334,102.930589259226,104.741859391317,101.15064088818,-37.9809937934135,-15.1749403795588,-60.3926688410656,NA,0.030454714541523,0.0327310242074353,0.0283367129585563,NA,NA,NA,NA,NA,NA,NA
1976,"Aegean","female",0.0565688921084927,0.0568218901171695,0.0578217852227832,0.0558392859031875,1407,99.5547525642756,101.306618079913,97.8331815431446,6.29264928020075,31.1623676211634,-18.147004344642,NA,0.0343637080084168,0.0369321918006223,0.0319738518218091,NA,NA,NA,NA,NA,NA,NA
1976,"Central Anatolia","female",0.0360740460176698,0.0404834231965015,0.0411958102119492,0.0397833552799421,565,89.1081908824036,90.6762281960102,87.5672691763353,69.0606788276425,80.2182479988643,58.0960542146371,NA,0.0260597664657617,0.0280075797744878,0.0242474156538384,NA,NA,NA,NA,NA,NA,NA
1976,"Central East Anatolia","female",0.0265917175763947,0.0364691087642138,0.0371108558670336,0.0358384592050739,406,72.9157319097648,74.1988304358518,71.6548216286672,150.807138002038,160.605276200381,141.178436122393,NA,0.0238721188782084,0.0256564184773455,0.0222119100621356,NA,NA,NA,NA,NA,NA,NA
1976,"East Black Sea","female",0.02106402764106,0.0248488006764724,0.0252860651554528,0.02441909768337,182,84.7687899118773,86.2604667632952,83.3029081890095,32.7016610585109,36.4797673414385,28.9888884550334,NA,0.0171295841108452,0.0184099191417782,0.0159382911761222,NA,NA,NA,NA,NA,NA,NA
1976,"East Marmara","female",0.0475796191680581,0.0475871750294697,0.0484245668040803,0.0467642640242384,711.926966292135,99.9841220635456,101.743543196568,98.2551260820965,0.113057262470193,12.64282938172,-12.2000411970495,NA,0.029780287078508,0.0320061872831552,0.0277091891837146,NA,NA,NA,NA,NA,NA,NA
1976,"Istanbul","female",0.0778891738230807,0.0717134292752558,0.072975370875425,0.0704733100595859,3994,108.611698827176,110.522939474852,106.733508701236,-316.679745249827,-251.969920974067,-380.270561588899,NA,0.041248457572119,0.0443315356468575,0.0383797950432496,NA,NA,NA,NA,NA,NA,NA
1976,"Mediterranean","female",0.0362772772421202,0.0387441293859826,0.039425910038904,0.0380741385651345,1090,93.6329653473776,95.2806251415502,92.0137980488545,74.1199186163849,94.604943077414,53.9891356513258,NA,0.0251199336680821,0.0269975000375771,0.0233729444063546,NA,NA,NA,NA,NA,NA,NA
1976,"Northeast Anatolia","female",0.0659743659142831,0.0670250537361021,0.0682044939667251,0.0658660092180886,379,98.4323954055213,100.164510796207,96.7302329762464,6.03583951055714,12.8113172466661,-0.622471884171716,NA,0.0391417548219061,0.0420673693345753,0.036419604904531,NA,NA,NA,NA,NA,NA,NA
1976,"Southeast Anatolia","female",0.0581096991908398,0.0676017935613819,0.0687913826858084,0.0664327756513971,1067,85.9588128206638,87.4714305116014,84.4723523820488,174.292154913873,196.135179631564,152.826855190717,NA,0.0394037707962838,0.0423489694522976,0.0366633987331145,NA,NA,NA,NA,NA,NA,NA
1976,"West Anatolia","female",0.0578966759799142,0.0591922039119787,0.0602338094421721,0.0581686105595072,2212,97.8113199941145,99.5325063174496,96.1198976390466,49.4969311661484,89.2925048116408,10.3895306574855,NA,0.0354988290472005,0.0381521564188473,0.0330300298071708,NA,NA,NA,NA,NA,NA,NA
1976,"West Black Sea","female",0.0457942358315805,0.048278967016256,0.0491285322581742,0.0474440930559028,775,94.8533878451896,96.5225234206116,93.2131161397786,42.0504160219125,56.428056581481,27.9214037668901,NA,0.0301330865879595,0.0323853564678963,0.0280374529215873,NA,NA,NA,NA,NA,NA,NA
1976,"West Marmara","female",0.0458501664392545,0.0422234704850864,0.0429664771220184,0.0414933124431411,591,108.589289114567,110.500135418409,106.711486513188,-46.7474270077741,-37.170211557344,-56.1590264915269,NA,0.0269882256081496,0.0290054357426887,0.0251113042375163,NA,NA,NA,NA,NA,NA,NA
1976,"Aegean","male",0.0712782193114233,0.0689451844272612,0.0701584132079708,0.0677529356546085,1840,103.383898242557,105.203145255264,101.596110932745,-60.225749581404,-28.9070525366287,-91.0028616203065,NA,0.0400109287571438,0.0430015088772707,0.0372283313261924,NA,NA,NA,NA,NA,NA,NA
1976,"Central Anatolia","male",0.0488613672075666,0.0506075119306607,0.0514980525899457,0.0497323711287679,761,96.5496333321295,98.2486177484962,94.8800289529903,27.195639627309,41.0655225316685,13.5656045238846,NA,0.0313089450237941,0.0336491033624977,0.0291315351836527,NA,NA,NA,NA,NA,NA,NA
1976,"Central East Anatolia","male",0.028725811208339,0.0399991841077887,0.0407030499653913,0.0393074899952008,433,71.8159928735784,73.0797392859383,70.5741000558036,169.929769086718,180.539527472009,159.503482129029,NA,0.0257993071152141,0.027727652629014,0.0240050701922258,NA,NA,NA,NA,NA,NA,NA
1976,"East Black Sea","male",0.0246033127671311,0.0279199375285694,0.0284112448192332,0.0274371262702126,238,88.1209449052509,89.6716096460945,86.59709535316,32.0833499412672,36.8360081009521,27.4128780996692,NA,0.018976939916094,0.0203953538599038,0.0176571708955259,NA,NA,NA,NA,NA,NA,NA
1976,"East Marmara","male",0.0511639082838326,0.0517006820808009,0.0526104592610898,0.0508066374093972,795.298429319372,98.9617665079748,100.703197244794,97.2504498201044,8.34368155107529,22.4853760928689,-5.5534648311808,NA,0.0318549229243272,0.0342358898797282,0.0296395425408724,NA,NA,NA,NA,NA,NA,NA
1976,"Istanbul","male",0.102738993047684,0.0939785261483443,0.0956322667777873,0.0923533831686444,4448,109.321775152668,111.245511017257,107.43130588592,-379.277191768634,-307.679854656829,-449.63641721238,NA,0.0506069494918361,0.0543895194493886,0.0470874418968237,NA,NA,NA,NA,NA,NA,NA
1976,"Mediterranean","male",0.0416146106862957,0.0439829978270831,0.0447569668761032,0.0432224127969243,1284,94.6152212041148,96.280165759874,92.9790680442975,73.0755145517319,96.9559796708979,49.6080072840123,NA,0.0279155143746092,0.0300020338562873,0.0259741038401536,NA,NA,NA,NA,NA,NA,NA
1976,"Northeast Anatolia","male",0.0719863327233719,0.0698020726355689,0.0710303800826828,0.0685950059474499,449,103.129219527917,104.943984957914,101.345836302124,-13.6238747317812,-5.96255871678903,-21.1527058648817,NA,0.0403959336684983,0.0434152906270995,0.0375865607111967,NA,NA,NA,NA,NA,NA,NA
1976,"Southeast Anatolia","male",0.0517617672868536,0.0589086551195097,0.0599452710400789,0.0578899650928124,1064,87.8678475715376,89.4140585572409,86.3483747571116,146.909370613345,168.217749312496,125.96947143256,NA,0.0353638747708268,0.0380071151090408,0.0329044610520633,NA,NA,NA,NA,NA,NA,NA
1976,"West Anatolia","male",0.0686300629467036,0.0699602318889179,0.0711913224652623,0.0687504301994023,2679,98.0986784830469,99.8249214552555,96.4022869222461,51.923638755211,99.9797166956887,4.69858041992711,NA,0.0404668040774889,0.0434914581797158,0.037652502371365,NA,NA,NA,NA,NA,NA,NA
1976,"West Black Sea","male",0.0624522418310785,0.0627221766081895,0.0638258990868797,0.0616375404773207,1093,99.5696342319284,101.321761620351,97.8478058665004,4.72422931078108,24.0408884704525,-14.2583925500362,NA,0.0371604989391488,0.0399380263006343,0.0345761373136396,NA,NA,NA,NA,NA,NA,NA
1976,"West Marmara","male",0.0545871811117094,0.0503942444553769,0.0512810322457536,0.0495227916251348,642,108.320268914926,110.226381268871,106.447118400643,-49.3131405312303,-38.8836266815093,-59.5622998690341,NA,0.0312019849870163,0.0335341486960131,0.0290320137825874,NA,NA,NA,NA,NA,NA,NA
1976,"Aegean","total",0.064594739900902,0.0634372869801367,0.0645535932598833,0.0623402846561777,3275,101.824562455087,103.616369827565,100.063740279884,-58.6836996529728,-2.08616443913297,-114.302510356097,NA,0.0374930674649913,0.0402954523554786,0.0348855770505644,NA,NA,NA,NA,NA,NA,NA
1976,"Central Anatolia","total",0.0431075230201977,0.0460755032993823,0.0468862941784388,0.0452787331882517,1347,93.5584419775086,95.2047903835408,91.9405633896765,92.7418036566041,118.076947909205,67.8447725933681,NA,0.0290036936164415,0.0311715480560637,0.0269866046397004,NA,NA,NA,NA,NA,NA,NA
1976,"Central East Anatolia","total",0.0278144096267073,0.0383307986852847,0.0390053059556457,0.0376679554705343,844,72.5641274920402,73.8410388332999,71.3092974026048,319.109141073295,339.576378876466,298.995837186657,NA,0.0248948105948278,0.0267555503469867,0.0231634777276091,NA,NA,NA,NA,NA,NA,NA
1976,"East Black Sea","total",0.0229335104950265,0.0264733211856091,0.0269391723607152,0.0260155258376995,420,86.6287623461961,88.1531691425326,85.1307166677101,64.827427548308,73.3589383951528,56.4434496063466,NA,0.0181131259341077,0.0194669748952425,0.0168534316641579,NA,NA,NA,NA,NA,NA,NA
1976,"East Marmara","total",0.0500448296509341,0.0502200138404222,0.0511037356937315,0.0493515739289006,1527.22539561151,99.6511665846116,101.404728698283,97.9279283042174,5.34612156664252,32.3147907867135,-21.1561863978263,NA,0.0311144943969496,0.0334401187021514,0.0289506078073676,NA,NA,NA,NA,NA,NA,NA
1976,"Istanbul","total",0.0910703427375986,0.083353837924524,0.0848206158582214,0.0819124245497256,8621,109.257527913786,111.180133219367,107.368169655622,-730.468185292682,-591.618454564868,-866.916828512808,NA,0.0462653105221913,0.04972336866273,0.0430477462666195,NA,NA,NA,NA,NA,NA,NA
1976,"Mediterranean","total",0.0396089163652336,0.0419223993914929,0.0426601080787735,0.0411974476833151,2413,94.4815109348708,96.1441025903047,92.8476699873667,140.938835359397,185.880510763839,96.7743231141571,NA,0.0268284041528235,0.0288336685794793,0.0249625977146551,NA,NA,NA,NA,NA,NA,NA
1976,"Northeast Anatolia","total",0.0696673731372729,0.0689054527147264,0.0701179823362769,0.0677138910108792,835,101.105747647724,102.884906032176,99.3573557253218,-9.13201580850091,5.400787545512,-23.4135076734515,NA,0.0399930343670251,0.0429822769873984,0.037211681418157,NA,NA,NA,NA,NA,NA,NA
1976,"Southeast Anatolia","total",0.0554310415949193,0.0635859582389049,0.0647048806875903,0.0624863849866459,2158,87.1749724784425,88.7089909374107,85.667481348977,317.481137127577,361.042191994791,274.673370755161,NA,0.0375620405558759,0.0403695807766897,0.0349497533433875,NA,NA,NA,NA,NA,NA,NA
1976,"West Anatolia","total",0.0649358336333539,0.0659163212013305,0.0670762510595833,0.0647764496685626,5020,98.5125268672354,100.246052331684,96.808978748189,75.7986356043994,165.469431567481,-12.3215096886279,NA,0.038635735285897,0.0415235278331233,0.0359487769700329,NA,NA,NA,NA,NA,NA,NA
1976,"West Black Sea","total",0.0544610900313582,0.0558167313874421,0.0567989387094899,0.0548515090873935,1875,97.5712634502476,99.2882254972907,95.8839923223053,46.6723589482656,80.4880377710576,13.4414447019831,NA,0.0338774813992898,0.0364096226301929,0.0315214402965965,NA,NA,NA,NA,NA,NA,NA
1976,"West Marmara","total",0.0500187171032022,0.046136036290763,0.0469478923691939,0.0453382194004367,1233,108.415722555725,110.323514607899,106.540921389739,-95.7110801514557,-75.6982009198671,-115.377882555498,NA,0.0290349429097128,0.0312051330490583,0.0270156806716684,NA,NA,NA,NA,NA,NA,NA
1977,"Aegean","female",0.0641955973428664,0.0618604882420723,0.0629490475859552,0.0607907530343854,1642,103.774799014932,105.60092471063,101.980251973168,-59.7276028607578,-31.8843469890337,-87.0893735074353,NA,0.036757971988743,0.0395054128430393,0.0342016044761644,NA,NA,NA,NA,NA,NA,NA
1977,"Central Anatolia","female",0.0407161447000818,0.0431188751880087,0.0438776382663073,0.0423732331761968,616,94.4276596329324,96.0893036667171,92.794749920136,36.3512309788995,47.8306590945732,25.0703132333833,NA,0.027461540790648,0.0295141284337653,0.0255517022733308,NA,NA,NA,NA,NA,NA,NA
1977,"Central East Anatolia","female",0.0261902063449203,0.0305996175534303,0.0311380791878856,0.0300704673774641,375,85.5899793492167,87.0961066755756,84.1098970392164,63.135401890866,70.8452729114093,55.5588553996312,NA,0.0205485979193109,0.0220844839970116,0.0191195264741819,NA,NA,NA,NA,NA,NA,NA
1977,"East Black Sea","female",0.0167349929750103,0.0178088850673388,0.0181222681135303,0.0175009212618865,138,93.9699083448072,95.6234973267137,92.3449143902454,8.85552261435816,11.4397400346469,6.31599330497176,NA,0.0126858706886017,0.0136340644413164,0.0118036199565146,NA,NA,NA,NA,NA,NA,NA
1977,"East Marmara","female",0.0438861789429677,0.0461104267791704,0.0469218322068882,0.0453130527465872,662,95.1762584049482,96.8510755353447,93.53040339402,33.5516124445405,45.7912379049208,21.5236432231573,NA,0.0290217239223385,0.0311909260206142,0.0270033810111243,NA,NA,NA,NA,NA,NA,NA
1977,"Istanbul","female",0.0880415938043867,0.0816985862142539,0.0831362366747149,0.0802857966198745,4076,107.7639135315,109.660235696774,105.900383907038,-293.657779467562,-227.09988309578,-359.064709736056,NA,0.0455693453799471,0.0489753842451693,0.0424001826705777,NA,NA,NA,NA,NA,NA,NA
1977,"Mediterranean","female",0.0369412885179273,0.0400337792091106,0.0407382538368971,0.0393414868536226,1122,92.2752966313019,93.8990655217844,90.6796070981057,93.9267333304806,115.323402588318,72.9000703736481,NA,0.0258179453605091,0.0277476839728346,0.0240224122233343,NA,NA,NA,NA,NA,NA,NA
1977,"Northeast Anatolia","female",0.0598969226146121,0.0634782201827412,0.0645952467642738,0.0623805100129627,347,94.3582262422934,96.0186484563296,92.7265172206754,20.7474808703716,27.2187352666243,14.3881319708635,NA,0.0375120633563155,0.0403158680772521,0.0349032518548746,NA,NA,NA,NA,NA,NA,NA
1977,"Southeast Anatolia","female",0.0562936813870003,0.0608945661655456,0.0619661281734595,0.0598415343639021,1065,92.4445068447692,94.0712533282871,90.8458912091771,87.0424915980407,107.314989510957,67.1205600220876,NA,0.0363043964418943,0.0390179352085483,0.0337795732645915,NA,NA,NA,NA,NA,NA,NA
1977,"West Anatolia","female",0.0695178094275865,0.068110986615919,0.0693095360132612,0.0669331633803792,2665,102.065485880568,103.861532783859,100.300497487511,-53.9312562344089,-7.98426552486717,-99.0836991631954,NA,0.0396344216424081,0.0425968600840638,0.0368780087505999,NA,NA,NA,NA,NA,NA,NA
1977,"West Black Sea","female",0.0451155943441308,0.047579874210472,0.0484171375125314,0.0467570894561537,765,94.820751615609,96.4893128911237,93.1810442789063,41.7854208762346,55.982428261083,27.833918159629,NA,0.0297765552015452,0.0320021764704765,0.0277057168436226,NA,NA,NA,NA,NA,NA,NA
1977,"West Marmara","female",0.0424234201527132,0.0402634741608106,0.0409719907318958,0.0395672097581589,498,105.364529606352,107.218629799806,103.542491821584,-25.3551717446505,-17.0380381630036,-33.5284795843382,NA,0.0259415753615386,0.0278805545847374,0.0241374442604089,NA,NA,NA,NA,NA,NA,NA
1977,"Aegean","male",0.0730007720626914,0.0683774236939341,0.0695806615859694,0.0671949930404597,1941,106.761512965817,108.640195882952,104.91531755917,-122.929099654608,-90.9364962553598,-154.368464383832,NA,0.0397548586463926,0.0427262990412904,0.036990069850593,NA,NA,NA,NA,NA,NA,NA
1977,"Central Anatolia","male",0.0450209773037209,0.0468416502726727,0.0476659230441336,0.046031631407533,685,96.1131323120484,97.8044356176203,94.4510762165169,27.7017750040911,40.2431919671576,15.3772330716166,NA,0.0293982688331722,0.0315956154349537,0.0273537387542498,NA,NA,NA,NA,NA,NA,NA
1977,"Central East Anatolia","male",0.0278902240483654,0.0314793109497097,0.0320332525535845,0.0309349484948768,400,88.5985849338378,90.1576547088299,87.066475693379,51.4744793031464,59.4190781405637,43.667264074056,NA,0.0210568231838498,0.0226306960921462,0.0195924067377579,NA,NA,NA,NA,NA,NA,NA
1977,"East Black Sea","male",0.0206877771985389,0.0213610723511915,0.0217369632560976,0.0209916816170187,189,96.8480273762329,98.5522626341978,95.1732629567545,6.15110954792854,9.58518467090829,2.77641887484856,NA,0.0149667658755498,0.0160854430440227,0.0139258881561711,NA,NA,NA,NA,NA,NA,NA
1977,"East Marmara","male",0.0542285568846212,0.0539618998953047,0.0549114677376217,0.0530287526500744,857,100.494157896282,102.262554132593,98.7563420153626,-4.21410881964789,10.7923690882398,-18.9610841238931,NA,0.0329724151501455,0.0354369080355547,0.0306793177255406,NA,NA,NA,NA,NA,NA,NA
1977,"Istanbul","male",0.110750100474833,0.101142495650263,0.102922300689513,0.0993934682554741,4525,109.499078268537,111.425934137008,107.605542951215,-392.545123162737,-319.826292497316,-464.00644850229,NA,0.053420466261519,0.0574133299458213,0.0497052900135049,NA,NA,NA,NA,NA,NA,NA
1977,"Mediterranean","male",0.0454810554541574,0.0484745762816738,0.0493275836608862,0.047636319707893,1407,93.8245549375785,95.4755861347986,92.2020745366879,92.6074331885479,118.99603324559,66.6751634218897,NA,0.0302325519682198,0.0324922562966458,0.0281300008890263,NA,NA,NA,NA,NA,NA,NA
1977,"Northeast Anatolia","male",0.0630451021743976,0.0657229239366736,0.0668794505822214,0.0645863967658554,393,95.9255894262157,97.6135925386185,94.2667764545855,16.6925568565712,23.9019189802613,9.60786410921071,NA,0.0385471548282866,0.0414283265105695,0.0358663569231262,NA,NA,NA,NA,NA,NA,NA
1977,"Southeast Anatolia","male",0.0502456849785718,0.0552851255760705,0.0562579782278,0.0543290961787811,1053,90.8846357044724,92.4839331271554,89.3129944611888,105.611674941425,125.999770808921,85.5761444122832,NA,0.0336191305908922,0.0361319616279154,0.0312810567365999,NA,NA,NA,NA,NA,NA,NA
1977,"West Anatolia","male",0.0869386963413604,0.0823913550098351,0.0838411961265128,0.0809665855686668,3448,105.519197166963,107.376019046312,103.694484761612,-180.34814841869,-122.847261234047,-236.854689693009,NA,0.0458612979672491,0.0492891585604521,0.0426718311423638,NA,NA,NA,NA,NA,NA,NA
1977,"West Black Sea","male",0.053987892725129,0.0549568919112858,0.0559239686334526,0.0540065385621095,942,98.2368013319949,99.9654748527179,96.538021253439,16.9074432670875,33.7813426970805,0.325339211239225,NA,0.0334591973704604,0.0359600743458201,0.031132246221442,NA,NA,NA,NA,NA,NA,NA
1977,"West Marmara","male",0.0586069808360037,0.0549968747234018,0.0559646550233282,0.0540458299632289,649,106.564202294691,108.439413134886,104.72141892338,-39.9774708346572,-29.2604981175367,-50.5091180983052,NA,0.0334786962924513,0.0359810306968256,0.0311503890726811,NA,NA,NA,NA,NA,NA,NA
1977,"Aegean","total",0.0693491996446862,0.0656773174018234,0.0668330415089328,0.0645415788913832,3619,105.590792054428,107.448873789397,103.76484157977,-191.617811092337,-131.306148303749,-250.886522055729,NA,0.0385262522486078,0.0414058615867717,0.0358469080328848,NA,NA,NA,NA,NA,NA,NA
1977,"Central Anatolia","total",0.0437447192637436,0.0456581466519927,0.0464615933038829,0.04486859376647,1328,95.8092311480943,97.495186703252,94.1524303259048,58.0877329735411,82.4787262561169,34.1185259556037,NA,0.0287878908447948,0.0309396153044637,0.0267858100734772,NA,NA,NA,NA,NA,NA,NA
1977,"Central East Anatolia","total",0.027453814944989,0.0313783185571447,0.031930482997345,0.0308357025340177,787,87.4929448338394,89.0325586540544,85.9799551020627,112.501098625285,128.32962428951,96.9462909944815,NA,0.0209986653512858,0.0225681913058049,0.0195382935460083,NA,NA,NA,NA,NA,NA,NA
1977,"East Black Sea","total",0.0188125457578927,0.019679265283605,0.0200255614205092,0.0193389575438261,327,95.5957729456784,97.2779722757009,93.942663393326,15.0653339827227,21.084659502246,9.15009888696187,NA,0.0138971944812528,0.0149359275182549,0.0129307011040138,NA,NA,NA,NA,NA,NA,NA
1977,"East Marmara","total",0.0502820183245952,0.05101403207148,0.0519117262678665,0.0501318614364959,1554,98.5650737313625,100.299523863261,96.8606169348676,22.6233830813144,50.3672332223152,-4.64070082867192,NA,0.0315124232647701,0.0338677903977017,0.0293208623402079,NA,NA,NA,NA,NA,NA,NA
1977,"Istanbul","total",0.100168151090049,0.0919767908836825,0.0935953069669211,0.0903862633224822,8737,108.905899116143,110.822316807884,107.022621471236,-714.477739123746,-573.305371805685,-853.208854263476,NA,0.0498049295906784,0.05352755330737,0.0463411992191862,NA,NA,NA,NA,NA,NA,NA
1977,"Mediterranean","total",0.0420965080621155,0.0449855059510825,0.045777116140946,0.0442075848431346,2582,93.5779362088124,95.2246276549375,91.9597205129785,177.197418329951,225.751030121494,129.483429850009,NA,0.028438798342995,0.0305644302042568,0.0264609955359449,NA,NA,NA,NA,NA,NA,NA
1977,"Northeast Anatolia","total",0.0623336611105777,0.0652643972727839,0.0664128552221645,0.0641357992685462,750,95.5094411583138,97.190121307411,93.8578245161406,35.2626828344866,49.0809544824081,21.6833664892343,NA,0.038336761825245,0.0412022078757605,0.035670595898095,NA,NA,NA,NA,NA,NA,NA
1977,"Southeast Anatolia","total",0.054139384153866,0.0587320870620497,0.0597655959135633,0.0577164503747779,2160,92.1802490973434,93.8023454358602,90.5862031931644,183.235151945636,224.469073501244,142.714276453735,NA,0.0352797242519898,0.0379166748369651,0.0328261628596982,NA,NA,NA,NA,NA,NA,NA
1977,"West Anatolia","total",0.0799627510847267,0.0766178962494509,0.0779661417813096,0.0752929655305691,6242,104.365631267642,106.202153841665,102.560867137709,-261.103871472219,-155.858010171816,-364.529747083947,NA,0.0433978012758849,0.0466415300716005,0.0403796606305579,NA,NA,NA,NA,NA,NA,NA
1977,"West Black Sea","total",0.0497852382617179,0.0514659118004081,0.0523715577268118,0.0505759269423325,1713,96.7343947092435,98.4366303725563,95.061595306015,57.8282613943043,88.9895358221597,27.2058497093553,NA,0.0317379878628822,0.0341102146145198,0.0295307398375523,NA,NA,NA,NA,NA,NA,NA
1977,"West Marmara","total",0.0502796047909188,0.0474605926710603,0.04829575697523,0.0466398706172794,1147,105.939690090675,107.803911386261,104.107706225013,-64.3085186314304,-45.2563908180525,-83.0311836086346,NA,0.0297155578053425,0.0319366198799205,0.0276489615683414,NA,NA,NA,NA,NA,NA,NA
1978,"Aegean","female",0.0580109090651908,0.0557371533072979,0.0567179602934416,0.0547733071275563,1514,104.079425702559,105.910911915716,102.279610841187,-59.3417043953104,-33.7440745537779,-84.496681961494,NA,0.0338388608884788,0.0363681154647739,0.0314855056853009,NA,NA,NA,NA,NA,NA,NA
1978,"Central Anatolia","female",0.0402555294123157,0.04037514490988,0.0410856265517366,0.0396769494178474,586,99.7037397690303,101.45822701331,97.9795923560382,1.74124356569155,12.0837293858027,-8.42239269258437,NA,0.0260016059723663,0.0279450721284337,0.0241932999863076,NA,NA,NA,NA,NA,NA,NA
1978,"Central East Anatolia","female",0.023734412010408,0.0275146723739398,0.0279988482115006,0.027038869246567,317,86.2609290339497,87.778863065516,84.7692441886201,50.4896660053804,56.9563836320672,44.1347754224146,NA,0.0187360599684397,0.020136469561809,0.0174330431689353,NA,NA,NA,NA,NA,NA,NA
1978,"East Black Sea","female",0.0202935632302744,0.0225529122008204,0.0229497759179624,0.0221629113310783,160,89.982007864759,91.5654217404977,88.4259754989196,17.8133249043258,20.9423069378013,14.7384514357945,NA,0.0157140060418328,0.0168885349901984,0.0146211608067882,NA,NA,NA,NA,NA,NA,NA
1978,"East Marmara","female",0.0441074366142652,0.0437325598181478,0.0445021219081793,0.042976305538733,672,100.857202957422,102.631987699624,99.1131090451632,-5.71144519673658,6.01323808113784,-17.2333769791508,NA,0.0277842256202732,0.0298609320445965,0.0258519456849282,NA,NA,NA,NA,NA,NA,NA
1978,"Istanbul","female",0.0633133722011755,0.0616358724509119,0.0627204792295112,0.0605700214579611,2564,102.721628953333,104.5292220098,100.945294071327,-67.9336640924644,-24.010371371739,-111.097404245848,NA,0.0366527209602648,0.0393922949231101,0.0341036732288198,NA,NA,NA,NA,NA,NA,NA
1978,"Mediterranean","female",0.0356079610251222,0.0385325383793018,0.0392105956641421,0.0378662065394273,1092,92.4101098002134,94.0362509987533,90.8120889825846,89.688889192812,110.483074923447,69.2542911929543,NA,0.0250047758451827,0.0268737348489769,0.0232657953418647,NA,NA,NA,NA,NA,NA,NA
1978,"Northeast Anatolia","female",0.069452072140426,0.0695612989629949,0.070785369514499,0.0683583959030972,409,99.8429775978924,101.599915010995,98.1164223861261,0.643231642396131,7.85172579002779,-6.44060813856009,NA,0.0402879298984971,0.0432992142145102,0.0374860681643105,NA,NA,NA,NA,NA,NA,NA
1978,"Southeast Anatolia","female",0.0587036718993476,0.0663498877681177,0.0675174470995754,0.0652025186963787,1146,88.4759174039716,90.0328285977824,86.9459294169859,149.267722138994,172.060555203077,126.869038825497,NA,0.0388339777675119,0.041736587766942,0.0361332324930047,NA,NA,NA,NA,NA,NA,NA
1978,"West Anatolia","female",0.076012307323663,0.072100690181534,0.0733694464139513,0.070853874177045,2916,105.425214560749,107.280382627672,103.602127368933,-150.058273298822,-101.38598187665,-197.888889117505,NA,0.0414201498851902,0.0445160609441708,0.0385395468539603,NA,NA,NA,NA,NA,NA,NA
1978,"West Black Sea","female",0.0464565649292424,0.0463832002568935,0.0471994056809642,0.0455811092328814,790,100.15817078585,101.920654655173,98.4261650310962,-1.24757590760157,12.6321047359836,-14.8872393208277,NA,0.0291624055549574,0.031342122772648,0.0271342788081347,NA,NA,NA,NA,NA,NA,NA
1978,"West Marmara","female",0.0495763606476087,0.047225654951205,0.0480566850550569,0.0464089956062337,528,104.977603166822,106.824894613642,103.162256387037,-25.0355732346608,-16.184905515166,-33.7331889634513,NA,0.0295952754988628,0.0318073471829219,0.0275370444072707,NA,NA,NA,NA,NA,NA,NA
1978,"Aegean","male",0.0700833175647668,0.0651279619957685,0.0662740190928466,0.0640017233266019,1913,107.608645222647,109.502235130655,105.747800607329,-135.261793146896,-103.978924371681,-166.003696483945,NA,0.0382740562852167,0.0411348154677375,0.035612251273447,NA,NA,NA,NA,NA,NA,NA
1978,"Central Anatolia","male",0.0450665904606991,0.0454974373532613,0.0462980560027583,0.0447106635663189,671,99.0530304174784,100.796067125804,97.3401355296951,6.41491317523457,18.3353870411463,-5.29942344623032,NA,0.0287046299093071,0.0308501311068278,0.026708339597556,NA,NA,NA,NA,NA,NA,NA
1978,"Central East Anatolia","male",0.0248699307158767,0.0291706951698501,0.0296840120494459,0.0286662549279014,338,85.2565582378766,86.7568183511488,83.7822416809756,58.4504396916154,65.426780208424,51.5947389771059,NA,0.019715014831381,0.021188595506816,0.0183439157010922,NA,NA,NA,NA,NA,NA,NA
1978,"East Black Sea","male",0.0223823544525028,0.0242454969106377,0.0246721450500105,0.0238262266719082,193,92.3155113504089,93.9399878995202,90.7191263959162,16.0656241586698,19.7445530699997,12.4503138817049,NA,0.0167605649345733,0.0180133179661182,0.0155949357833152,NA,NA,NA,NA,NA,NA,NA
1978,"East Marmara","male",0.0491455775992694,0.0487479904974718,0.0496058091481079,0.0479050058521668,786,100.815596905104,102.589649505379,99.0722224740567,-6.3587300684726,7.3606215463916,-19.8408369756785,NA,0.0303713667300645,0.0326414466403637,0.0282591616485349,NA,NA,NA,NA,NA,NA,NA
1978,"Istanbul","male",0.0849642756196629,0.0798437583067537,0.0812487693505628,0.0784630437052045,3203,106.413171701207,108.285724855238,104.573000057476,-193.034270387546,-140.06788727536,-245.084721433101,NA,0.0447828372986719,0.0481300893397626,0.0416683730288129,NA,NA,NA,NA,NA,NA,NA
1978,"Mediterranean","male",0.04451020659653,0.0476224841832119,0.0484604972931908,0.0467989625871821,1377,93.4646887073165,95.1093873365496,91.848431367179,96.2836743425723,122.209055073808,70.8066135863253,NA,0.0297983331101223,0.0320255821488275,0.0277259801871962,NA,NA,NA,NA,NA,NA,NA
1978,"Northeast Anatolia","male",0.0720268457715607,0.0703408506721228,0.0715786389992399,0.0691244670540667,453,102.396893246709,104.198771927202,100.626173923656,-10.6037654691651,-2.81891655377035,-18.2539932845968,NA,0.0406371145393016,0.0436744983405675,0.0378109684329545,NA,NA,NA,NA,NA,NA,NA
1978,"Southeast Anatolia","male",0.0596450227709762,0.0639750370018927,0.0651008060716606,0.0628687355251537,1281,93.2317128151275,94.8723117663346,91.6194842584916,92.9959948393748,117.17420974106,69.2358866884517,NA,0.0377422742400778,0.0405632858620737,0.0351174525075917,NA,NA,NA,NA,NA,NA,NA
1978,"West Anatolia","male",0.0969850800330116,0.090166907979305,0.0917535755433533,0.0886076781902306,3891,107.561723260236,109.45448748222,105.701690052598,-273.542151555087,-209.885726364632,-336.097784929039,NA,0.049073563787197,0.0527415222386629,0.045660696933975,NA,NA,NA,NA,NA,NA,NA
1978,"West Black Sea","male",0.0574628573241854,0.0568887680609432,0.0578898400180927,0.0559050073463721,1006,101.009143426392,102.786601865842,99.2624220523432,-10.0505583208886,7.47516935413387,-27.2732187478701,NA,0.034395954863638,0.0369668489174184,0.0320038560393488,NA,NA,NA,NA,NA,NA,NA
1978,"West Marmara","male",0.0640028325379529,0.0585583702697414,0.0595888222259275,0.0575457376158059,665,109.297496230056,111.220804858314,107.407446811568,-56.568862107996,-45.86229610629,-67.0902826164992,NA,0.0351968473716153,0.0378276034002889,0.0327490497294184,NA,NA,NA,NA,NA,NA,NA
1978,"Aegean","total",0.064744081956048,0.061006448490679,0.0620799792924692,0.0599514819409319,3458,106.126620312835,107.994131020544,104.291403917884,-199.628076154048,-142.290487907599,-255.974142370603,NA,0.0363570625983226,0.0390745378484651,0.033828576703954,NA,NA,NA,NA,NA,NA,NA
1978,"Central Anatolia","total",0.0436180577613644,0.0437188061414835,0.0444881262079927,0.0429627897003492,1285,99.7695536795012,101.525199051518,98.0442681659359,2.96807503812465,25.6324561729512,-19.3043776275244,NA,0.0277770088273514,0.0298531758391163,0.0258452307906143,NA,NA,NA,NA,NA,NA,NA
1978,"Central East Anatolia","total",0.0246369570868532,0.0286225429668806,0.0291262140092163,0.0281275817595684,664,86.0753606531776,87.5900292369507,84.5868847872139,107.417040789927,120.991670600416,94.0771530555508,NA,0.0193925335280033,0.0208420106346147,0.0180438616613191,NA,NA,NA,NA,NA,NA,NA
1978,"East Black Sea","total",0.0213846909881096,0.0234377697336856,0.0238502042935866,0.0230324672831833,353,91.24029816444,92.8458541813416,89.6625065549648,33.8904498358801,40.6985631598469,27.2000672109056,NA,0.0162632306624416,0.0174788109006147,0.0151321890879019,NA,NA,NA,NA,NA,NA,NA
1978,"East Marmara","total",0.0475001326141667,0.0469813578744042,0.047808089081283,0.0461689230868462,1484,101.104214018567,102.883345415739,99.355848616763,-16.2075697779828,9.62118150095944,-41.589672066609,NA,0.0294700017349043,0.0316727099465394,0.027420482924296,NA,NA,NA,NA,NA,NA,NA
1978,"Istanbul","total",0.0741089409671327,0.0707542827136689,0.071999346206642,0.0695307497370578,5796,104.741279431861,106.584412288647,102.930019328837,-262.365093649084,-164.989690477792,-358.056612646545,NA,0.040821720208288,0.0438729021907229,0.0379827355281756,NA,NA,NA,NA,NA,NA,NA
1978,"Mediterranean","total",0.0408257715307561,0.0437152999071046,0.0444845582743897,0.0429593440982497,2516,93.3901211189473,95.0335075819266,91.7751532541575,178.075101150655,225.482755177009,131.487253725748,NA,0.0277751689349691,0.0298511984256683,0.0258435188552674,NA,NA,NA,NA,NA,NA,NA
1978,"Northeast Anatolia","total",0.0713355823860274,0.0703900167686809,0.0716286702718632,0.0691727829357943,869,101.34332347221,103.126662479722,99.5908232210323,-11.5187469421295,3.57035527393668,-26.346917756722,NA,0.0406590892716073,0.0436981155540557,0.0378314149119664,NA,NA,NA,NA,NA,NA,NA
1978,"Southeast Anatolia","total",0.0596934052150939,0.0654721372453748,0.0666242507961688,0.0643399468549625,2448,91.1737537929707,92.7781388282105,89.5971129157171,236.983230545383,284.230894875825,190.552606161627,NA,0.0384321482900232,0.0413047239142365,0.0357593486220408,NA,NA,NA,NA,NA,NA,NA
1978,"West Anatolia","total",0.0880116492335132,0.0823601013026052,0.083809392447629,0.0809358723225931,6912,106.861997303941,108.742448444514,105.014064251223,-443.844646005807,-330.024481497515,-555.696551924819,NA,0.0458481476777387,0.0492750253646308,0.0426595954020264,NA,NA,NA,NA,NA,NA,NA
1978,"West Black Sea","total",0.0522091061214125,0.0518694946635728,0.0527822424397876,0.0509725307658839,1802,100.654742175613,102.42596421435,98.9141493580367,-11.7217070448219,19.7818296928904,-42.6804623982771,NA,0.0319388983011688,0.034326141918981,0.0297176777716559,NA,NA,NA,NA,NA,NA,NA
1978,"West Marmara","total",0.0567007049333225,0.0528447215183391,0.0537746303667556,0.0519308933098165,1193,107.296818498031,109.184921189492,105.441366210442,-81.1310585906253,-61.5654948561817,-100.358280792704,NA,0.0324222793674098,0.0348456528590352,0.0301674416499215,NA,NA,NA,NA,NA,NA,NA
1979,"Aegean","female",0.0503125627770167,0.0497955543921639,0.0506718070302821,0.0489344545328942,1338,101.038262132361,102.816232973837,99.2910372171044,-13.7491946494342,9.55365388559858,-36.6490738865373,NA,0.0309009392648617,0.0332106015878649,0.0287519045665097,NA,NA,NA,NA,NA,NA,NA
1979,"Central Anatolia","female",0.0364637327623826,0.038187297849079,0.0388592799344544,0.0375269361520338,509,95.4865487118042,97.1668260223968,93.835327941968,24.059375238553,33.4396239279822,14.8413364275956,NA,0.0248164896698245,0.0266713753963814,0.0230906037045268,NA,NA,NA,NA,NA,NA,NA
1979,"Central East Anatolia","female",0.0359520118125165,0.0401381002446868,0.0408444106102965,0.0394440038962488,449,89.5707858452409,91.1469634448942,88.0218646206963,52.2795140323717,61.1005323334496,43.61103500333,NA,0.0258741202801653,0.027808057635264,0.024074680405707,NA,NA,NA,NA,NA,NA,NA
1979,"East Black Sea","female",0.0215617802618981,0.024417028509499,0.0248466950913378,0.0239947920253397,162,88.3063238162249,89.8602506707613,86.7792685612142,21.4523202858491,24.6805317513422,18.2799333306462,NA,0.0168656956248712,0.0181263065533001,0.0156927550615109,NA,NA,NA,NA,NA,NA,NA
1979,"East Marmara","female",0.0429228849840384,0.0424092063916525,0.0431554814243301,0.041675836473367,660,101.211243114625,102.992257903374,99.4610268901772,-7.89853410600745,3.57649889213201,-19.175132737447,NA,0.0270866522617492,0.0291112192061074,0.025202885717511,NA,NA,NA,NA,NA,NA,NA
1979,"Istanbul","female",0.104345674073208,0.0961969774281517,0.0978897561566825,0.0945334714237169,3766,108.470844784227,110.379606822552,106.595090405775,-294.099317847634,-233.004262894284,-354.137874005756,NA,0.0514875530858458,0.055335942950203,0.0479068030909569,NA,NA,NA,NA,NA,NA,NA
1979,"Mediterranean","female",0.0307707471821762,0.0352226912299971,0.0358425051167717,0.0346135956022553,951,87.3605795231528,88.8978641102841,85.8498787457178,137.591679669387,156.747633303951,118.766984300339,NA,0.0231792435135288,0.0249117547799351,0.0215672213621903,NA,NA,NA,NA,NA,NA,NA
1979,"Northeast Anatolia","female",0.0577732378314968,0.0598765150477396,0.0609301624046648,0.0588410881043003,342,96.4873085640241,98.1851962511117,94.8187819487475,12.4507615455623,18.6880335004322,6.32134889797891,NA,0.0358236058583259,0.0385012083744145,0.03333221971146,NA,NA,NA,NA,NA,NA,NA
1979,"Southeast Anatolia","female",0.0581359772915434,0.063457596806048,0.0645742604779095,0.0623602432702498,1168,91.6138968660134,93.2260271012739,90.0296447242031,106.915749635906,129.350448930519,84.8690069900449,NA,0.0375024932014678,0.0403055826099702,0.0348943472653892,NA,NA,NA,NA,NA,NA,NA
1979,"West Anatolia","female",0.0592083992631863,0.0590053359710894,0.0600436531851233,0.0579849740708944,2245,100.344143946907,102.109900386945,98.608922213041,-7.6995341274328,31.6702541883174,-46.388512286685,NA,0.0354099149478721,0.0380565965168318,0.0329472993219711,NA,NA,NA,NA,NA,NA,NA
1979,"West Black Sea","female",0.0426216576623944,0.0450906338239832,0.0458840939495905,0.0443108947706849,725,94.5244146018733,96.1877612333658,92.8898317338895,41.997609087157,55.4944701342315,28.7341452838706,NA,0.0284934640765323,0.030623181877837,0.0265118594899577,NA,NA,NA,NA,NA,NA,NA
1979,"West Marmara","female",0.0499998186076718,0.0477260939590607,0.0485659302908218,0.0469007806696862,476,104.764112165897,106.607646810426,102.952457223127,-21.6459371829162,-13.6506662989345,-29.502948201792,NA,0.0298512623072149,0.0320824674901416,0.0277752283738142,NA,NA,NA,NA,NA,NA,NA
1979,"Aegean","male",0.05993989122649,0.0584987539968555,0.0595281568851675,0.0574871522695725,1672,102.46353491514,104.26658628943,100.691663177338,-40.199963640976,-11.4851696358601,-68.4182011687337,NA,0.0351683860857167,0.0377970148017175,0.032722567810245,NA,NA,NA,NA,NA,NA,NA
1979,"Central Anatolia","male",0.0398720151699181,0.040351858505955,0.0410619303768365,0.0396540656988488,579,98.8108519562586,100.5496270489,97.1021449892925,6.96802733399238,17.2793098585479,-3.16494521812706,NA,0.0259890919657981,0.0279316227739385,0.0241816562780207,NA,NA,NA,NA,NA,NA,NA
1979,"Central East Anatolia","male",0.030685712999637,0.0346791987397689,0.0352894487862736,0.0340795015676233,396,88.4844924760262,90.0415545654269,86.9543562028453,51.5360471862245,59.4113414125214,43.7969381040114,NA,0.0228750108894055,0.0245847825677578,0.0212841468802194,NA,NA,NA,NA,NA,NA,NA
1979,"East Black Sea","male",0.0233106802829284,0.0269589315313137,0.0274333279942814,0.0264927386666892,189,86.4673744797795,87.9889413329633,84.9721196341456,29.5795522728609,33.4258978283169,25.799720438499,NA,0.0184043359622477,0.0197799511494608,0.017124389218753,NA,NA,NA,NA,NA,NA,NA
1979,"East Marmara","male",0.0460467379692074,0.0457826084482439,0.0465882452550317,0.0449909032815281,746,100.576921084044,102.346773704614,98.8376740036891,-4.27914400300199,8.77292188417482,-17.1055043581048,NA,0.0288523101685175,0.0310088495913696,0.0268457492951314,NA,NA,NA,NA,NA,NA,NA
1979,"Istanbul","male",0.126227128729401,0.11374065408298,0.115742148983843,0.111773770444077,4533,110.978022543559,112.930903402382,109.05891227838,-448.407486900574,-376.530890506949,-519.041142477597,NA,0.0581684545699673,0.0625162022793825,0.0541230750380088,NA,NA,NA,NA,NA,NA,NA
1979,"Mediterranean","male",0.0373202708916845,0.0414136643948654,0.0421424208696773,0.0406975100911821,1151,90.1158384243622,91.7016073171774,88.5574917660639,126.244955076438,148.720641411701,104.157934166761,NA,0.0265575663147841,0.0285425872159987,0.0247105955471625,NA,NA,NA,NA,NA,NA,NA
1979,"Northeast Anatolia","male",0.0636214167114201,0.0622416947345081,0.0633369621710861,0.061165367435198,400,102.216716596162,104.015424707167,100.449113014871,-8.6745756270742,-1.78842003235667,-15.4416509607922,NA,0.0369362907325793,0.0396970598575988,0.0343675218763204,NA,NA,NA,NA,NA,NA,NA
1979,"Southeast Anatolia","male",0.0580900089237887,0.0616449646161523,0.0627297313896317,0.060578956395065,1271,94.2331774955191,95.8913992260866,92.6036309050578,77.7818555841841,101.516377141947,54.457768118825,NA,0.0366569840106478,0.0393968766112781,0.0341076398013799,NA,NA,NA,NA,NA,NA,NA
1979,"West Anatolia","male",0.0699609761969483,0.0689254134159223,0.0701382942860389,0.0677335065375469,2783,101.502439709396,103.288578686188,99.7471879079815,-41.1939823635698,7.05359285653731,-88.6072264724135,NA,0.0400020247533399,0.0429919393518806,0.0372200465596539,NA,NA,NA,NA,NA,NA,NA
1979,"West Black Sea","male",0.0523874395596581,0.0517756480300714,0.0526867443865722,0.0508803069945814,916,101.18162022662,102.96211374125,99.4319162620524,-10.697240518182,5.23337700330126,-26.3523745618086,NA,0.0318922255978738,0.0342759807073467,0.0296742509651275,NA,NA,NA,NA,NA,NA,NA
1979,"West Marmara","male",0.0574526005610343,0.0520104198497968,0.0529256474872705,0.0511110189743595,554,110.463635415661,112.407464601432,108.553420295619,-52.4774872605228,-43.6521929098905,-61.1501683946508,NA,0.0320089326468627,0.0344014109175176,0.0297828415133309,NA,NA,NA,NA,NA,NA,NA
1979,"Aegean","total",0.0561148278230691,0.0549554177718744,0.0559224685536022,0.0540050899145568,3059,102.109728391125,103.906553830111,100.34397492536,-63.2031761335356,-10.4861233318666,-115.008608464195,NA,0.0334584783673101,0.0359593016014398,0.0311315772220375,NA,NA,NA,NA,NA,NA,NA
1979,"Central Anatolia","total",0.03861463369048,0.0396258540263108,0.0403231503924642,0.0389406158008906,1100,97.4480793898867,99.1628737663591,95.7629384476281,28.8062390628909,48.669848515123,9.28612515985219,NA,0.0255978741137645,0.0275111637028862,0.0238176460371027,NA,NA,NA,NA,NA,NA,NA
1979,"Central East Anatolia","total",0.0337015232121928,0.03771580899606,0.038379494289556,0.0370636006169148,856,89.3564903134211,90.9288969534503,87.8112748384072,101.96063273921,118.817871139253,85.3949015990112,NA,0.0245585636983113,0.0263941709850309,0.0228506154357361,NA,NA,NA,NA,NA,NA,NA
1979,"East Black Sea","total",0.0224695153147919,0.0257383431834274,0.0261912609466811,0.0252932575936871,351,87.2997735505359,88.8359881346405,85.7901242728797,51.0628985902397,58.138001576435,44.1101432766434,NA,0.0176699476466415,0.0189906716537365,0.0164410746248471,NA,NA,NA,NA,NA,NA,NA
1979,"East Marmara","total",0.0458556379609595,0.045209939972209,0.0460054995287477,0.0444281377928206,1449,101.428221291927,103.213054246828,99.6742529277514,-20.4035191157088,4.7355008321988,-45.1078173941085,NA,0.0285554548721062,0.0306898061184879,0.0265695390777225,NA,NA,NA,NA,NA,NA,NA
1979,"Istanbul","total",0.118323122649523,0.107242861404769,0.109130014612969,0.105388342181305,8534,110.33193361275,112.273445241188,108.423995973204,-799.158671148496,-663.048626736593,-932.915004641464,NA,0.0557499434689024,0.059916921787458,0.0518727615515855,NA,NA,NA,NA,NA,NA,NA
1979,"Mediterranean","total",0.0347103545995123,0.0388891008974938,0.0395734326148816,0.0382166031269856,2144,89.2547109561723,90.8253265843047,87.7112555216133,258.114103593692,300.3841183777,216.575051728468,NA,0.0251987296766415,0.0270821855814223,0.0234462604728632,NA,NA,NA,NA,NA,NA,NA
1979,"Northeast Anatolia","total",0.0614202250289282,0.061589562001699,0.0626733538550746,0.0605245118417099,750,99.7250557281669,101.479918069494,98.0005397045703,2.06776724634722,15.3019077863545,-10.9375191982339,NA,0.0366310039086477,0.0393689546504167,0.0340834665098522,NA,NA,NA,NA,NA,NA,NA
1979,"Southeast Anatolia","total",0.0592673071299797,0.0634080303776537,0.064523821828809,0.0623115339795067,2489,93.4697179158348,95.1145050440771,91.8533736070755,173.894524022455,220.753493265566,127.845873136353,NA,0.0374794876634065,0.0402808575440971,0.0348729416689713,NA,NA,NA,NA,NA,NA,NA
1979,"West Anatolia","total",0.0661313776434321,0.0652031694776152,0.0663505500011553,0.0640756302676102,5142,101.42356295446,103.208313936572,99.6696751455424,-72.1721905502209,17.0415966455284,-159.843229993957,NA,0.0383086274275401,0.0411719705983405,0.0356444181333703,NA,NA,NA,NA,NA,NA,NA
1979,"West Black Sea","total",0.047967845523673,0.0488013691429225,0.0496601270978694,0.0479574614364196,1655,98.2920077164057,100.021652704172,96.5922729701007,28.7584646505975,58.3875713974458,-0.358274677896816,NA,0.0303984385572447,0.0326705419264012,0.028284350740195,NA,NA,NA,NA,NA,NA,NA
1979,"West Marmara","total",0.0537501367842616,0.0498841834189101,0.0507619956624884,0.0490215509239788,1030,107.749857971787,109.645932801301,105.886571405981,-74.0822666609088,-57.2609771725746,-90.6126705433305,NA,0.0309455788314965,0.0332585776979067,0.0287934396327669,NA,NA,NA,NA,NA,NA,NA
1980,"Aegean","female",0.0494073862881306,0.0490249342630482,0.0498876262946154,0.0481771605107544,1343,100.780117364422,102.553545631029,99.0373564706232,-10.3958761690051,13.0539657562097,-33.4402068828549,NA,0.0305117206611154,0.032792291197077,0.0283897545342891,NA,NA,NA,NA,NA,NA,NA
1980,"Central Anatolia","female",0.0421443559116956,0.043892268097186,0.0446646405746618,0.0431332520295296,566,96.017721887554,97.707346255374,94.3573156963991,23.4745145722584,33.8475007715801,13.2809053688419,NA,0.02786797687764,0.0299509432127702,0.0259298723828352,NA,NA,NA,NA,NA,NA,NA
1980,"Central East Anatolia","female",0.0385998033493523,0.040930136258351,0.0416503840859475,0.0402223434643522,446,94.306559611017,95.9660726470651,92.6757440452406,26.9257453984122,35.2478222805319,18.7475797412867,NA,0.0262992322636664,0.0282649442235086,0.0244702275790449,NA,NA,NA,NA,NA,NA,NA
1980,"East Black Sea","female",0.015316216215087,0.0176266392047239,0.017936815269492,0.0173218269233094,109,86.892436142803,88.421482808355,85.3898308309935,16.4424491228033,18.6498605738388,14.2732097879957,NA,0.0125665653811996,0.0135058417682938,0.0116926118482074,NA,NA,NA,NA,NA,NA,NA
1980,"East Marmara","female",0.0403079065055805,0.0406986541667373,0.0414148286027245,0.0399948643243866,625,99.0399002887024,100.782705946081,97.3272324563691,6.05879365600936,17.163538637741,-4.85392024066323,NA,0.0261752400537394,0.028131684329737,0.0243548585232291,NA,NA,NA,NA,NA,NA,NA
1980,"Istanbul","female",0.107596378701505,0.100095173540739,0.101856548847202,0.0983642571787944,3318,107.49407278635,109.385646562582,105.635209438436,-231.318182115303,-177.001825585704,-284.695261885476,NA,0.0530145325008376,0.0569770550390457,0.0493275872955583,NA,NA,NA,NA,NA,NA,NA
1980,"Mediterranean","female",0.030684978387831,0.0345754648324478,0.0351838894728282,0.0339775615002159,958,88.747840517922,90.3095367442304,87.2131502445982,121.462885416957,140.458199610025,102.79605159884,NA,0.0228167957938912,0.0245222162383995,0.0212299804079252,NA,NA,NA,NA,NA,NA,NA
1980,"Northeast Anatolia","female",0.0561627000536258,0.0581092316126395,0.059131780073464,0.0571043657812477,336,96.6502197585585,98.3509741948117,94.978875967966,11.6453554263614,17.7628726131949,5.63362666287151,NA,0.0349821785523489,0.0375968893572987,0.0325493102537977,NA,NA,NA,NA,NA,NA,NA
1980,"Southeast Anatolia","female",0.0672120228621069,0.0750311400276307,0.0763514634017307,0.0737336486168555,1396,89.5788373165536,91.1551565979908,88.0297768602866,162.403794711932,189.827034658525,135.454776778662,NA,0.0427082942480679,0.0459004864742979,0.0397381060133404,NA,NA,NA,NA,NA,NA,NA
1980,"West Anatolia","female",0.0559012748065159,0.0587563499042999,0.0597902857091789,0.0577402936468414,2110,95.1408229026577,96.8150164743298,93.4955806674361,107.765135538952,146.79116054188,69.4139760947728,NA,0.03529129284429,0.0379291081130711,0.0328369269034359,NA,NA,NA,NA,NA,NA,NA
1980,"West Black Sea","female",0.0405158356369893,0.043522862319406,0.0442887343614259,0.0427702342770895,690,93.0909261887496,94.7290477169356,91.4811322137879,51.2108013631401,64.2538918161797,38.3932612326281,NA,0.0276741186965561,0.0297425952799988,0.0257494962501169,NA,NA,NA,NA,NA,NA,NA
1980,"West Marmara","female",0.0439001888011628,0.0413403278616155,0.0420677938330582,0.0406254417450066,367,106.192164097286,108.060828179324,104.355814272971,-21.4001121742098,-15.3185890917298,-27.3764692687947,NA,0.0265184425253175,0.0285005391548236,0.0246741926581957,NA,NA,NA,NA,NA,NA,NA
1980,"Aegean","male",0.0587690868748236,0.0576554424023637,0.0586700055320175,0.056658423814162,1682,101.931551343736,103.725241400263,100.168879041186,-31.873049289796,-2.8357564743992,-60.4082087508782,NA,0.0347647072302648,0.0373631633409918,0.0323469631780366,NA,NA,NA,NA,NA,NA,NA
1980,"Central Anatolia","male",0.0465520135131301,0.0466432819310894,0.0474640640137777,0.0458366933912689,663,99.8043267665125,101.560584040727,98.078439932192,1.29985701026476,12.9895451623975,-10.1876848068069,NA,0.029296301314916,0.031486026448202,0.0272588626623402,NA,NA,NA,NA,NA,NA,NA
1980,"Central East Anatolia","male",0.0360350159358655,0.03828021850665,0.0389538357173357,0.0376182499600348,440,94.1348230016125,95.7913139876222,92.5069772264525,27.4146994385519,35.6397984153148,19.3318346764248,NA,0.0248672141580367,0.0267258912398747,0.0231378005108037,NA,NA,NA,NA,NA,NA,NA
1980,"East Black Sea","male",0.0209796273775773,0.0238793480984185,0.0242995531151756,0.0234664095632822,159,87.8567844109895,89.4028007181979,86.3375029085413,21.9763481169607,25.1609898868992,18.8467774193965,NA,0.0165355886031169,0.0177715259854064,0.015385605641072,NA,NA,NA,NA,NA,NA,NA
1980,"East Marmara","male",0.0433269112840208,0.0441729231157356,0.0449502342810806,0.0434090537634855,711,98.0847728154684,99.8107710895697,96.388621721282,13.883159323454,26.6389321718201,1.3479682988841,NA,0.028014928381843,0.0301088784721808,0.0260666040073511,NA,NA,NA,NA,NA,NA,NA
1980,"Istanbul","male",0.123710262962271,0.113430154827154,0.115426185870944,0.111468640560452,4109,109.062941111895,110.982122272479,107.176947785998,-341.450768236403,-275.153184167466,-406.601887706081,NA,0.0580542987442337,0.0623935139813059,0.0540168582858553,NA,NA,NA,NA,NA,NA,NA
1980,"Mediterranean","male",0.0391077530035306,0.0432995908992397,0.0440615340328798,0.0425508238238473,1208,90.3189896055515,91.908333350794,88.7571299136961,129.481746945661,153.017420431024,106.35306893155,NA,0.0275567074965012,0.0296164082876375,0.0256402505216915,NA,NA,NA,NA,NA,NA,NA
1980,"Northeast Anatolia","male",0.0632162211374624,0.062485887671368,0.0635854521723674,0.0614053376155056,399,101.168797457012,102.949065329297,99.4193152328239,-4.60962467747066,2.33046487556965,-11.4297013054548,NA,0.0370503152410679,0.0398196070232435,0.0344736164438092,NA,NA,NA,NA,NA,NA,NA
1980,"Southeast Anatolia","male",0.0622973186770319,0.0701245622213288,0.0713585445194155,0.0689119188157638,1392,88.8380856915835,90.4013699626968,87.3018348350447,174.895537160226,202.4682063443,147.799674025287,NA,0.0405403768566572,0.0435705300886868,0.0377209584628517,NA,NA,NA,NA,NA,NA,NA
1980,"West Anatolia","male",0.0636072453124805,0.0650917457944932,0.0662371655948829,0.0639661334014306,2537,97.7193721509644,99.4389404676099,96.0295398228732,59.2098856720513,104.895404975912,14.3143926009275,NA,0.0382574034064988,0.0411169178848955,0.0355967565347416,NA,NA,NA,NA,NA,NA,NA
1980,"West Black Sea","male",0.0454478410181983,0.0499353508973358,0.0508140635353066,0.0490718335782671,793,91.0133606783628,92.614923275103,89.4394934320107,78.3006465088432,93.632928665697,63.2335009925735,NA,0.0309713386033744,0.0332862628602733,0.0288174079172369,NA,NA,NA,NA,NA,NA,NA
1980,"West Marmara","male",0.0473821479783334,0.0455868228486555,0.0463890144151955,0.044798503344662,421,103.938254560179,105.767256583984,102.140880929802,-15.9518281007437,-8.82419324409409,-22.9562068666252,NA,0.0287509503294207,0.0308999137041979,0.0267514386207661,NA,NA,NA,NA,NA,NA,NA
1980,"Aegean","total",0.0550624617220665,0.0541407182370184,0.0550934327466551,0.0532044787388602,3074,101.702495857208,103.492155223108,99.9437845437385,-51.4586414123651,1.72903511045342,-103.726559106734,NA,0.0330601184295452,0.0355311666160182,0.0307609215984152,NA,NA,NA,NA,NA,NA,NA
1980,"Central Anatolia","total",0.0450484788565009,0.0457895360075382,0.0465952947186238,0.044997711044579,1247,98.3816015280973,100.11282309865,96.6803174623883,20.5134177845873,42.8178582058574,-1.40531851626497,NA,0.0288558941600445,0.0310127014650512,0.0268490840346182,NA,NA,NA,NA,NA,NA,NA
1980,"Central East Anatolia","total",0.0376947809043322,0.0399035737558807,0.0406057571576071,0.0392135330049552,896,94.4646741039754,96.1269694816045,92.8311243108304,52.5027164903893,69.1935238874033,36.1005383109098,NA,0.0257477721927849,0.0276722657761423,0.0239571193141369,NA,NA,NA,NA,NA,NA,NA
1980,"East Black Sea","total",0.0184392372274345,0.0210324012246285,0.0214025085019549,0.0206686941034669,271,87.6706231994213,89.2133636267883,86.1545609279876,38.1115246022213,43.550961761056,32.7661500284765,NA,0.0147591564569667,0.0158623160501357,0.0137327171286162,NA,NA,NA,NA,NA,NA,NA
1980,"East Marmara","total",0.0435454162391764,0.0438672247691874,0.0446391565590863,0.0431086417684282,1391,99.2664032618789,101.013194693292,97.5498185803261,10.2797424828059,34.9380696383348,-13.9521754821146,NA,0.02785485025497,0.0299368354527457,0.0259176586634059,NA,NA,NA,NA,NA,NA,NA
1980,"Istanbul","total",0.118399607239489,0.108835905904049,0.110751091924861,0.106953838631149,7594,108.787266716805,110.701596833577,106.906040547047,-613.403622145674,-490.566030187912,-734.117019796549,NA,0.0563487178163433,0.0605604509735274,0.0524298935774742,NA,NA,NA,NA,NA,NA,NA
1980,"Mediterranean","total",0.0354905927795557,0.0394174261924927,0.0401110548529347,0.0387357922482289,2205,90.0378238960593,91.622219966802,88.4808263200266,243.970782040977,287.065334047321,201.621451432798,NA,0.0254851754757764,0.0273900415087146,0.0237127851312112,NA,NA,NA,NA,NA,NA,NA
1980,"Northeast Anatolia","total",0.0606509518730355,0.0610962489051462,0.0621713599253118,0.0600397294632742,746,99.2711548743328,101.018029919897,97.5544880245456,5.4771042447934,18.7008508847888,-7.51796803843172,NA,0.0363993096884042,0.039119942658491,0.0338678856806755,NA,NA,NA,NA,NA,NA,NA
1980,"Southeast Anatolia","total",0.0658976686284145,0.0734289021768564,0.0747210309628901,0.0721591177934385,2843,89.7435024558822,91.3227193506607,88.1915944938478,324.917366939868,380.66322586256,270.135504740565,NA,0.0420063999197338,0.0451461296990788,0.0390850255819962,NA,NA,NA,NA,NA,NA,NA
1980,"West Anatolia","total",0.0614701500148373,0.0632679943677963,0.064381321604534,0.0621739195711328,4776,97.1583667683416,98.8680630702552,95.4782357411382,139.685760123569,226.187108849339,54.6802537500853,NA,0.0374144573530547,0.0402109666029281,0.0348124339523243,NA,NA,NA,NA,NA,NA,NA
1980,"West Black Sea","total",0.0430968790009812,0.046846125838723,0.0476704773667435,0.0460360295789373,1486,91.9966768422872,93.6155428588463,90.4058053990603,129.275737130697,157.699752953527,101.343249443731,NA,0.0294005678524035,0.0315980862922658,0.0273558778860402,NA,NA,NA,NA,NA,NA,NA
1980,"West Marmara","total",0.045807492975293,0.0435784045924728,0.0443452540121703,0.0428248160739831,790,105.115121592141,106.96483295143,103.297396746721,-38.4430517377959,-25.217900082198,-51.4395047401025,NA,0.0277032982021417,0.0297739557809283,0.0257766464397181,NA,NA,NA,NA,NA,NA,NA
1981,"Aegean","female",0.0575623137876112,0.0577002407805106,0.0587155922274652,0.0567024475071468,1608,99.7609594153618,101.516453554066,98.0358225198748,3.85298279357789,32.2167683899531,-24.0203162105047,NA,0.0347862021891104,0.0373862649207932,0.032366963249882,NA,NA,NA,NA,NA,NA,NA
1981,"Central Anatolia","female",0.0432742014959497,0.0540099225083588,0.0549603354048557,0.0530759448222216,587,80.1226876214318,81.5326069858899,78.7371495773777,145.626447546905,158.518479079732,132.957354119177,NA,0.0329959778304091,0.0354622318867124,0.0307012417171857,NA,NA,NA,NA,NA,NA,NA
1981,"Central East Anatolia","female",0.0415996484760244,0.047927711084248,0.0487710952736437,0.0470989112892957,484,86.79665173849,88.3240128853656,85.29570279818,73.6251967163961,83.4377302983277,63.9823483882875,NA,0.0299541547594995,0.0321930505442659,0.0278709650743507,NA,NA,NA,NA,NA,NA,NA
1981,"East Black Sea","female",0.01893384949413,0.0227882365482498,0.0231892412691977,0.0223941662838615,137,83.086067033055,84.548133000936,81.6492841414343,27.8892586834034,30.7908158541676,25.0378772864013,NA,0.0158605253879922,0.0170460057903092,0.0147574903280955,NA,NA,NA,NA,NA,NA,NA
1981,"East Marmara","female",0.0435889699191876,0.0464320140368381,0.0472490784372563,0.0456290788905029,676,93.8769743750618,95.528927997405,92.2535875002746,44.0913797021328,56.7628315787591,31.6390515115626,NA,0.0291875537949112,0.0313691506946984,0.0271576780902396,NA,NA,NA,NA,NA,NA,NA
1981,"Istanbul","female",0.11423649422348,0.109885375321805,0.111819028861598,0.10798515988329,3985,103.95968880202,105.789068004294,102.16194451561,-151.783446621309,-84.3303143411749,-218.070131747227,NA,0.056741082608596,0.060982142711792,0.0527949709935816,NA,NA,NA,NA,NA,NA,NA
1981,"Mediterranean","female",0.0298060446664567,0.036097910194835,0.0367331253144351,0.0354736796632518,943,82.5700006055239,84.0229853497088,81.1421418986741,199.061272961785,219.158131316729,179.311943660626,NA,0.0236664688149669,0.0254353972890153,0.0220205621247239,NA,NA,NA,NA,NA,NA,NA
1981,"Northeast Anatolia","female",0.0655626819805242,0.0653297807805959,0.0664793892839144,0.0642000521186106,407,100.356500813481,102.122474697366,98.6210653959602,-1.44580400781899,5.6907353575109,-8.45893329933614,NA,0.0383667952886914,0.0412344861628465,0.0356985406562595,NA,NA,NA,NA,NA,NA,NA
1981,"Southeast Anatolia","female",0.0584992441901115,0.0674614353114365,0.0686485545509848,0.066294844575338,1261,86.7150897695092,88.2410156699779,85.2155512563116,193.187504564395,218.776849893466,168.040668249049,NA,0.0393400806593936,0.0422805188546246,0.0366041379863133,NA,NA,NA,NA,NA,NA,NA
1981,"West Anatolia","female",0.0514734784767488,0.0552616963953604,0.0562341367636709,0.0543060721519937,1950,93.144948190679,94.7840203443236,91.5342200291449,143.511283089785,180.35081238373,107.308808928129,NA,0.0336077252239306,0.0361197037772759,0.0312704445665419,NA,NA,NA,NA,NA,NA,NA
1981,"West Black Sea","female",0.0365312751123237,0.0401401977020177,0.0408465449765954,0.0394460650828679,611,91.0092057431183,92.6106952254404,89.4354103468376,60.3606552337166,72.1745922901157,48.7510131120972,NA,0.0258752492838988,0.0278092710253446,0.0240757308918209,NA,NA,NA,NA,NA,NA,NA
1981,"West Marmara","female",0.0410314881037859,0.0414177150405367,0.0421465427945824,0.0407014906902302,341,99.0674837171177,100.810774760235,97.3543388926795,3.20981254930069,9.26687446967122,-2.74250638285037,NA,0.0265597266664957,0.0285449090412147,0.0247126056551953,NA,NA,NA,NA,NA,NA,NA
1981,"Aegean","male",0.0656786836808886,0.0644775109463554,0.0656121220528227,0.0633625203356536,1932,101.862932853491,103.655415430077,100.101447150288,-35.3336210937705,-1.95797263611644,-68.1321142904696,NA,0.0379744574026223,0.0408128233418435,0.0353334882751201,NA,NA,NA,NA,NA,NA,NA
1981,"Central Anatolia","male",0.0472965018527074,0.0589322247484147,0.05996925542387,0.0579131271390648,679,80.2557549025496,81.6680158526683,78.8679157651866,167.045247252953,181.933110013439,152.414835919288,NA,0.0353751012181119,0.0380191806668167,0.0329149067455807,NA,NA,NA,NA,NA,NA,NA
1981,"Central East Anatolia","male",0.0370836923242294,0.0428803113186322,0.0436348763872402,0.042138794721566,458,86.4818635496144,88.0036853670391,84.9863581487617,71.590808062602,80.9100203568061,62.4327501624603,NA,0.0273357260596004,0.0293789097962058,0.0254346374453289,NA,NA,NA,NA,NA,NA,NA
1981,"East Black Sea","male",0.023277433134869,0.0253923985658119,0.0258392287397714,0.0249532952944771,179,91.670871794717,93.2840046181034,90.0856344022399,16.2637697183062,19.6998273229115,12.8871308460764,NA,0.0174603230880254,0.0187653789000258,0.0162460286020559,NA,NA,NA,NA,NA,NA,NA
1981,"East Marmara","male",0.0509336431189201,0.0524251994384144,0.0533477259545374,0.0515186259016876,837,97.1548867043481,98.8645217675569,95.474815856866,24.5109629504003,39.6709759930977,9.61310754923204,NA,0.0322147016883082,0.0346225599769683,0.0299743001544963,NA,NA,NA,NA,NA,NA,NA
1981,"Istanbul","male",0.12305534050577,0.116580020053292,0.118631479292386,0.114564036094746,4572,105.554399844431,107.411841185485,103.729078689545,-240.584154958648,-164.364207067019,-315.48605373517,NA,0.0592059679032284,0.0636312635937877,0.0550884335369436,NA,NA,NA,NA,NA,NA,NA
1981,"Mediterranean","male",0.0409123836168757,0.046630577500041,0.0474511360227879,0.0458242086542059,1295,87.7372441223568,89.2811568784628,86.2200297949199,180.998035901397,206.971181267559,155.474036489991,NA,0.0292897662226888,0.0314790028965088,0.0272527820592092,NA,NA,NA,NA,NA,NA,NA
1981,"Northeast Anatolia","male",0.0675544200790025,0.0686469184953712,0.0698548986888746,0.0674598275476508,441,98.4085251890187,100.140220535377,96.7067755403695,7.13190641049312,15.0176859747618,-0.617506689825859,NA,0.0398765026619192,0.042857035227028,0.0371032540193824,NA,NA,NA,NA,NA,NA,NA
1981,"Southeast Anatolia","male",0.0558989970349636,0.0635352054901368,0.0646532348424297,0.0624365098902177,1300,87.9811383369828,89.529342900894,86.4597064187096,177.589429476097,203.590578603542,152.037910564201,NA,0.0375385012895844,0.0403442820895601,0.034927851137368,NA,NA,NA,NA,NA,NA,NA
1981,"West Anatolia","male",0.065346177266408,0.0664878654096245,0.0676578527343811,0.0653381103311601,2622,98.2828623897267,100.01234644713,96.5832857908622,45.8099683369333,92.7554346800534,-0.323683880294993,NA,0.0388969675925002,0.0418042857085433,0.0361918416317498,NA,NA,NA,NA,NA,NA,NA
1981,"West Black Sea","male",0.0458279055959159,0.0498535835640568,0.0507308573418247,0.0489914802234052,789,91.9249978028796,93.5426024829967,90.3353658841744,69.308424104509,84.4120820539266,54.4659492645793,NA,0.0309301695648124,0.0332420166797376,0.0287791020179346,NA,NA,NA,NA,NA,NA,NA
1981,"West Marmara","male",0.0512124429204605,0.0504590741331658,0.0513470027317307,0.0495865002223959,452,101.493029351483,103.279002734156,99.7379402806173,-6.64921789390286,1.1876222110435,-14.350537830555,NA,0.0312345144885132,0.0335691095852211,0.0290622809895038,NA,NA,NA,NA,NA,NA,NA
1981,"Aegean","total",0.0625862289005386,0.0618690650374144,0.0629577753072109,0.0607991815137314,3591,101.159163893442,102.939262243857,99.4098482596323,-41.1485957489385,21.3181584798886,-102.535130790881,NA,0.0367619882529648,0.0395097292992414,0.0342053414255378,NA,NA,NA,NA,NA,NA,NA
1981,"Central Anatolia","total",0.0461468378995889,0.0571709346318076,0.0581769718756202,0.0561822944938136,1289,80.7173053874034,82.137688243883,79.3214847934142,307.931406237402,336.032616770963,280.316141662892,NA,0.0345318665128206,0.0371129191579851,0.0321303155858786,NA,NA,NA,NA,NA,NA,NA
1981,"Central East Anatolia","total",0.0397645376445456,0.0457574003570626,0.0465625935769339,0.0449661311064444,954,86.9029650597447,88.4321970027051,85.4001776744758,143.776122303924,163.093694624864,124.792603072858,NA,0.0288392672747182,0.0309948318184529,0.02683361348157,NA,NA,NA,NA,NA,NA,NA
1981,"East Black Sea","total",0.0213042906669863,0.0242415752874259,0.0246681544179735,0.0238223728641716,318,87.8832766203805,89.4297591111402,86.3635369959568,43.8435864352543,50.2109499694151,37.5863318437442,NA,0.0167581594239712,0.0180107326578352,0.0155926975661958,NA,NA,NA,NA,NA,NA,NA
1981,"East Marmara","total",0.0482838379284224,0.0502002463165358,0.0510836203206209,0.0493321482389839,1543,96.1824721416116,97.8749956205372,94.5192169728261,61.2424005573564,89.4722626972314,33.5007091108678,NA,0.0311045618672368,0.0334294437746282,0.0289413660447157,NA,NA,NA,NA,NA,NA,NA
1981,"Istanbul","total",0.121775185515214,0.115516723549741,0.11754947195455,0.113519126864531,8787,105.417797331118,107.272834877012,103.594838403271,-451.595331659284,-304.917170936416,-595.737030139732,NA,0.0588187757174065,0.0632151310836704,0.0547281689935189,NA,NA,NA,NA,NA,NA,NA
1981,"Mediterranean","total",0.0359656264880372,0.0418754449928916,0.0426123274233679,0.041151305253303,2277,85.8871505583819,87.3985072081047,84.4019293541667,374.153269373171,420.805627695158,328.307656546388,NA,0.0268034479207683,0.0288068470167814,0.0249393770870802,NA,NA,NA,NA,NA,NA,NA
1981,"Northeast Anatolia","total",0.0672659499793576,0.0675010884092516,0.0686889054245749,0.0663338119638085,857,99.6516523874868,101.405223049834,97.9284057062465,2.99577474905232,18.1291250168239,-11.8758789487206,NA,0.0393580788839989,0.0422998623399966,0.0366208845075688,NA,NA,NA,NA,NA,NA,NA
1981,"Southeast Anatolia","total",0.0579294227539851,0.0660259376955231,0.0671877964758132,0.0648841705969988,2597,87.7373722750067,89.2812872862161,86.2201557314637,362.970116109566,415.056726142393,311.784224486583,NA,0.0386859004498071,0.0415774425461336,0.0359954533507391,NA,NA,NA,NA,NA,NA,NA
1981,"West Anatolia","total",0.0597527804147497,0.0619468023331446,0.0630368805465519,0.060875574521297,4664,96.4582160244597,98.1555917699725,94.790192497903,171.254260577773,256.340255774015,87.6396324420066,NA,0.0367983814215184,0.0395488426417517,0.0342392035971745,NA,NA,NA,NA,NA,NA,NA
1981,"West Black Sea","total",0.0415065157363264,0.0452961769778946,0.0460932540474855,0.0445128835273603,1409,91.6335958254984,93.2460727034546,90.0490030353817,128.645649837005,155.703608596735,102.055596390602,NA,0.0286002317220496,0.030737929772953,0.0266112018797924,NA,NA,NA,NA,NA,NA,NA
1981,"West Marmara","total",0.0463890995458614,0.0461824479846888,0.0469951207699468,0.045383828510606,795,100.447467750608,102.215042380174,98.7104592686292,-3.54152145095702,10.3857776474312,-17.22797986708,NA,0.029058893644043,0.0312308739590272,0.0270379657297974,NA,NA,NA,NA,NA,NA,NA
1982,"Aegean","female",0.0485253905198739,0.0473616549382553,0.0481950782346096,0.0465426437855546,1380,102.457126093114,104.260064691329,100.685365181184,-33.0951505063299,-9.39365863481476,-56.3867794580656,NA,0.029664927028731,0.0318822047524154,0.0276018519564043,NA,NA,NA,NA,NA,NA,NA
1982,"Central Anatolia","female",0.0352101472198363,0.0342853837596387,0.034888703841823,0.0336924967139816,480,102.697252761354,104.504416869839,100.921339409657,-12.6067766238923,-4.38205556151325,-20.6892700067964,NA,0.0226537503764296,0.0243469841409663,0.0210782741363882,NA,NA,NA,NA,NA,NA,NA
1982,"Central East Anatolia","female",0.0373531262009926,0.0387502616329253,0.039432150195029,0.0380801647689364,436,96.3945135515019,98.0907683242565,94.7275916130526,16.3079000414821,24.2671645881085,8.48627271296743,NA,0.0251232684290311,0.0270010840521702,0.023376047248237,NA,NA,NA,NA,NA,NA,NA
1982,"East Black Sea","female",0.0181280343944705,0.0199844795540532,0.0203361465481139,0.0196388938337692,133,90.7105653937023,92.3067997001911,89.1419342970451,13.62018632863,16.2002625350354,11.0847266203343,NA,0.0140926502359187,0.0151459924337781,0.0131125637055665,NA,NA,NA,NA,NA,NA,NA
1982,"East Marmara","female",0.0424504304624985,0.0418853001632455,0.0426223560152075,0.0411609900010978,657,101.349233017432,103.132676015242,99.596630574228,-8.74645092085018,2.66087026442801,-19.956508659875,NA,0.0268086866285285,0.0288124772869415,0.0249442514640136,NA,NA,NA,NA,NA,NA,NA
1982,"Istanbul","female",0.0951972342271028,0.0879101556465978,0.089457111127725,0.086389951211088,3657,108.28923407871,110.194800312475,106.416620240712,-279.93298949561,-220.506723171673,-338.331614894716,NA,0.0481531614243249,0.0517523252465626,0.0448043048135523,NA,NA,NA,NA,NA,NA,NA
1982,"Mediterranean","female",0.0324460348913595,0.0344365198948383,0.0350424995204052,0.0338410192964988,1042,94.2198427438157,95.8778298226862,92.5905267472893,63.9241553111099,83.3851086126433,44.7997345445201,NA,0.0227387458153022,0.0244383324858494,0.0211573584880355,NA,NA,NA,NA,NA,NA,NA
1982,"Northeast Anatolia","female",0.0555757317483294,0.0555437071269032,0.0565211100395715,0.054583206154997,354,100.057656615092,101.818371736013,98.3273890222958,-0.2039868055395,6.02176353907879,-6.32207708268703,NA,0.033744900671157,0.0362671322773103,0.0313980800190993,NA,NA,NA,NA,NA,NA,NA
1982,"Southeast Anatolia","female",0.0557044366118087,0.0598442806374995,0.0608973607653345,0.0588094111142246,1248,93.082306309658,94.7202761537856,91.472661395727,92.7489022116226,116.342067845747,69.5637262435512,NA,0.0358083363075471,0.0384847975150877,0.0333180120958596,NA,NA,NA,NA,NA,NA,NA
1982,"West Anatolia","female",0.0513566100010157,0.0499713053492063,0.05085065067786,0.0491071662803884,1957,102.772200249981,104.580683209826,100.994990853433,-52.788554453603,-19.2801354177425,-85.7175222659848,NA,0.0309894344376125,0.0333057112510206,0.0288342452597721,NA,NA,NA,NA,NA,NA,NA
1982,"West Black Sea","female",0.0348514838086145,0.0368539247173388,0.0375024434285528,0.0362166206492347,573,94.5665463744157,96.2306343989356,92.9312349340951,32.9225190812517,43.5849409042717,22.4444793791549,NA,0.0240846967064155,0.0258848852400704,0.0224097039666245,NA,NA,NA,NA,NA,NA,NA
1982,"West Marmara","female",0.0372927612416129,0.0360087784826166,0.0366424251509984,0.0353860892794872,308,103.565749278655,105.38819632502,101.774817272423,-10.6043821000192,-5.37110981435603,-15.7471569490391,NA,0.0236170009049203,0.0253822319454685,0.0219745345067097,NA,NA,NA,NA,NA,NA,NA
1982,"Aegean","male",0.0565397620520984,0.0544906182488166,0.0554494899508405,0.0535483280327861,1694,103.760544235202,105.586419089464,101.966243697146,-61.3948392559689,-32.6658774727252,-89.6269995626385,NA,0.0332314514096068,0.035715305722306,0.0309203390662662,NA,NA,NA,NA,NA,NA,NA
1982,"Central Anatolia","male",0.0365668005289783,0.03656206088379,0.0372054436655572,0.0359298039310172,526,100.012963287828,101.772891940029,98.2834685635797,-0.0681780558595619,9.18664703996478,-9.16296218647847,NA,0.0239235242490493,0.0257116660954144,0.0222597403984229,NA,NA,NA,NA,NA,NA,NA
1982,"Central East Anatolia","male",0.0329154845937019,0.0364834554991065,0.0371254550614972,0.0358525578461047,410,90.2203043637356,91.8079115442473,88.660151206708,44.4431576588661,52.439996345257,36.584605949127,NA,0.023880055450339,0.0256649482612703,0.0222192946779407,NA,NA,NA,NA,NA,NA,NA
1982,"East Black Sea","male",0.0239870341217731,0.0272748272265321,0.0277547825077455,0.0268031716706685,187,87.9456867775838,89.4932675002146,86.4248679126886,25.6312350859529,29.3729080719199,21.9542657491543,NA,0.0185930958374466,0.0199828197081565,0.0173000216120332,NA,NA,NA,NA,NA,NA,NA
1982,"East Marmara","male",0.0533195367272457,0.0509068454394699,0.0518026534721168,0.0500265283513509,875,104.739424073418,106.582524281451,102.928196054562,-39.593458727954,-24.8928053337639,-54.0398980517692,NA,0.0314588236907498,0.033810184572752,0.029270990398652,NA,NA,NA,NA,NA,NA,NA
1982,"Istanbul","male",0.0978574995246205,0.0891464319356257,0.0907151421772519,0.0876048489382845,3967,109.771639088467,111.703291211151,107.873390457144,-353.133947765015,-289.540727431755,-415.627469264755,NA,0.0486585443847557,0.0522954825921794,0.0452745404437155,NA,NA,NA,NA,NA,NA,NA
1982,"Mediterranean","male",0.0362695492592082,0.0386275948860011,0.0393073248806998,0.0379596192619463,1172,93.8954376171957,95.5477161373101,92.2717314629996,76.1969622189229,98.1614908678334,54.6122596962307,NA,0.0250565324879578,0.0269293599944777,0.0233139525205509,NA,NA,NA,NA,NA,NA,NA
1982,"Northeast Anatolia","male",0.0508095577303952,0.0528545793025787,0.0537846616184775,0.0519405806262961,339,96.1308526164285,97.8224677462918,94.4684900888915,13.644328821927,19.8498129704552,7.54615428350894,NA,0.0324271504077504,0.034850887980812,0.0301719739292097,NA,NA,NA,NA,NA,NA,NA
1982,"Southeast Anatolia","male",0.0536924319365707,0.0574797622721198,0.0584912339575782,0.0564857816686796,1300,93.4110194860947,95.0547736977537,91.7956902319963,91.6987601163271,116.188490673685,67.6325232582406,NA,0.0346803579297481,0.0372725094294824,0.0322684800284495,NA,NA,NA,NA,NA,NA,NA
1982,"West Anatolia","male",0.0563100735219229,0.05524319777127,0.0562153126191927,0.0542878934191626,2260,101.931234602078,103.724919084899,100.168567776848,-42.8189672943117,-3.80322075208824,-81.1600260201931,NA,0.0335987189114136,0.036110024296202,0.0312620646064454,NA,NA,NA,NA,NA,NA,NA
1982,"West Black Sea","male",0.045418433561563,0.0471243402592233,0.0479535875278958,0.046309432919387,771,96.3799881583989,98.0759873277329,94.7133174032953,28.9585958994663,43.0354716085311,15.1251474569502,NA,0.0295433468225185,0.0317515371453603,0.0274887271592504,NA,NA,NA,NA,NA,NA,NA
1982,"West Marmara","male",0.0406932776920744,0.0381996672245915,0.0388718669739342,0.0375390916275776,354,106.527832959439,108.402403808247,104.685678512333,-21.6924798284529,-15.844862610986,-27.4389759232725,NA,0.0248232440249246,0.0266786345995496,0.0230968883216893,NA,NA,NA,NA,NA,NA,NA
1982,"Aegean","total",0.0531036130073928,0.0513864899739001,0.0522907383139962,0.0504978785340838,3102,103.341584596194,105.160087015438,101.554529003808,-100.304204332627,-47.4833472924947,-152.21164584563,NA,0.0316983898048795,0.0340676568360423,0.0294938956634981,NA,NA,NA,NA,NA,NA,NA
1982,"Central Anatolia","total",0.0363971770506735,0.0358560997561909,0.0364870597362038,0.0352360507813196,1020,101.509024400762,103.295279248404,99.7536587322188,-15.1632320167008,2.51888598704284,-32.539578360489,NA,0.0235321854577162,0.0252910770455658,0.0218956176290422,NA,NA,NA,NA,NA,NA,NA
1982,"Central East Anatolia","total",0.0353064734106032,0.0377785591684602,0.0384433486770773,0.0371252656690615,852,93.4563789295574,95.1009313315865,91.8402652879599,59.655266081081,75.6976686953192,43.8902800114006,NA,0.0245929436076711,0.0264311205891383,0.0228826043621715,NA,NA,NA,NA,NA,NA,NA
1982,"East Black Sea","total",0.0213425583438333,0.0239195807498906,0.0243404937408318,0.0235059464833592,323,89.2263061254988,90.7964219136743,87.6833418873119,39.0008650203373,45.3709961866077,32.7408906565678,NA,0.0165603470050471,0.0177981349313484,0.0154086421968031,NA,NA,NA,NA,NA,NA,NA
1982,"East Marmara","total",0.0493588931364547,0.047595809186334,0.0484333528962493,0.0467727488731703,1575,103.704284012104,105.529168854918,101.910956365519,-56.2584986207739,-29.5331962630025,-82.5216481944283,NA,0.0297847002695842,0.032010930334145,0.0277132954552932,NA,NA,NA,NA,NA,NA,NA
1982,"Istanbul","total",0.098162193826112,0.0897512325500328,0.0913305854713194,0.088199190913757,7757,109.371415898261,111.296025291317,107.480088208717,-664.653305672052,-539.849242795037,-787.299168639603,NA,0.0489047445018883,0.0525600847109335,0.0455036183436263,NA,NA,NA,NA,NA,NA,NA
1982,"Mediterranean","total",0.0350192837662662,0.0370506030972231,0.0377025827589443,0.0364098979278096,2257,94.5174459761786,96.1806699807273,92.8829836145867,130.91894627457,172.939168799001,89.6253670849442,NA,0.0241931039897048,0.0260013953261775,0.0225105719640898,NA,NA,NA,NA,NA,NA,NA
1982,"Northeast Anatolia","total",0.0538831727855367,0.0547562065255468,0.0557197517859023,0.0538093235696517,703,98.4055985697206,100.137242416343,96.7038995302375,11.3902483372659,23.9613773746372,-0.963491867373932,NA,0.0333612545997847,0.0358548109327099,0.0310411149722809,NA,NA,NA,NA,NA,NA,NA
1982,"Southeast Anatolia","total",0.0555557451660437,0.0592998375113837,0.0603433370706042,0.0582743828827716,2591,93.6861676145045,95.3347636092572,92.0660803048416,174.616382838209,223.28294918269,126.791393095151,NA,0.0355499983539546,0.0382071503284362,0.0330776404966686,NA,NA,NA,NA,NA,NA,NA
1982,"West Anatolia","total",0.054854238245521,0.0534389134465594,0.0543792782935288,0.0525148100519883,4294,102.648490973487,104.454797020529,100.873420845029,-110.791889216282,-37.1799536204662,-183.130875285638,NA,0.0327153542059327,0.035160633307176,0.0304401343249186,NA,NA,NA,NA,NA,NA,NA
1982,"West Black Sea","total",0.0403660994923164,0.0422130716122356,0.0429558952601462,0.0414830933949363,1349,95.6246440986687,97.3073514745257,93.9710352859703,61.724204743766,86.5487261524333,37.3289664739846,NA,0.0269827111286166,0.0289995090884481,0.0251061732676157,NA,NA,NA,NA,NA,NA,NA
1982,"West Marmara","total",0.039441700424153,0.0374159910619808,0.0380744004576806,0.0367689673460853,669,105.414020328411,107.268991410367,103.591126715159,-34.3595623089145,-23.1917911178572,-45.3342125212322,NA,0.0243940732273613,0.0262173858249136,0.0226975646083062,NA,NA,NA,NA,NA,NA,NA
1983,"Aegean","female",0.0559879622573683,0.0553968690054381,0.0563716880068941,0.0544389072619283,1634,101.067015632007,102.84549244897,99.3192934909473,-17.2509649344647,11.1989765200406,-45.2089299287882,NA,0.033673505128154,0.036190400340022,0.0313316497458542,NA,NA,NA,NA,NA,NA,NA
1983,"Central Anatolia","female",0.0432085891145231,0.043839658850141,0.0446111055624137,0.0430815525387023,597,98.560504912287,100.294874646652,96.8561271230357,8.71929956253223,19.3781453305837,-1.75522592427239,NA,0.0278403987633021,0.0299213037976063,0.0259042122142308,NA,NA,NA,NA,NA,NA,NA
1983,"Central East Anatolia","female",0.0407515272766343,0.0449347319169994,0.0457254486359119,0.0441576888294716,479,90.6904871534739,92.2863681430628,89.1222032639146,49.1700595448303,58.4642709197319,40.03657023045,NA,0.0284123821342086,0.0305360395402076,0.0264364164670847,NA,NA,NA,NA,NA,NA,NA
1983,"East Black Sea","female",0.0233108289873866,0.0249242232012156,0.0253628148907692,0.0244932159486014,174,93.5268024170546,95.1725940615718,91.909470962825,12.0429262021592,15.3167245738783,8.82574066167714,NA,0.0171755721969382,0.0184593445651263,0.0159810809777913,NA,NA,NA,NA,NA,NA,NA
1983,"East Marmara","female",0.052910313179755,0.0523166084118875,0.053237224051133,0.0514119127078064,822,101.134830383486,102.914500536995,99.3859355418982,-9.22363316068584,5.0787969324582,-23.278735541732,NA,0.0321608823365647,0.0345647179472114,0.0299242237198643,NA,NA,NA,NA,NA,NA,NA
1983,"Istanbul","female",0.0817819756678416,0.077588378049751,0.0789537011550629,0.0762466650748654,3435,105.404930124202,107.259741245786,103.582193705174,-176.139151695813,-118.792959843046,-232.493672739063,NA,0.0438168135845837,0.0470918610704525,0.0407695323366779,NA,NA,NA,NA,NA,NA,NA
1983,"Mediterranean","female",0.041466893764415,0.043396818596788,0.0441604726467439,0.0426463701914517,1356,95.5528425935908,97.2342864779776,93.900475423178,63.1100580517459,88.082145366104,38.5698056900105,NA,0.0276078588712672,0.029671382924928,0.025687844526298,NA,NA,NA,NA,NA,NA,NA
1983,"Northeast Anatolia","female",0.0618196780408677,0.0633937310667973,0.0645092708929026,0.0622974819424221,407,97.5170210059555,99.2330285484154,95.8306878766308,10.3630365258428,17.7073761214759,3.14570043221681,NA,0.0374728496555406,0.0402737233844302,0.0348667653075656,NA,NA,NA,NA,NA,NA,NA
1983,"Southeast Anatolia","female",0.0544120565166167,0.0601036741168238,0.0611613187931077,0.0590643189784922,1266,90.5303333218128,92.1233960835651,88.9648189253049,132.426310328148,157.034425622714,108.243735925249,NA,0.0359311308957787,0.0386167702720305,0.0334322668197001,NA,NA,NA,NA,NA,NA,NA
1983,"West Anatolia","female",0.0497126766497113,0.0505039191202701,0.0513926368563141,0.0496305697183432,1904,98.4333048120989,100.165436205617,96.7311266567238,30.3046579961738,64.3426274531591,-3.14470287782615,NA,0.0312570083851371,0.0335932847674877,0.0290832105270663,NA,NA,NA,NA,NA,NA,NA
1983,"West Black Sea","female",0.0476653847198874,0.0499595428868026,0.0508386812313421,0.0490956072227836,776,95.4079680590487,97.0868625854729,93.7581061613015,37.3492577053187,51.6617689621092,23.2842484912196,NA,0.0309835148657013,0.0332993492261441,0.0288287373700215,NA,NA,NA,NA,NA,NA,NA
1983,"West Marmara","female",0.0464749095321266,0.0448070705897198,0.0455955408515705,0.0440322351119334,384,103.72226731285,105.547468607904,101.928628686342,-13.7805573013863,-7.26580377956628,-20.1826531088947,NA,0.0283459231834854,0.0304646131762548,0.0263745794661959,NA,NA,NA,NA,NA,NA,NA
1983,"Aegean","male",0.0663805769059371,0.0643934082380796,0.0655265393887375,0.063279871990747,2045,103.085981503744,104.899986073998,101.303345980371,-61.2191113000888,-26.3105083456569,-95.5240500628531,NA,0.0379356405013538,0.0407711051069427,0.035297370931525,NA,NA,NA,NA,NA,NA,NA
1983,"Central Anatolia","male",0.0470773717091066,0.047326950335811,0.0481597629350897,0.0465085393195814,686,99.4726500969669,101.223070855046,97.7524988496269,3.63679899075839,15.772341447022,-8.28888710324577,NA,0.0296471592741095,0.0318631089632943,0.0275853198768821,NA,NA,NA,NA,NA,NA,NA
1983,"Central East Anatolia","male",0.0425970607529149,0.0467938686422441,0.0476173006000973,0.0459846760507696,539,91.0312867666161,92.6331648088276,89.4571095296986,53.1041206216008,63.5233800126964,42.8650384150916,NA,0.0293737199631072,0.0315692316821435,0.0273308971582946,NA,NA,NA,NA,NA,NA,NA
1983,"East Black Sea","male",0.0288040435825305,0.0304425682985147,0.0309782663363876,0.0299161339290687,228,94.6176528211514,96.2826401660891,92.9814576120963,12.9698330088268,17.2101804546658,8.802812642753,NA,0.0204574726004603,0.0219865475999016,0.019034738550788,NA,NA,NA,NA,NA,NA,NA
1983,"East Marmara","male",0.058139670839842,0.056984245250753,0.0579869973205246,0.0559988334772531,954,102.027622870154,103.823003497847,100.263289230987,-18.9591030714178,-2.5051833855407,-35.1284899691973,NA,0.0344419691897195,0.037016302542039,0.0320466702561223,NA,NA,NA,NA,NA,NA,NA
1983,"Istanbul","male",0.0904507649620461,0.0838058211351657,0.0852805526198488,0.0823565917477969,4003,107.928976456377,109.828203234826,106.062592447359,-294.079438135913,-228.813543086122,-358.216709280849,NA,0.0464543966578521,0.0499265878679263,0.0432236822302733,NA,NA,NA,NA,NA,NA,NA
1983,"Mediterranean","male",0.0480314467446897,0.0507015316930522,0.0515937268186008,0.0498247650350932,1597,94.7337193587618,96.4007491271851,93.0955170452489,88.7777893762127,118.442430191114,59.6261304598554,NA,0.0313560523670695,0.0336997317008783,0.0291753664027177,NA,NA,NA,NA,NA,NA,NA
1983,"Northeast Anatolia","male",0.0669583627283182,0.0658535889402591,0.0670124148985772,0.0647148022180098,464,101.677621228907,103.466842875839,99.9193400650598,-7.65572837763887,0.374564221379728,-15.5471554913461,NA,0.0386070127582406,0.0414926584665189,0.0359220519774038,NA,NA,NA,NA,NA,NA,NA
1983,"Southeast Anatolia","male",0.0574706806598025,0.0613564994485751,0.0624361900989517,0.0602954795706896,1451,93.6668179839213,95.3150734831201,92.0470652817226,98.1078177216145,125.367476311186,71.3195523811519,NA,0.0365216230663718,0.0392513982375508,0.0339816926604697,NA,NA,NA,NA,NA,NA,NA
1983,"West Anatolia","male",0.0626101789482624,0.061574232343396,0.0626577544406922,0.0605094472746737,2534,101.682435274368,103.471741634084,99.9240708626498,-41.9275066902578,1.92550636082433,-85.0221824996311,NA,0.0366238138766848,0.0393612272061188,0.0340767765153812,NA,NA,NA,NA,NA,NA,NA
1983,"West Black Sea","male",0.0631573943720782,0.0639175775394193,0.0650423354947171,0.0628122696922452,1067,98.8106821368938,100.549454241224,97.1019781065641,12.8427628723,31.8447617709971,-5.83064005478673,NA,0.0377156818721868,0.0405347058720696,0.0350927095307765,NA,NA,NA,NA,NA,NA,NA
1983,"West Marmara","male",0.0527949627521447,0.0500660816393597,0.0509470947469003,0.0492003036320642,458,105.450558588631,107.306172634548,103.627033130004,-23.6732348031588,-16.030384382979,-31.1839196615398,NA,0.0310371151370586,0.0333569558005524,0.0288786099604173,NA,NA,NA,NA,NA,NA,NA
1983,"Aegean","total",0.0621964789472001,0.0607005971883837,0.0617687459231641,0.0596509196351458,3733,102.464360859868,104.267426768312,100.692474839246,-89.7820375073338,-25.672311451614,-152.783132948176,NA,0.0362130094064034,0.0389197175330279,0.0336945418258856,NA,NA,NA,NA,NA,NA,NA
1983,"Central Anatolia","total",0.0462264070964256,0.0464575849803779,0.047275099352827,0.0456542076432455,1313,99.5023893642987,101.253333444425,97.7817238445662,6.56630226520156,29.7867175742817,-16.2525692394447,NA,0.0292007243274778,0.0313833056466246,0.0271699326658108,NA,NA,NA,NA,NA,NA,NA
1983,"Central East Anatolia","total",0.0421092552164892,0.0461867974141026,0.0469995467362936,0.0453881027266177,1028,91.1716282013346,92.7759758325267,89.5950240813108,99.5437548728039,119.385148383968,80.0454727371232,NA,0.0290611377811124,0.0312332858320608,0.0270400537962572,NA,NA,NA,NA,NA,NA,NA
1983,"East Black Sea","total",0.0261380329508546,0.0277723621103875,0.0282610725156248,0.0272921028302818,402,94.1152677145831,95.7714145861025,92.4877601032429,25.1357982204523,32.6521091561223,17.7494646365332,NA,0.0188893239348564,0.0203011891026234,0.017575648249581,NA,NA,NA,NA,NA,NA,NA
1983,"East Marmara","total",0.0564781818493309,0.0554136924867822,0.0563888075311298,0.0544554398197637,1805,101.920986158435,103.714490299339,100.158496556523,-34.0202753786609,-2.85633565158446,-64.6453062725875,NA,0.0336816882622537,0.0361991951149638,0.0313392637762458,NA,NA,NA,NA,NA,NA,NA
1983,"Istanbul","total",0.0877683812718746,0.081945455635041,0.0833874502580251,0.080528397000461,7577,107.105855464112,108.990597778039,105.253705444037,-502.690227516214,-378.20356044979,-625.024183305514,NA,0.0456734947720408,0.0490873181879143,0.0424970888958698,NA,NA,NA,NA,NA,NA,NA
1983,"Mediterranean","total",0.0454875183599091,0.0476347184180014,0.0484729468138754,0.0468109852589519,3001,95.4923632816503,97.17274291126,93.8410419621699,141.659681747209,196.961081047876,87.3145932605516,NA,0.0298045848773174,0.0320323011986193,0.0277317971693993,NA,NA,NA,NA,NA,NA,NA
1983,"Northeast Anatolia","total",0.0650271788496576,0.0650991238649719,0.0662446734973072,0.0639733838851091,879,99.8894838961834,101.647239680866,98.1621244646951,0.97251133418365,16.4573923429506,-14.2445941869886,NA,0.0382607962501634,0.0411205643235434,0.035599913419923,NA,NA,NA,NA,NA,NA,NA
1983,"Southeast Anatolia","total",0.0565843396248177,0.061206296018732,0.0622833435385466,0.0601478735645293,2746,92.4485605328907,94.0753783491806,90.8498747980641,224.300439694837,276.568832487278,172.935908827964,NA,0.036451052256357,0.0391755526771602,0.0339160297633862,NA,NA,NA,NA,NA,NA,NA
1983,"West Anatolia","total",0.0574978321256252,0.0571249287004675,0.0581301563776593,0.0561370841294973,4532,100.652785804098,102.423973416555,98.9122268174784,-29.3923833358176,49.8400270806251,-107.254651009755,NA,0.0345097223910939,0.0370891198942192,0.0321097114977912,NA,NA,NA,NA,NA,NA,NA
1983,"West Black Sea","total",0.0562285326881363,0.057633125925733,0.0586472963522276,0.0566364932497905,1866,97.56287167313,99.2796860500262,95.8757456617189,46.612829039881,80.2690872661997,13.5385785766273,NA,0.0347539973032487,0.0373516529103178,0.0323369980829034,NA,NA,NA,NA,NA,NA,NA
1983,"West Marmara","total",0.0502872537279017,0.0479660075361658,0.0488100656284318,0.0471365454919476,852,104.839356683972,106.68421540669,103.026400559907,-39.3280922847778,-25.0275003594012,-53.3813882849496,NA,0.0299736833278981,0.0322140387575727,0.0278891355102105,NA,NA,NA,NA,NA,NA,NA
1984,"Aegean","female",0.0534201334727167,0.05264747292173,0.0535739107855324,0.0517370556751066,1591,101.467611849358,103.25313796011,99.7129623158718,-23.0119780072741,4.57991563826317,-50.1267331607355,NA,0.0323247495341382,0.0347408332479563,0.0300766946200472,NA,NA,NA,NA,NA,NA,NA
1984,"Central Anatolia","female",0.0352204962897803,0.0364087328782996,0.037049417546331,0.0357791273815767,489,96.7363967526935,98.438667645975,95.063562728716,16.497430558767,25.3926715596228,7.75601234124832,NA,0.0238387095491656,0.0256205119986899,0.0221808242161025,NA,NA,NA,NA,NA,NA,NA
1984,"Central East Anatolia","female",0.0370499904530328,0.0413168238649221,0.0420438762364088,0.0406023441960074,437,89.6728910580375,91.2508654036682,88.1222041581137,50.326766031406,58.9022577509643,41.8995677650119,NA,0.026505899194131,0.0284870582838686,0.0246625216646986,NA,NA,NA,NA,NA,NA,NA
1984,"East Black Sea","female",0.0245596902297626,0.0276236180945776,0.0281097110505697,0.0271459310009384,186,88.9083035599294,90.4728234552487,87.3708384464693,23.2043066310731,26.8856759386133,19.5865981589518,NA,0.0188008991381082,0.02020615507566,0.0174933730379566,NA,NA,NA,NA,NA,NA,NA
1984,"East Marmara","female",0.0535496417467088,0.0521390344628015,0.0530565253323111,0.0512374094927334,831,102.70547258583,104.51278133861,100.929417091129,-21.8902426737345,-7.65233392788684,-35.8819394561436,NA,0.0320727948354459,0.0344700464267294,0.0298422623463293,NA,NA,NA,NA,NA,NA,NA
1984,"Istanbul","female",0.0665547492267022,0.0624215136897695,0.0635199454014689,0.0613420768342152,3028,106.621492002701,108.497710970196,104.777717937338,-188.047244580571,-138.072580688494,-237.157711325551,NA,0.037020271500491,0.0397873176908721,0.0344456621232468,NA,NA,NA,NA,NA,NA,NA
1984,"Mediterranean","female",0.034109577231038,0.0373800416576026,0.0380378184514408,0.0367336396041714,1126,91.2507737243266,92.8565140797117,89.6728009640783,107.962139764102,129.676178165841,86.623595834533,NA,0.0243743251342574,0.0261961616787293,0.022679189914792,NA,NA,NA,NA,NA,NA,NA
1984,"Northeast Anatolia","female",0.055935255505783,0.0576888762425432,0.0587040277076624,0.0566912794927883,378,96.9602099209085,98.6664192557138,95.2835055617181,11.8506411117908,18.7108449375404,5.10906877074075,NA,0.0347807498482544,0.037380405049728,0.0323618900971662,NA,NA,NA,NA,NA,NA,NA
1984,"Southeast Anatolia","female",0.0406692729872841,0.044113260218833,0.0448895214958606,0.0433504225994906,975,92.192852637814,93.8151707609005,90.598588784321,82.5657137222502,101.175703267393,64.2775412464016,NA,0.0279837126558823,0.0300753295554545,0.0260375592082237,NA,NA,NA,NA,NA,NA,NA
1984,"West Anatolia","female",0.0437185453324281,0.0445205550205616,0.045303983466403,0.0437506741721453,1679,98.1985631406367,99.9265637837012,96.5004443038642,30.8009851685838,60.8883622888848,1.23390020127704,NA,0.0281965545596562,0.0303040801318318,0.0262355988228972,NA,NA,NA,NA,NA,NA,NA
1984,"West Black Sea","female",0.0418536402305703,0.043196419034954,0.0439565466527441,0.0424494360802308,668,96.8914580551293,98.5964575629829,95.2159426017092,21.4312598948831,33.5631854785726,9.50912812793979,NA,0.0275023908927729,0.029558031839253,0.0255897114169288,NA,NA,NA,NA,NA,NA,NA
1984,"West Marmara","female",0.043225171733161,0.0414468097913992,0.0421761495259322,0.0407300823141335,355,104.290708864475,106.125913028567,102.487240345598,-14.6053436923906,-8.61541709689777,-20.4916882510669,NA,0.0265752420793883,0.0285615841393932,0.024727042034199,NA,NA,NA,NA,NA,NA,NA
1984,"Aegean","male",0.0643290922449482,0.0615413621597274,0.0626243058402249,0.0604771455054124,2024,104.529847873671,106.369260168192,102.722243994325,-87.7109484306454,-53.6380595892965,-121.194624838387,NA,0.0366083947314919,0.0393446555710808,0.03406242970905,NA,NA,NA,NA,NA,NA,NA
1984,"Central Anatolia","male",0.0446733219716287,0.0450822928483192,0.045875606197733,0.0443026980330571,655,99.0928347897776,100.836571935856,97.3792515767046,5.99632873513212,17.6278846824609,-5.43408614023701,NA,0.0284891282639529,0.0306185219889288,0.0265078252155161,NA,NA,NA,NA,NA,NA,NA
1984,"Central East Anatolia","male",0.0384823211335213,0.042169398494493,0.0429114536263158,0.0414401755035588,491,91.2565094770009,92.8623507644569,89.6784375300716,47.0438094925656,56.5117692983381,37.7395763277733,NA,0.0269595470169857,0.0289746135965693,0.0250846201257753,NA,NA,NA,NA,NA,NA,NA
1984,"East Black Sea","male",0.0297889757522225,0.0323855644775232,0.0329554534295948,0.0318255304472896,239,91.9822650394042,93.6008774513904,90.3916428152412,20.832696985245,25.4049743497985,16.3394866667992,NA,0.0215765448019209,0.0231892638251984,0.0200759838302161,NA,NA,NA,NA,NA,NA,NA
1984,"East Marmara","male",0.059710541480521,0.0573097036909647,0.0583181828546569,0.056318663860493,978,104.189234344157,106.022652860569,102.387520594279,-39.3233640152472,-22.8054662096694,-55.555622677941,NA,0.0345986236753487,0.0371846660233103,0.0321924300591537,NA,NA,NA,NA,NA,NA,NA
1984,"Istanbul","male",0.0754940951818764,0.070285251891604,0.0715220618466818,0.0690698297268877,3605,107.411004656148,109.301116682047,105.55357778095,-248.733096491764,-189.672849762352,-306.772031765394,NA,0.0406122578527882,0.0436477837638514,0.0377878404279334,NA,NA,NA,NA,NA,NA,NA
1984,"Mediterranean","male",0.043785883106404,0.046605608106126,0.0474257272423141,0.045799671048667,1485,93.9498160965925,95.6030515151012,92.3251695913636,95.6310876364344,123.445461376019,68.2976996716816,NA,0.0292769204759015,0.0314651970061766,0.0272408296818864,NA,NA,NA,NA,NA,NA,NA
1984,"Northeast Anatolia","male",0.0536515063398069,0.0571160837954966,0.0581211558288479,0.0561283921768634,380,93.9341473969143,95.5871070932306,92.3097718458955,24.5387226376026,31.6573927128566,17.5431536277881,NA,0.0345054643590852,0.0370845435995189,0.0321057495945977,NA,NA,NA,NA,NA,NA,NA
1984,"Southeast Anatolia","male",0.0402721948646082,0.0439521792770563,0.0447256060118865,0.0431921271830084,1047,91.6272993217218,93.2396654000666,90.0428154151902,95.67255255857,115.780167603879,75.912652579352,NA,0.0278993704643123,0.0299846832842437,0.025959082673185,NA,NA,NA,NA,NA,NA,NA
1984,"West Anatolia","male",0.0531715156037603,0.0539752549706038,0.0549250578222527,0.0530418767799891,2152,98.5109114032324,100.244408440352,96.8073912199289,32.5295808819274,70.9707596510325,-5.24684590212837,NA,0.0329789686258517,0.0354439513447832,0.0306854154336546,NA,NA,NA,NA,NA,NA,NA
1984,"West Black Sea","male",0.053939480455453,0.0552842649686455,0.0562571024762616,0.0543282504535867,894,97.5675094641211,99.2844054522502,95.8803032527554,22.2886343109479,38.4125703308181,6.44352476881147,NA,0.0336187116744371,0.0361315113999347,0.0312806669540811,NA,NA,NA,NA,NA,NA,NA
1984,"West Marmara","male",0.052814938713732,0.0500444400861612,0.0509250723671736,0.0491790363198721,454,105.536076780559,107.39319569056,103.711072481021,-23.8153523898747,-16.2453908351202,-31.2544088285233,NA,0.0310262301233013,0.0333452571964395,0.0288684819551137,NA,NA,NA,NA,NA,NA,NA
1984,"Aegean","total",0.0595310459762581,0.0576163265407488,0.0586302013483756,0.0566199843716238,3647,103.323223729224,105.141403052194,101.536485645904,-117.299833503469,-55.1876807136514,-178.337899124691,NA,0.034745934153473,0.0373429870878181,0.0323294956924138,NA,NA,NA,NA,NA,NA,NA
1984,"Central Anatolia","total",0.0406933662438178,0.0413785042839594,0.0421066420461112,0.0406629579937204,1162,98.344217482005,100.074781205298,96.6435798875966,19.5641323422224,40.3561227258851,-0.868308274164747,NA,0.0265388115595551,0.0285224306538164,0.0246931451089122,NA,NA,NA,NA,NA,NA,NA
1984,"Central East Anatolia","total",0.0381138049067471,0.0419844195352748,0.0427232195913587,0.0412583953310131,936,90.7808309097243,92.3783016788774,89.2109847321903,95.0546737898792,113.198148422926,77.2249489211165,NA,0.026861355050271,0.0288690823614914,0.0249932570111468,NA,NA,NA,NA,NA,NA,NA
1984,"East Black Sea","total",0.0275026498088882,0.0302347640317398,0.030766805336814,0.029711923160289,429,90.9636661295473,92.564354251045,89.3906582363946,42.6168754555617,50.9159201462692,34.4613437009494,NA,0.0203367125051787,0.0218567614022157,0.0189223768291842,NA,NA,NA,NA,NA,NA,NA
1984,"East Marmara","total",0.0574740632591391,0.0553996110596379,0.0563744783130364,0.0544416018985924,1834,103.744524843808,105.570117804754,101.95050132437,-66.1958650240408,-35.087806165011,-96.7659813813214,NA,0.0336748389518208,0.0361918338591137,0.0313328908075077,NA,NA,NA,NA,NA,NA,NA
1984,"Istanbul","total",0.0727535831024747,0.0677103460493006,0.0689018453724402,0.0665394509731065,6790,107.448251777508,109.339019241201,105.590180798808,-470.678942957619,-359.477816372243,-579.957101205296,NA,0.0394529953460095,0.0424018732457801,0.0367091999155287,NA,NA,NA,NA,NA,NA,NA
1984,"Mediterranean","total",0.0400085929584868,0.0428850955122366,0.0436397447683253,0.0421434961835191,2679,93.2925355082186,94.9342047566827,91.6792551626607,192.612380782592,243.144159272258,142.954433458734,NA,0.0273382512358586,0.0293816237144441,0.0254369870058444,NA,NA,NA,NA,NA,NA,NA
1984,"Northeast Anatolia","total",0.0557493696979107,0.0581643159572007,0.0591878337375328,0.0571584975684588,772,95.8480621330319,97.5347009972395,94.190589818053,33.4414276300189,47.6147847585033,19.5131661928706,NA,0.0350085371115918,0.0376252180628423,0.0325738356824059,NA,NA,NA,NA,NA,NA,NA
1984,"Southeast Anatolia","total",0.040991767393222,0.0444838913931503,0.0452666746689433,0.0437146445580468,2049,92.149688593867,93.7712471590403,90.5561711634757,174.5560762778,213.684004496019,136.104775800627,NA,0.0281774195435988,0.0302835148865747,0.0262177945694133,NA,NA,NA,NA,NA,NA,NA
1984,"West Anatolia","total",0.0496812407088572,0.0502942534705248,0.0511792817190039,0.0494245297549405,3921,98.7811475081803,100.51939989149,97.0729542114882,48.3808979849059,118.230114968484,-20.2604370572431,NA,0.0311517860947809,0.033480197733685,0.0289853060192239,NA,NA,NA,NA,NA,NA,NA
1984,"West Black Sea","total",0.0487301248416782,0.0499574507414263,0.0508365522704722,0.0490935512562611,1586,97.5432575491079,99.2597267761587,95.8564707189683,39.9452881215618,68.5570560904853,11.8282950310756,NA,0.0309824619264521,0.0332982175859177,0.0288277576584163,NA,NA,NA,NA,NA,NA,NA
1984,"West Marmara","total",0.0489416549732503,0.0465103100488432,0.0473287522246057,0.0457060209526277,823,105.227539704323,107.079229285735,103.407870845592,-40.8853536702172,-27.1224780375742,-54.410231947159,NA,0.029227873682376,0.0314124842551184,0.0271951938934515,NA,NA,NA,NA,NA,NA,NA
1985,"Aegean","female",0.0557860789221162,0.0520564892309112,0.0529725275515318,0.0511562916912318,1699,107.164504841388,109.050279208721,105.311340614901,-113.586991733258,-85.6884705106559,-141.003072043377,NA,0.0320318138453841,0.0344260023502061,0.0298041314175183,NA,NA,NA,NA,NA,NA,NA
1985,"Central Anatolia","female",0.038059325980706,0.0391088079156016,0.0397970058185677,0.0384325108163245,534,97.3165074804621,99.0289865853365,95.6336417724898,14.7249941714248,24.3809108413684,5.23605442517078,NA,0.0253179854228262,0.0272103549888202,0.0235572224667342,NA,NA,NA,NA,NA,NA,NA
1985,"Central East Anatolia","female",0.035865603751156,0.0409128644336916,0.0416328083288969,0.040205370316271,425,87.6633896149808,89.2060027529241,86.147452431793,59.8089970814587,68.3401836072782,51.4253378521313,NA,0.0262899878427506,0.0282550088368425,0.0244616260700207,NA,NA,NA,NA,NA,NA,NA
1985,"East Black Sea","female",0.028331843954097,0.029058606042251,0.0295699504888663,0.0285561041245801,218,97.4989781440401,99.2146681861618,95.8129570246136,5.59208696314525,9.52663811847222,1.72557484237598,NA,0.0196491958545257,0.02111785695099,0.0182826741664907,NA,NA,NA,NA,NA,NA,NA
1985,"East Marmara","female",0.0323646560436254,0.0336188414270391,0.0342104323602161,0.0330374807016692,496,96.2693973671413,97.9634504697272,94.6046390260266,19.2208423081861,28.2871862378187,10.311279994445,NA,0.0222776845239393,0.023942809591746,0.020728362135046,NA,NA,NA,NA,NA,NA,NA
1985,"Istanbul","female",0.0562351898598728,0.0534875604508853,0.0544287813394511,0.0525626158179931,2759,105.136950322329,106.9870458019,103.318847999105,-134.803662231533,-88.6256651797971,-180.183116777852,NA,0.0327393005687821,0.0351863695189218,0.0304624153155855,NA,NA,NA,NA,NA,NA,NA
1985,"Mediterranean","female",0.0365528094806427,0.0398410659751769,0.0405421494271506,0.0391521061528968,1224,91.7465649724761,93.361029769118,90.1600186401654,110.109893233822,133.586232191305,87.0395236930806,NA,0.0257140604262769,0.0276360342546109,0.0239257520639346,NA,NA,NA,NA,NA,NA,NA
1985,"Northeast Anatolia","female",0.0489395177640938,0.0495463483248935,0.0504182156825076,0.0486895579127638,339,98.7752264671041,100.513374657823,97.0671355612316,4.20346520582262,10.2428184265857,-1.73145125804723,NA,0.0307752850761651,0.0330755554922469,0.0286349891157909,NA,NA,NA,NA,NA,NA,NA
1985,"Southeast Anatolia","female",0.0454073174450017,0.0486819653424006,0.0495386221480288,0.0478401224506605,1131,93.2733859975313,94.914718271953,91.660436798823,81.5645358579932,102.902040508847,60.5960143920136,NA,0.0303378679470984,0.0326054440216335,0.028227992569735,NA,NA,NA,NA,NA,NA,NA
1985,"West Anatolia","female",0.0409596945337377,0.0430159440021496,0.0437728957998181,0.0422720819490257,1580,95.2197969471293,96.8953802254864,93.5731890370111,79.3188083327816,108.517850316141,50.6246967844725,NA,0.0274072823600076,0.0294558145065629,0.0255012172959543,NA,NA,NA,NA,NA,NA,NA
1985,"West Black Sea","female",0.0474101736031761,0.0496000443063266,0.0504728565524144,0.0487423253454016,746,95.5849420423377,97.2669507808963,93.9320197856094,34.4576579327442,48.1913755316576,20.9614334682298,NA,0.0308023766911884,0.0331046720451516,0.0286601966191302,NA,NA,NA,NA,NA,NA,NA
1985,"West Marmara","female",0.0455658805124286,0.0436462287990906,0.0444142717217162,0.0428914674165674,373,104.398207511064,106.235303329417,102.592880049746,-15.7141721178802,-9.42701148545956,-21.8926107328075,NA,0.0277389148073437,0.0298122345165723,0.0258097860548272,NA,NA,NA,NA,NA,NA,NA
1985,"Aegean","male",0.0710001023860367,0.0651538896763125,0.0663004030229241,0.0640272026474006,2291,108.97292968811,110.890526917186,107.08849290326,-188.643014134755,-151.647826961562,-224.998454429793,NA,0.038285976264129,0.0411476263945251,0.0356233422662865,NA,NA,NA,NA,NA,NA,NA
1985,"Central Anatolia","male",0.042762851491315,0.0435492961920464,0.0443156333910653,0.042796211036554,631,98.1941276449951,99.9220502366191,96.4960855099425,11.6046191695675,22.9125361048815,0.492246712080942,NA,0.0276880073163495,0.0297575219919222,0.0257624189728678,NA,NA,NA,NA,NA,NA,NA
1985,"Central East Anatolia","male",0.0380151955381956,0.0420019492815315,0.0427410578086542,0.0412756219405298,490,90.5081697122831,92.1008424608796,88.9430385845488,51.3875913717661,60.914391725226,42.0255351715492,NA,0.0268706658577832,0.028879089096759,0.0250019202898497,NA,NA,NA,NA,NA,NA,NA
1985,"East Black Sea","male",0.035944773056102,0.0364361247049447,0.0370772913870963,0.0358060455294293,293,98.6514711626946,100.387441630656,96.9455203208602,4.00520078082639,9.23160289434628,-1.13082269991452,NA,0.023853868883359,0.0256368044033936,0.0221949292802328,NA,NA,NA,NA,NA,NA,NA
1985,"East Marmara","male",0.0377079261414215,0.0389150778418537,0.0395998666756711,0.0382421308596961,609,96.8979846183583,98.6030989741799,95.2223563030025,19.4960439565417,30.5556922180442,8.62764693579459,NA,0.0252128399219678,0.0270973504840754,0.0234593894079923,NA,NA,NA,NA,NA,NA,NA
1985,"Istanbul","male",0.0601360890727331,0.0570835197094973,0.0580880187124529,0.0560963912120147,3078,105.34754930805,107.201350699104,103.525805158579,-156.242426884058,-104.828243175541,-206.767520253146,NA,0.0344897857204541,0.0370676930754442,0.032091161341542,NA,NA,NA,NA,NA,NA,NA
1985,"Mediterranean","male",0.0442869871402037,0.0478800392100422,0.0487225845172117,0.0470520637907734,1535,92.4957202852815,94.1233679719871,90.8962190307432,124.536241531662,153.739109688191,95.8383699750791,NA,0.0299298384670276,0.0321669167528478,0.0278483398811627,NA,NA,NA,NA,NA,NA,NA
1985,"Northeast Anatolia","male",0.0636476933022319,0.064265530643029,0.0653964115309601,0.0631542057452926,466,99.0386178490785,100.78140093936,97.3259721935961,4.52352922586346,12.8033342970931,-3.61309561434871,NA,0.0378765848346491,0.0407076353786726,0.0352424223463492,NA,NA,NA,NA,NA,NA,NA
1985,"Southeast Anatolia","male",0.0422520534363223,0.0453269740430001,0.046124593048711,0.0445431480278873,1141,93.2161352669147,94.8564600999225,91.6041760882335,83.0370154081859,104.576401343302,61.870103731535,NA,0.0286162161087397,0.0307551088979446,0.0266260746173724,NA,NA,NA,NA,NA,NA,NA
1985,"West Anatolia","male",0.0529870998125982,0.0543685261177918,0.0553252493639302,0.0534283472050318,2155,97.4591433613619,99.1741324305985,95.7738110931021,56.1829897884777,95.0931887372799,17.9456534525834,NA,0.0331717093068567,0.0356510982509587,0.0308647517838814,NA,NA,NA,NA,NA,NA,NA
1985,"West Black Sea","male",0.05553067561736,0.0560707143693509,0.0570573910312953,0.0551011000163839,908,99.0368612954821,100.779613475681,97.3242460155637,8.83034793573484,24.9638164931645,-7.02412930060541,NA,0.0340006191097722,0.0365419641557437,0.0316360142799301,NA,NA,NA,NA,NA,NA,NA
1985,"West Marmara","male",0.0492751943135926,0.0486431700445804,0.0494991441691441,0.0478019980285016,419,101.299307319883,103.081871774926,99.5475682270662,-5.37426939467275,1.90430480860027,-12.5269773575068,NA,0.0303181778596627,0.0325842822166975,0.0282096718478305,NA,NA,NA,NA,NA,NA,NA
1985,"Aegean","total",0.0644457550508778,0.0594807219032889,0.060527404486125,0.0584521392941506,4044,108.3472980635,110.253886049517,106.47368014211,-311.558054258158,-245.878253289929,-376.102073768389,NA,0.0356359188552601,0.038299492878694,0.0331575855764172,NA,NA,NA,NA,NA,NA,NA
1985,"Central Anatolia","total",0.0411166183412587,0.0419101306598942,0.0426476234542387,0.0411853911112795,1184,98.1066336321523,99.8330165911622,96.4101045053007,22.8500937860842,44.0870413690945,1.98039048417832,NA,0.0268218841343689,0.0288266612282339,0.0249565311369771,NA,NA,NA,NA,NA,NA,NA
1985,"Central East Anatolia","total",0.0371442217078824,0.0416714594245821,0.042404752319917,0.0409508471473601,919,89.1358791383509,90.7044036823471,87.5944786274256,112.010193519927,130.152885433425,94.1812378353752,NA,0.0266949328177583,0.0286902210520674,0.0248384087683171,NA,NA,NA,NA,NA,NA,NA
1985,"East Black Sea","total",0.0322480978845091,0.0328671085742664,0.0334454712603952,0.0322987473437637,511,98.1166256582669,99.8431844470143,96.4199237422496,9.80877891151283,18.9734537915716,0.802586055518191,NA,0.0218511421582735,0.0234843857087355,0.0203314840568077,NA,NA,NA,NA,NA,NA,NA
1985,"East Marmara","total",0.0362602823686268,0.0372811645916086,0.037937201445185,0.0366364723901641,1142,97.2616675627897,98.9731816493385,95.5797501853659,32.152190288896,52.8137526884334,11.8479222039166,NA,0.0243199812696663,0.0261377559318937,0.0226286254450486,NA,NA,NA,NA,NA,NA,NA
1985,"Istanbul","total",0.0593104025927533,0.0561889955531123,0.0571777536096829,0.0552173357984641,5949,105.555192807621,107.412648102452,103.729857940255,-313.085895004412,-213.910684225164,-410.546098066813,NA,0.0340579005425829,0.0366035270366373,0.0316893120219662,NA,NA,NA,NA,NA,NA,NA
1985,"Mediterranean","total",0.0411906307589223,0.0445079790393941,0.045291186185627,0.0437383156637168,2808,92.5466211855282,94.1751645756494,90.9462397167111,226.146426989272,279.538317963066,173.677826264248,NA,0.0281899916068027,0.0302970266370952,0.0262294922967329,NA,NA,NA,NA,NA,NA,NA
1985,"Northeast Anatolia","total",0.0573151603363987,0.0577959120872903,0.0588129470627442,0.0567964643981901,817,99.1681907361104,100.913253921181,97.4533044148465,6.85288461504967,21.3502282509919,-7.39376072629193,NA,0.0348320876369082,0.0374355800342411,0.0324096575513325,NA,NA,NA,NA,NA,NA,NA
1985,"Southeast Anatolia","total",0.0447072800435921,0.0476882986587585,0.048527469906417,0.0468636389523827,2322,93.7489516317251,95.3986524371664,92.1277786165404,154.827697360856,198.412447655731,111.99664531883,NA,0.0298319587331779,0.0320617210881933,0.0277572672848728,NA,NA,NA,NA,NA,NA,NA
1985,"West Anatolia","total",0.0481051388530149,0.0496322616569124,0.0505056408318918,0.0487739855708305,3814,96.9231246916493,98.628681437476,95.2470616364081,121.077425675078,190.323004272187,53.0292904785706,NA,0.0308186270181337,0.0331221369878587,0.0286753168019019,NA,NA,NA,NA,NA,NA,NA
1985,"West Black Sea","total",0.0520339409509062,0.0532882031721648,0.0542259159696258,0.0523667059659906,1670,97.6462666282699,99.3645485066399,95.9576984924563,40.2548388844516,70.3502024710265,10.6799055584747,NA,0.0326411215305523,0.0350808521786563,0.0303710642303185,NA,NA,NA,NA,NA,NA,NA
1985,"West Marmara","total",0.0478650461672316,0.0465262889434603,0.047345012299917,0.0457217235289252,799,102.877421032651,104.687755563174,101.098392084092,-22.3475606407237,-8.68080349348634,-35.7779825809348,NA,0.0292360996860928,0.0314213251039274,0.0272028478120525,NA,NA,NA,NA,NA,NA,NA
1986,"Aegean","female",0.0409473065660498,0.0390597498615212,0.0397470844896461,0.0383843011087276,1295,104.832485387696,106.677223196176,103.019648086934,-59.695890581268,-37.9582375323198,-81.0576407969197,NA,0.0252913737762688,0.0271817542791833,0.0235324615520053,NA,NA,NA,NA,NA,NA,NA
1986,"Central Anatolia","female",0.034281507777037,0.0343822843472163,0.0349873095895607,0.0337877216282316,496,99.7068939074508,101.461436655121,97.9826919508716,1.45807994018293,10.2118524450155,-7.14431615436456,NA,0.0227082566838704,0.024405564472293,0.0211289897517415,NA,NA,NA,NA,NA,NA,NA
1986,"Central East Anatolia","female",0.0332877306334289,0.0352557348575057,0.0358761302131711,0.0346460678160433,418,94.4179174479529,96.0793900484563,92.7851762038931,24.7125817834512,32.5029974631461,17.0568834681273,NA,0.0231976987848462,0.024931589473556,0.0215843931444172,NA,NA,NA,NA,NA,NA,NA
1986,"East Black Sea","female",0.0238468253767162,0.024498887498672,0.0249299945535832,0.0240752354511173,192,97.3384010927389,99.051265459626,95.6551567849767,5.25000394969771,8.72101332873982,1.83901771377219,NA,0.0169158072269775,0.0181801637010787,0.0157393816054191,NA,NA,NA,NA,NA,NA,NA
1986,"East Marmara","female",0.0359444618243204,0.034652275602182,0.0352620518820901,0.0340530440039269,595,103.729008267662,105.554328183335,101.935253071807,-21.3899656066673,-11.2961467502714,-31.3092350258165,NA,0.0228599062879382,0.0245685489867274,0.0212700927423766,NA,NA,NA,NA,NA,NA,NA
1986,"Istanbul","female",0.0471112881598984,0.0439783069931919,0.0447521934975832,0.0432178030802422,2420,107.123924000056,109.008984266107,105.27146152611,-160.934135311619,-121.181341155992,-199.99949610353,NA,0.0279130573625654,0.0299993931971353,0.0259718177033086,NA,NA,NA,NA,NA,NA,NA
1986,"Mediterranean","female",0.0290034218757866,0.0299370263816914,0.0304638283957383,0.0294193341997507,1010,96.8814387441108,98.5862619420952,95.2060965516863,32.5113552118835,50.8564331294499,14.4835133248332,NA,0.0201633206713666,0.0216704095550447,0.0187610436924905,NA,NA,NA,NA,NA,NA,NA
1986,"Northeast Anatolia","female",0.0432981748195821,0.0426621459317849,0.0434128719429083,0.0419244020045121,299,101.490850668445,103.276785712822,99.7357992729045,-4.3921629085703,0.792052783227916,-9.48672948496102,NA,0.027220484485437,0.0292550545964302,0.0253274104541348,NA,NA,NA,NA,NA,NA,NA
1986,"Southeast Anatolia","female",0.0408397788954653,0.0422631107114932,0.043006814897702,0.041532267182785,1083,96.6322123666093,98.3326499266895,94.9611799725433,37.7442875169284,57.4660307645026,18.3635865680581,NA,0.0270092429328893,0.0290280239880617,0.0251308598927661,NA,NA,NA,NA,NA,NA,NA
1986,"West Anatolia","female",0.0380321356309662,0.0375488783258384,0.0382096261394341,0.036899556629619,1488,101.287008631614,103.069356666573,99.5354822163918,-18.9073492219234,6.94428204513429,-44.3119358417653,NA,0.0244670256725588,0.0262957910336209,0.0227654435075277,NA,NA,NA,NA,NA,NA,NA
1986,"West Black Sea","female",0.0314678578082207,0.0322180036031095,0.032784943985574,0.031660867153737,504,97.6716564932771,99.3903851572382,95.9826492980046,12.0145922524529,21.0949038041169,3.09130385465238,NA,0.021480741858572,0.0230863001788433,0.0199868435920909,NA,NA,NA,NA,NA,NA,NA
1986,"West Marmara","female",0.0466334624351855,0.044192168756097,0.0449698185870788,0.0434279665946551,399,105.524267642447,107.38117874698,103.699467554856,-20.8879231155132,-14.2342828675258,-27.4265039219263,NA,0.0280249949873369,0.0301196974968562,0.0260759705213586,NA,NA,NA,NA,NA,NA,NA
1986,"Aegean","male",0.0475254630519981,0.044364809229618,0.0451454970159398,0.0435976216473034,1582,107.124236252255,109.009302013009,105.271768378623,-105.210007981082,-79.2229265588601,-130.747702456437,NA,0.0281152363547001,0.0302166838723368,0.0261599359684973,NA,NA,NA,NA,NA,NA,NA
1986,"Central Anatolia","male",0.0404588851472126,0.0391269760062572,0.0398154936132119,0.038450364731538,615,103.404068693534,105.223670645775,101.615932582052,-20.2458401586481,-9.77994801316697,-30.5307487130548,NA,0.0253278382967889,0.0272209443067972,0.0235663901133694,NA,NA,NA,NA,NA,NA,NA
1986,"Central East Anatolia","male",0.033820572623931,0.03642359493552,0.0370645411312518,0.0357937324336176,462,92.853472272034,94.4874153223725,91.2477845177327,35.558129701895,44.3136627829217,26.9540034762798,NA,0.0238469349850267,0.0256293522371993,0.0221884776063399,NA,NA,NA,NA,NA,NA,NA
1986,"East Black Sea","male",0.0291941199295424,0.0292966984827537,0.0298122326433236,0.028790079302618,249,99.6498630954211,101.403402271586,97.9266473558813,0.87490425507832,5.27195428747166,-3.44610888586402,NA,0.0197889287271409,0.0212680340288249,0.0184126891858982,NA,NA,NA,NA,NA,NA,NA
1986,"East Marmara","male",0.0362236822754386,0.0356512398007324,0.0362785948590084,0.0350347334087475,630,101.605673401278,103.393628981901,99.8486364100284,-9.95588345554393,0.955036193889555,-20.6781237843203,NA,0.0234182251020927,0.025168598827833,0.0217895827528472,NA,NA,NA,NA,NA,NA,NA
1986,"Istanbul","male",0.0576621299202661,0.0535729422374504,0.0545156655897729,0.0526465211224645,3113,107.632934671931,109.526952001509,105.771670026319,-220.762591916177,-169.867874710312,-270.777201763907,NA,0.0327813120680257,0.0352315211290891,0.0305015050858541,NA,NA,NA,NA,NA,NA,NA
1986,"Mediterranean","male",0.0358907444939791,0.0365247259176169,0.0371674517157841,0.0358931145874203,1297,98.2642404351843,99.9933968019537,96.5649858602955,22.910472269421,46.1369439399311,0.0856491342419758,NA,0.0239028812642726,0.0256894801697012,0.0222405330493134,NA,NA,NA,NA,NA,NA,NA
1986,"Northeast Anatolia","male",0.0490578923998701,0.0471951964636735,0.0480256905893562,0.0463790638283581,358,103.946791359647,105.775943605559,102.149270104911,-13.5930247415225,-7.53249334789933,-19.548753150346,NA,0.0295796677359022,0.0317905728320541,0.0275225221007706,NA,NA,NA,NA,NA,NA,NA
1986,"Southeast Anatolia","male",0.0403257393866292,0.041590060098476,0.0423219206094324,0.040870855435832,1154,96.9600411520128,98.6662475169901,95.2833397112931,36.1810130121262,57.124634691228,15.5995632156621,NA,0.0266515863823311,0.0286436347271378,0.0247980769012495,NA,NA,NA,NA,NA,NA,NA
1986,"West Anatolia","male",0.047902967093411,0.0476411576764139,0.0484794993839529,0.0468173131651648,1968,100.549544615971,102.318915492686,98.8107709488173,-10.755929411338,23.685705012258,-44.6019747925468,NA,0.0298078751733501,0.032035837424807,0.0277348586387197,NA,NA,NA,NA,NA,NA,NA
1986,"West Black Sea","male",0.0388957081578486,0.0398022730937602,0.0405026739071909,0.0391139841053552,649,97.722328737919,99.4419490816412,96.032445282441,15.1266211947832,26.8132609153357,3.64207509365588,NA,0.0256931308594396,0.0276135403265238,0.0239062780633817,NA,NA,NA,NA,NA,NA,NA
1986,"West Marmara","male",0.0538405492718878,0.0492684555989991,0.050135432876823,0.04841647070395,480,109.279961422175,111.202961490324,107.390215227956,-40.7611919392599,-33.031904274418,-48.3568193084824,NA,0.0306349270204155,0.0329247065025386,0.0285043923921943,NA,NA,NA,NA,NA,NA,NA
1986,"Aegean","total",0.0448625649578581,0.0422237562838157,0.0429667679499492,0.0414935932996368,2913,106.249582951136,108.119257433052,104.412240199489,-171.34217971501,-123.097212324489,-218.752861090697,NA,0.0269883771603059,0.0290055986224716,0.0251114452498361,NA,NA,NA,NA,NA,NA,NA
1986,"Central Anatolia","total",0.0379092646039218,0.0371676065998325,0.0378216451728176,0.0365248781233015,1125,101.995441923593,103.790256262997,100.231664780059,-22.0095341684396,-2.60020501642794,-41.0832235067078,NA,0.0242575183872397,0.0260706243186919,0.0225705066021525,NA,NA,NA,NA,NA,NA,NA
1986,"Central East Anatolia","total",0.0340526745555482,0.0362609052288293,0.0368989885729183,0.0356338560721189,893,93.9101612071024,95.5626988183075,92.286200442201,57.9088138296822,74.6419613344976,41.4650277174073,NA,0.0237568429494819,0.0255325263552065,0.0221046511055987,NA,NA,NA,NA,NA,NA,NA
1986,"East Black Sea","total",0.0267165219284158,0.0270714043975173,0.0275477800461159,0.0266032665727359,443,98.6890873340354,100.425719733967,96.9824860068269,5.88448355041209,13.7835062186547,-1.87794364478356,NA,0.0184716036026325,0.0198522466478413,0.0171869786682248,NA,NA,NA,NA,NA,NA,NA
1986,"East Marmara","total",0.0370703383739586,0.0359434879582776,0.0365759857089518,0.0353219278049599,1259,103.135061396905,104.949929626302,101.351577149391,-38.2706156882298,-16.7894341552806,-59.3803294742968,NA,0.0235807432213006,0.0253432642145891,0.0219407983975803,NA,NA,NA,NA,NA,NA,NA
1986,"Istanbul","total",0.0535889987687791,0.0497690868948621,0.0506448737842884,0.04890844473023,5649,107.675270157129,109.570032464467,105.813273416438,-402.670000775027,-310.350303597716,-493.393240613562,NA,0.0308876034879085,0.0331962690405122,0.0287394962386272,NA,NA,NA,NA,NA,NA,NA
1986,"Mediterranean","total",0.0333421659998119,0.0340053041280799,0.0346036956474831,0.033417260417019,2367,98.0498979636521,99.7752825447989,96.3543499500091,47.0769640346452,89.557489338109,5.33104194640828,NA,0.0224959710194496,0.0241774117108682,0.0209314676922355,NA,NA,NA,NA,NA,NA,NA
1986,"Northeast Anatolia","total",0.046738680147366,0.0453811875461591,0.0461797605471765,0.0445964240329001,664,102.991311322177,104.803649980737,101.210312902377,-19.2854202206682,-7.94037429717059,-30.43427960568,NA,0.0286443460215784,0.0307853413552814,0.0266522482091352,NA,NA,NA,NA,NA,NA,NA
1986,"Southeast Anatolia","total",0.0414962702343237,0.0425710356221887,0.0433201583647051,0.0418348672386714,2289,97.4753600137818,99.1906344475388,95.7897473157268,59.2857613209781,100.608558476894,18.6775471283395,NA,0.0271723048428956,0.0292032738107599,0.0252825815098582,NA,NA,NA,NA,NA,NA,NA
1986,"West Anatolia","total",0.0438683082263347,0.0433599168269393,0.0441229215162534,0.042610106553043,3520,101.17249163882,102.952824517642,99.4229455322334,-40.7934064071665,20.4302107090557,-100.958301540521,NA,0.0275884489826589,0.0296505222620238,0.0256697845165318,NA,NA,NA,NA,NA,NA,NA
1986,"West Black Sea","total",0.0356481965848805,0.0364196358050503,0.0370605123319419,0.0357898417672255,1166,97.8818041336295,99.604230766746,96.1891629170919,25.2326405510078,46.1947677255573,4.63300526917192,NA,0.0238447438877825,0.0256269973684041,0.0221864388910012,NA,NA,NA,NA,NA,NA,NA
1986,"West Marmara","total",0.0508686943160002,0.0471891198433533,0.0480195070387156,0.0463730922892438,889,107.797506045592,109.694419338516,105.933395515675,-64.3055960088642,-49.7934441519429,-78.5667934969846,NA,0.029576553530453,0.0317872258581791,0.0275196244756497,NA,NA,NA,NA,NA,NA,NA
1987,"Aegean","female",0.0392711484595305,0.0372433205923466,0.0378986915048646,0.0365992828160376,1296,105.444809525391,107.300322405012,103.621383483622,-66.9210099261186,-45.2929003357269,-88.1751109860015,NA,0.0242991710467089,0.0261153902679353,0.022609262488494,NA,NA,NA,NA,NA,NA,NA
1987,"Central Anatolia","female",0.0256913313293085,0.0255487565327218,0.025998338138665,0.0251069494091064,382,100.558049846395,102.327570389695,98.8191291007948,-2.11992020179872,4.56483160296102,-8.68907456199139,NA,0.0175551499708923,0.0188672935311547,0.0163342606607373,NA,NA,NA,NA,NA,NA,NA
1987,"Central East Anatolia","female",0.0297922187706427,0.0334190790718255,0.0340071547857654,0.0328411727780424,395,89.14733618665,90.7160623403855,87.6057375523608,48.0867111642895,55.8837104007187,40.4245431397561,NA,0.0221645880264042,0.0238212598003816,0.0206231310391217,NA,NA,NA,NA,NA,NA,NA
1987,"East Black Sea","female",0.0193891445160866,0.019491900262001,0.0198348993356135,0.0191548325703693,163,99.4728284849951,101.223252382168,97.7526741528427,0.863843506357654,3.74735644074431,-1.96980568793188,NA,0.0137769059040857,0.0148066480818717,0.0128187781083565,NA,NA,NA,NA,NA,NA,NA
1987,"East Marmara","female",0.0262092413016019,0.0254586257854403,0.0259066213601389,0.0250183772662973,463,102.948374050067,104.759957141221,101.168118131871,-13.2600169529358,-5.34594005545716,-21.0372380490212,NA,0.0175005046685577,0.0188085638158882,0.0162834157170198,NA,NA,NA,NA,NA,NA,NA
1987,"Istanbul","female",0.0391368000007726,0.037568107179081,0.0382291933629104,0.0369184529639649,2101,104.175597173991,106.008775717046,102.374119247681,-84.2129049464679,-48.7234916015295,-119.088610316657,NA,0.0244775758684299,0.0263071297941921,0.0227752599801679,NA,NA,NA,NA,NA,NA,NA
1987,"Mediterranean","female",0.029802459818716,0.0319468880586202,0.0325090576193923,0.0313944399305258,1082,93.2875207251194,94.9291017284181,91.6743270987292,77.855028400011,98.2650035649935,57.7979969256264,NA,0.0213254534487656,0.0229194048794777,0.0198423548598629,NA,NA,NA,NA,NA,NA,NA
1987,"Northeast Anatolia","female",0.0406152193629641,0.0392336335138316,0.0399240279735201,0.0385551778422406,280,103.52143231558,105.343099516108,101.731266669542,-9.52460786435745,-4.76505093607364,-14.2018591761827,NA,0.0253856539049621,0.0272830812895,0.0236201848810432,NA,NA,NA,NA,NA,NA,NA
1987,"Southeast Anatolia","female",0.0373880396381564,0.0375260504255149,0.038186396536426,0.0368771234854538,1052,99.632226717724,101.385455546456,97.9093159588702,3.88325650946763,22.4636398460025,-14.3758217292184,NA,0.0244544988188316,0.0262823278717177,0.0227537878455495,NA,NA,NA,NA,NA,NA,NA
1987,"West Anatolia","female",0.0393347992036555,0.0379656035130774,0.0386336844420314,0.0373090755109041,1564,103.606410971727,105.429573542125,101.81477581481,-54.4409048328155,-27.8771853264795,-80.5452657597075,NA,0.0246953263475065,0.0265411558328246,0.0229778667986873,NA,NA,NA,NA,NA,NA,NA
1987,"West Black Sea","female",0.0290717646708101,0.0304090512564847,0.0309441594947891,0.0298831964873774,477,95.602340321652,97.2846552178245,93.949117201602,21.9417606254656,30.721641467288,13.3137076777183,NA,0.0204380093106249,0.0219656295443445,0.019016628853633,NA,NA,NA,NA,NA,NA,NA
1987,"West Marmara","female",0.0429001596390629,0.0419556961230025,0.0426939907330464,0.0412301686242516,382,102.251097236693,104.050410344014,100.48289912111,-8.40987693683445,-1.83580953453151,-14.8702609273518,NA,0.0268460962947108,0.028852683104262,0.0249790594400016,NA,NA,NA,NA,NA,NA,NA
1987,"Aegean","male",0.0459962253938143,0.0437046756138861,0.0444737470254255,0.0429489035278046,1595,105.243260012208,107.095226223964,103.423319306822,-79.4635183146352,-52.7946147056375,-105.671244426486,NA,0.0277695935757957,0.029845206341394,0.0258383312396576,NA,NA,NA,NA,NA,NA,NA
1987,"Central Anatolia","male",0.0353310422063558,0.0343944532884342,0.0349996926677026,0.0337996801355323,552,102.723081277284,104.530699890303,100.946721280667,-14.6329417534058,-5.17689074294231,-23.9254720581805,NA,0.0227150987292746,0.0244129179200965,0.0211353559607041,NA,NA,NA,NA,NA,NA,NA
1987,"Central East Anatolia","male",0.0347033134259129,0.0367211738096554,0.0373673565024338,0.0360861653639079,502,94.5049131757004,96.1679166404917,92.8706675401365,29.1893140060328,38.5366552179112,20.0036136133075,NA,0.0240114337924398,0.0258061463568811,0.0223415361904659,NA,NA,NA,NA,NA,NA,NA
1987,"East Black Sea","male",0.0226905452046882,0.0229528251711571,0.0233567261589863,0.0225559087241776,202,98.8573085687139,100.596901158614,97.1477982412284,2.33491759447756,5.93060023698368,-1.19858596687743,NA,0.015962805803384,0.0171559310614054,0.0148526575564169,NA,NA,NA,NA,NA,NA,NA
1987,"East Marmara","male",0.0339386833856228,0.0330205860966569,0.0336016495275714,0.0324495708245526,632,102.780378538038,104.589005411263,101.003027716764,-17.0966410226818,-6.27618331177587,-27.7299837445976,NA,0.0219384369137484,0.0235782052305284,0.0204127078169354,NA,NA,NA,NA,NA,NA,NA
1987,"Istanbul","male",0.0442795787306274,0.0422927330235447,0.0430369584737375,0.0415613772449167,2500,104.697841839582,106.540210324823,102.887332890051,-112.17618618108,-70.1576377029969,-153.468120273158,NA,0.0270249448897287,0.0290448995732427,0.0251454698423434,NA,NA,NA,NA,NA,NA,NA
1987,"Mediterranean","male",0.0357992946051116,0.0362963951228952,0.0369351029828408,0.0356687322498972,1352,98.6304410779624,100.36604147941,96.924853903191,18.7735514751591,42.8950610236502,-4.93083191154938,NA,0.0237765056447655,0.0255536587205891,0.0221229463403639,NA,NA,NA,NA,NA,NA,NA
1987,"Northeast Anatolia","male",0.0420340734895761,0.0391375657699633,0.0398262697250471,0.0384607713695786,307,107.400837692966,109.290770810759,105.543586632068,-21.154929705817,-16.1249124684165,-26.097964336273,NA,0.0253335807017417,0.0272271159225339,0.0235717331574034,NA,NA,NA,NA,NA,NA,NA
1987,"Southeast Anatolia","male",0.0363655761223393,0.0375659125222357,0.0382269600866767,0.0369162962586739,1098,96.8047191741027,98.5081923374012,95.1307036706113,36.242224312695,56.2014908265674,16.6281075174252,NA,0.0244763718147209,0.0263058357445945,0.0227741396634992,NA,NA,NA,NA,NA,NA,NA
1987,"West Anatolia","male",0.0510195789094826,0.0491404817019436,0.0500052070224133,0.0482907098218129,2126,103.823929156691,105.650919395757,102.028532521852,-78.302501679123,-42.269157801858,-113.712731551133,NA,0.0305702046931421,0.03285514656436,0.0284441712396545,NA,NA,NA,NA,NA,NA,NA
1987,"West Black Sea","male",0.0361771199561916,0.0362926207128506,0.0369312621544827,0.0356650231096143,620,99.6817514018266,101.43585171669,97.9579842271934,1.97944085143649,12.9244164130993,-8.77626647069712,NA,0.0237744147387166,0.0255514115316882,0.0221210008483303,NA,NA,NA,NA,NA,NA,NA
1987,"West Marmara","male",0.0468038897891402,0.04454659826992,0.0453304849989604,0.0437762670632615,434,105.067259020639,106.916128141999,103.250361848574,-20.9312628449284,-13.6624900583882,-28.0743388840354,NA,0.0282101437907358,0.0303186850775069,0.0262482429782022,NA,NA,NA,NA,NA,NA,NA
1987,"Aegean","total",0.0427169725257154,0.0405634955744393,0.0412772916239517,0.0398620429898259,2891,105.308903783512,107.162025129064,103.487827919718,-145.743050081357,-97.4347487873447,-193.215970146008,NA,0.0261027471174638,0.0280537729755238,0.0242874071759519,NA,NA,NA,NA,NA,NA,NA
1987,"Central Anatolia","total",0.0305982738476858,0.0301002786537298,0.030629953418885,0.0295797633983205,933,101.654453766641,103.443267735614,99.896573230896,-15.184827689097,0.965970828158788,-31.0563352033572,NA,0.0202584470120531,0.0217726460266929,0.0188495543829177,NA,NA,NA,NA,NA,NA,NA
1987,"Central East Anatolia","total",0.0323546870602818,0.0351439935327807,0.0357624225757548,0.0345362588011433,897,92.0632057085455,93.6832424339221,90.4711838012247,77.3306167718406,94.4759178688423,60.481804318082,NA,0.0231352707162087,0.0248644952762682,0.0215263066941526,NA,NA,NA,NA,NA,NA,NA
1987,"East Black Sea","total",0.0210871150123793,0.0212753266473513,0.0216497086846462,0.0209074186883863,365,99.115352548557,100.859485939758,97.4013799425122,3.25778309287159,9.73801728007203,-3.1103903127073,NA,0.0149126686666988,0.016027302388984,0.0138755531882639,NA,NA,NA,NA,NA,NA,NA
1987,"East Marmara","total",0.0301758500530368,0.0293538679223905,0.0298704080938969,0.028846260127969,1095,102.800251513087,104.609228091161,101.022557034306,-29.8275088017667,-11.0836627525123,-48.2472230406206,NA,0.0198224381847053,0.0213040481200168,0.0184438681969214,NA,NA,NA,NA,NA,NA,NA
1987,"Istanbul","total",0.0417730209192807,0.0399949343232006,0.0406987253973207,0.0393033137008861,4601,104.445779512253,106.283712455367,102.639629402327,-195.843543237456,-118.325981405296,-272.020616698779,NA,0.0257970172029161,0.0277251915593244,0.0240029395340185,NA,NA,NA,NA,NA,NA,NA
1987,"Mediterranean","total",0.0328600190284447,0.0341682733306839,0.0347695326200207,0.0335774114411906,2434,96.1711430672021,97.8634671883437,94.5080838087639,96.9047208674419,141.441064835441,53.138530781494,NA,0.0225878202932939,0.0242761261743231,0.0210169292224966,NA,NA,NA,NA,NA,NA,NA
1987,"Northeast Anatolia","total",0.0413451168101679,0.0391842347622433,0.0398737599518348,0.0385066333287174,587,105.514672063997,107.371414315085,103.69003790992,-30.6792642032104,-20.8896852270871,-40.2995548727462,NA,0.0253588820828776,0.0272543084321636,0.0235952749303439,NA,NA,NA,NA,NA,NA,NA
1987,"Southeast Anatolia","total",0.0368756123410471,0.0375466898411227,0.0382073991439413,0.0368974059897254,2151,98.2126853181593,99.9409344692568,96.5143222707286,39.1447791920682,77.6847686360093,1.27125043710475,NA,0.0244658248309172,0.0262945004361739,0.0227643261795405,NA,NA,NA,NA,NA,NA,NA
1987,"West Anatolia","total",0.0453022959085719,0.0437117229940105,0.0444809184183362,0.0429558290396601,3689,103.63877881176,105.462510959212,101.846583927316,-129.521547730362,-66.8853862858264,-191.074560478907,NA,0.0277732919078163,0.0298491811018447,0.0258417723677218,NA,NA,NA,NA,NA,NA,NA
1987,"West Black Sea","total",0.0326724964494483,0.0334225633690948,0.034010700396232,0.0328445968223848,1096,97.7558067244474,99.4760161804782,96.0653443440054,25.1610202239833,44.8900967192465,5.77311283911922,NA,0.0221665622300892,0.0238233815641074,0.0206249679449664,NA,NA,NA,NA,NA,NA,NA
1987,"West Marmara","total",0.04489159218685,0.0432784886283022,0.0440400604251671,0.0425300864682672,816,103.727264074312,105.552553297405,101.933539040279,-29.3215820525197,-15.478397706215,-42.9253802882057,NA,0.0275456010290683,0.0296044716774975,0.0256299164639152,NA,NA,NA,NA,NA,NA,NA
1988,"Aegean","female",0.032578341269086,0.0324950962784121,0.0330669126621723,0.0319331681469985,1117,100.2561770858,102.020385572511,98.5224765369606,-2.85418627715603,16.7514435916139,-22.1207817617044,NA,0.0216390989635431,0.0232564935401754,0.0201341876042108,NA,NA,NA,NA,NA,NA,NA
1988,"Central Anatolia","female",0.0245402320443218,0.0242653499280476,0.0246923474210741,0.0238457363769342,376,101.132817441699,102.91245217346,99.3839574093207,-4.21168290228155,2.3306781107683,-10.6409087927983,NA,0.0167727413551371,0.0180264045020528,0.015606265383332,NA,NA,NA,NA,NA,NA,NA
1988,"Central East Anatolia","female",0.0248104716866096,0.0275199653796806,0.028004234358292,0.0270440707219183,346,90.1544436713878,91.7408919009427,88.5954294239196,37.7858522661039,44.5393339699581,31.1491565327201,NA,0.018739211546685,0.0201398567018756,0.0174359755677264,NA,NA,NA,NA,NA,NA,NA
1988,"East Black Sea","female",0.0140464755676608,0.0147412617276557,0.0150006637894608,0.0144863454293216,123,95.2867931332402,96.9635553438452,93.6390266778032,6.08399575165495,8.35548751827935,3.85178422328495,NA,0.0106458791421537,0.0114415956004505,0.00990550152855254,NA,NA,NA,NA,NA,NA,NA
1988,"East Marmara","female",0.0260909906360868,0.0265593990203293,0.0270267649075555,0.0261001151537703,492,98.236374309961,99.9650403163751,96.5376016157706,8.83281621084018,17.6459739679567,0.172061795693935,NA,0.0181648373452717,0.0195225514283374,0.0169015467569078,NA,NA,NA,NA,NA,NA,NA
1988,"Istanbul","female",0.0355911014011616,0.0337869024545137,0.0343814507584941,0.0332026354992832,1997,105.339935938421,107.193603356968,103.51832344471,-101.23275635236,-67.872929982665,-134.015701067783,NA,0.0223726933823544,0.0240449198000183,0.0208167635136161,NA,NA,NA,NA,NA,NA,NA
1988,"Mediterranean","female",0.0275385582389044,0.0294464026364734,0.0299645711418408,0.0289371946664894,1039,93.5209593473198,95.1666481713079,91.9037289355735,71.9809044423328,91.5308413855132,52.7690388020321,NA,0.0198766420396554,0.0213623033923194,0.0184943023941251,NA,NA,NA,NA,NA,NA,NA
1988,"Northeast Anatolia","female",0.0313362182529442,0.0317754880008385,0.032334641433873,0.0312260038434725,215,98.6175830001959,100.352957137981,96.9122181763769,3.01386067185686,6.85025174917303,-0.756188824226712,NA,0.0212271014490903,0.0228137016499224,0.0197508428419156,NA,NA,NA,NA,NA,NA,NA
1988,"Southeast Anatolia","female",0.0387912492536059,0.0399666855632387,0.040669979543778,0.0392755534384118,1157,97.0589597484312,98.7669067844827,95.3805477375523,35.0589330432229,56.0356004911857,14.4450089286142,NA,0.0257817941133153,0.0277088306338737,0.0239887751484099,NA,NA,NA,NA,NA,NA,NA
1988,"West Anatolia","female",0.0360050219084039,0.0359369030452276,0.0365692849211515,0.0353154567628723,1451,100.189551289633,101.95258736185,98.4570028810675,-2.74518567771747,22.7397620692921,-27.7894297276573,NA,0.0235770854176198,0.0253393330117319,0.0219373949792748,NA,NA,NA,NA,NA,NA,NA
1988,"West Black Sea","female",0.0293108289808004,0.0298422761798422,0.0303674108740785,0.0293262224852421,493,98.2191465696548,99.9475094194302,96.5206717897047,8.93879423537413,17.7714138937289,0.25891446791627,NA,0.0201080498300247,0.0216110075454328,0.0187096167134608,NA,NA,NA,NA,NA,NA,NA
1988,"West Marmara","female",0.0326523255693133,0.0314763164775785,0.032030205387711,0.03093200580527,301,103.736171265696,105.561617228684,101.942292202225,-10.8408430468688,-5.73491080336044,-15.8584799075899,NA,0.0210550994750548,0.0226288435463204,0.0195908029059016,NA,NA,NA,NA,NA,NA,NA
1988,"Aegean","male",0.0391800357500733,0.0377744310735904,0.0384391479400997,0.0371212089601207,1409,103.721047906041,105.546227743187,101.927430366376,-50.5486263922237,-26.6439502738547,-74.0399259854626,NA,0.0245906823830193,0.0264286903513266,0.0228805003965012,NA,NA,NA,NA,NA,NA,NA
1988,"Central Anatolia","male",0.0299880539175696,0.0291166184405939,0.0296289837316943,0.0286131133316006,481,102.992914437347,104.805281305934,101.211888295349,-13.9775813921605,-5.75938538328489,-22.0536625573965,NA,0.0196832687687497,0.0211544766138919,0.0183143774480535,NA,NA,NA,NA,NA,NA,NA
1988,"Central East Anatolia","male",0.0254100699603813,0.027665444728114,0.0281522737076012,0.0271870343388174,386,91.8476829492613,93.4639271194837,90.2593880135532,34.2610099736918,41.6563452236555,26.9935600785744,NA,0.0188257757771487,0.0202328910962365,0.0175165196078876,NA,NA,NA,NA,NA,NA,NA
1988,"East Black Sea","male",0.017023612910455,0.0178486227878558,0.0181627050989286,0.0175399718097034,158,95.3777392955933,97.0561018863056,93.7284001349514,7.65710318455831,10.5721721191331,4.79244367869413,NA,0.0127118538899417,0.013661989733175,0.0118277961318356,NA,NA,NA,NA,NA,NA,NA
1988,"East Marmara","male",0.0305915638964717,0.0305750443266109,0.0311130735458619,0.03004631908822,607,100.054029585973,101.814680882043,98.3238247143231,-0.327782487337799,10.3478317830092,-10.818786503653,NA,0.0205343476181266,0.0220691685701542,0.0191062672235104,NA,NA,NA,NA,NA,NA,NA
1988,"Istanbul","male",0.0425444782158536,0.040239944817646,0.0409480473427532,0.0395440873009972,2521,105.72697951911,107.587457745625,103.898673994727,-136.556585966458,-94.5975224015415,-177.790063800437,NA,0.025928920528392,0.0278669538777106,0.0241256695194595,NA,NA,NA,NA,NA,NA,NA
1988,"Mediterranean","male",0.034095632863909,0.0353974572585638,0.036020346504082,0.0347853394533518,1342,96.3222657911683,98.0172492196959,94.6565932119645,51.2396512656021,75.7564968927827,27.1467682306013,NA,0.0232767985991057,0.0250166015307797,0.0216579918881748,NA,NA,NA,NA,NA,NA,NA
1988,"Northeast Anatolia","male",0.0335469536913724,0.0330682649142103,0.0336501673495339,0.0324964251463537,245,101.447577544222,103.232751111199,99.693274458075,-3.49595827638049,0.753789643084076,-7.67221655645506,NA,0.0219655336098607,0.0236073272443038,0.0204379200479946,NA,NA,NA,NA,NA,NA,NA
1988,"Southeast Anatolia","male",0.0412721659591665,0.0416923756074789,0.0424260365649967,0.0409714016328653,1317,98.9921187214934,100.734083566377,97.2802771617319,13.408942660654,36.820155971021,-9.59742743161655,NA,0.0267060669522099,0.028702187397172,0.0248487685689834,NA,NA,NA,NA,NA,NA,NA
1988,"West Anatolia","male",0.046306415514294,0.0457962598122445,0.0466021368421577,0.0450043185765103,1949,101.113968049227,102.893271088129,99.3654339738426,-21.4720455524671,12.4466742157681,-54.8042188874883,NA,0.0288593725777609,0.031016439873905,0.0268523205425239,NA,NA,NA,NA,NA,NA,NA
1988,"West Black Sea","male",0.0344920160237192,0.0342657478892103,0.0348687224388771,0.0336732004008787,607,100.660333272866,102.431653698171,98.9196437700916,-3.98192896444334,6.6293832707139,-14.4097429017309,NA,0.0226427001640807,0.0243351079906449,0.0210679924213837,NA,NA,NA,NA,NA,NA,NA
1988,"West Marmara","male",0.0375351532352132,0.0353402514096352,0.0359621340035226,0.0347291228483237,361,106.21077026345,108.079761758293,104.374098688183,-21.1097995009737,-15.1287498170534,-26.9874206538947,NA,0.0232448806906531,0.0249822979475763,0.021628293740493,NA,NA,NA,NA,NA,NA,NA
1988,"Aegean","total",0.0359439802987704,0.035203643729865,0.0358231224376781,0.0345948774849342,2525,102.10301119562,103.899718432082,100.337373888339,-52.0073130729506,-8.49004747725166,-94.7720474088128,NA,0.0231686030892806,0.02490031904695,0.0215573209361899,NA,NA,NA,NA,NA,NA,NA
1988,"Central Anatolia","total",0.0273579636568114,0.0267523838191572,0.0272231456609249,0.0262897627232986,858,102.263648135986,104.063182101549,100.495232981397,-18.9921847702279,-4.22815973885008,-33.5008998641523,NA,0.0182806283536762,0.0196469971293116,0.0170092849714253,NA,NA,NA,NA,NA,NA,NA
1988,"Central East Anatolia","total",0.0250891954939417,0.0275677871508426,0.0280528976494175,0.0270910655252729,731,91.009101879165,92.6105895337943,89.4353082789744,72.2163650736458,86.3505677643566,58.3265809880769,NA,0.0187676790677574,0.020170452001663,0.0174624632884425,NA,NA,NA,NA,NA,NA,NA
1988,"East Black Sea","total",0.015523331662796,0.0163429578592195,0.0166305449764556,0.016060343901319,280,94.9848356491898,96.6562843123248,93.3422908556088,14.7838969097468,19.9712107271206,9.68628578276196,NA,0.0117195696275534,0.0125955380950025,0.0109045212057728,NA,NA,NA,NA,NA,NA,NA
1988,"East Marmara","total",0.0283730947739516,0.0286222754703667,0.0291259418055652,0.0281273188887934,1098,99.1294168883493,100.873797769812,97.4152010718165,9.64295248169446,29.1341514662913,-9.51119093823536,NA,0.0193923757853851,0.0208418411016695,0.0180437148890589,NA,NA,NA,NA,NA,NA,NA
1988,"Istanbul","total",0.0391626437936071,0.0371110023554886,0.0377640448632821,0.0364692527194876,4518,105.528391333831,107.385375002982,103.703519936459,-236.68769826343,-161.349422692447,-310.723171219061,NA,0.02422636297472,0.0260371402234797,0.0225415179219117,NA,NA,NA,NA,NA,NA,NA
1988,"Mediterranean","total",0.0308864882923428,0.0324933129066486,0.0330650979084068,0.0319314156145577,2381,95.0549067775204,96.7275884826776,93.4111502645509,123.868060701821,167.946237421057,80.5521149133165,NA,0.0216380809173254,0.0232553994010285,0.0201332403589687,NA,NA,NA,NA,NA,NA,NA
1988,"Northeast Anatolia","total",0.0324066489418984,0.0324423198055961,0.0330132074814806,0.0318813043221866,459,99.8900483568639,101.647814074364,98.1626791643239,0.505233554589722,8.59114961770354,-7.4408551430306,NA,0.0216089650154694,0.0232241072578308,0.0201061493497165,NA,NA,NA,NA,NA,NA,NA
1988,"Southeast Anatolia","total",0.040041844326094,0.0408591795390772,0.0415781787409034,0.0401526137787308,2472,97.9996289152075,99.724128911639,96.3049501894174,50.4585310816387,94.8462474025951,6.83839846856563,NA,0.0262612466597127,0.0282241194204771,0.0244348837194161,NA,NA,NA,NA,NA,NA,NA
1988,"West Anatolia","total",0.0412676748727882,0.0409957063264314,0.0417171079908684,0.0402867796485532,3400,100.66340739245,102.434781913054,98.9226647298308,-22.4072003199503,37.0283183189526,-80.8149180364476,NA,0.0263343169473917,0.0283026512796941,0.0245028722656536,NA,NA,NA,NA,NA,NA,NA
1988,"West Black Sea","total",0.0319600418529571,0.0321085394027868,0.0326735535431304,0.0315532958855977,1100,99.5375138433833,101.289076009157,97.8162409263766,5.11098532236633,24.5576292672481,-13.9993735350492,NA,0.0214180848830021,0.0230189599651848,0.0199285441544406,NA,NA,NA,NA,NA,NA,NA
1988,"West Marmara","total",0.0350933679330496,0.0334524434624223,0.0340411062897224,0.0328739602080568,661,104.905245479215,106.751263647417,103.091149959615,-30.9075799494057,-19.8198402491957,-41.8035826318816,NA,0.022183490034931,0.0238415746221741,0.0206407184898013,NA,NA,NA,NA,NA,NA,NA
1989,"Aegean","female",0.0382246302628797,0.0363016494080355,0.0369404497276649,0.0356738956742317,1368,105.29722722301,107.150143096064,103.476353278539,-68.8204906453061,-45.9588218405843,-91.2868193432612,NA,0.0237794162547799,0.0255567868814756,0.0221256545292848,NA,NA,NA,NA,NA,NA,NA
1989,"Central Anatolia","female",0.0222614620138812,0.021787741763087,0.022171140771926,0.0214109727604114,351,102.17425126452,103.972212112858,100.407382023705,-7.46922227862086,-1.42410933776461,-13.4097988614476,NA,0.0152352736684657,0.0163740202052971,0.0141757223237058,NA,NA,NA,NA,NA,NA,NA
1989,"Central East Anatolia","female",0.032995326250039,0.0362284960212373,0.0368660090603263,0.0356020073074106,486,91.0756169140917,92.6782750341466,89.5006730889872,47.6225177134139,57.0126760239984,38.3947406454606,NA,0.0237388823819229,0.0255132233415221,0.0220879396224949,NA,NA,NA,NA,NA,NA,NA
1989,"East Black Sea","female",0.0158683373986969,0.0171032852528342,0.0174042518552996,0.0168075231772024,145,92.7794699329319,94.4121107637122,91.1750618792902,11.2845747069014,14.0347152075099,8.5819915761607,NA,0.0122226632129209,0.0131362349483193,0.0113726266776008,NA,NA,NA,NA,NA,NA,NA
1989,"East Marmara","female",0.0255903639383418,0.0245759171916564,0.0250083797384888,0.024150933092303,513,104.127808287985,105.960145889757,102.327156760809,-20.3362164877184,-11.6668092428823,-28.8557062258711,NA,0.0169629276065603,0.0182308060501536,0.0157832249541693,NA,NA,NA,NA,NA,NA,NA
1989,"Istanbul","female",0.042503255222932,0.0400746497124974,0.0407798435387516,0.0393816505954291,2501,106.060203963997,107.926545942859,104.22613608741,-142.905345713846,-101.409941415725,-183.683182204184,NA,0.0258399584467035,0.0277713424069377,0.0240428943888779,NA,NA,NA,NA,NA,NA,NA
1989,"Mediterranean","female",0.0264969481010884,0.0270104024840177,0.0274857046816168,0.0265433195473637,1038,98.0990494931236,99.8252989939989,96.4026515165547,20.114227776244,38.733869526141,1.81657000837117,NA,0.018435128007142,0.0198130447174685,0.0171530398021093,NA,NA,NA,NA,NA,NA,NA
1989,"Northeast Anatolia","female",0.0290469018674531,0.0283478948534158,0.0288467329114235,0.0278576830550569,199,102.465816307178,104.268907827136,100.693905117936,-4.7888892394848,-1.37135528021761,-8.14732479032509,NA,0.0192303807780395,0.0206677379262912,0.0178929859758847,NA,NA,NA,NA,NA,NA,NA
1989,"Southeast Anatolia","female",0.0415363620390977,0.0429592296006632,0.0437151833947037,0.0422163482929838,1310,96.68786527414,98.3892821587339,95.0158704907322,44.875295142514,68.7170429889152,21.4458356211442,NA,0.0273773695913526,0.0294236659354894,0.0254733848387491,NA,NA,NA,NA,NA,NA,NA
1989,"West Anatolia","female",0.0380445067545904,0.0369919364695283,0.037642883774287,0.0363522458048329,1558,102.845404662525,104.65517580081,101.066929363626,-43.1048959237442,-16.4472786399649,-69.3015308814342,NA,0.0241607844660978,0.0259666601094639,0.0224805001319551,NA,NA,NA,NA,NA,NA,NA
1989,"West Black Sea","female",0.0304509297008242,0.0304786236327634,0.0310149561365468,0.0299515657690391,525,99.9091365401769,101.667238152542,98.1814372613025,0.477467007113205,9.72429681667006,-8.60946009737336,NA,0.0204784037545042,0.0220090432338294,0.0190542140281636,NA,NA,NA,NA,NA,NA,NA
1989,"West Marmara","female",0.0253522128016447,0.0248578746029495,0.0252952987558632,0.0244280146971083,242,101.988658349079,103.783353317885,100.2249985119,-4.71871410279701,-0.543274040292886,-8.82194950980002,NA,0.0171351185389688,0.0184158672356486,0.0159434407072697,NA,NA,NA,NA,NA,NA,NA
1989,"Aegean","male",0.050202727669459,0.046030652240194,0.0468406538749208,0.0452346577252227,1887,109.063689576882,110.982883908208,107.177683308,-156.818298536645,-126.37228184223,-186.737821229523,NA,0.0289805316609311,0.0311466548814627,0.0269650535040309,NA,NA,NA,NA,NA,NA,NA
1989,"Central Anatolia","male",0.0269482708290971,0.0267944362956974,0.0272659381351207,0.0263310879987447,444,100.574128642611,102.343932124574,98.8349298511228,-2.53457942673253,5.23388995045252,-10.168710950484,NA,0.0183058333408079,0.0196740860400557,0.0170327370541725,NA,NA,NA,NA,NA,NA,NA
1989,"Central East Anatolia","male",0.0385845227713327,0.0397990587539886,0.0404994030046652,0.0391108253502149,621,96.9483298834695,98.6543301651922,95.2718309622689,19.5473933861808,30.8191093083315,8.47059592839321,NA,0.0256913963898795,0.0276116762156297,0.0239046642191281,NA,NA,NA,NA,NA,NA,NA
1989,"East Black Sea","male",0.0249973957804404,0.0245882911546718,0.0250209714461978,0.0241630930760194,243,101.663818860754,103.452797627341,99.9057763771957,-3.97691123247117,0.229179344495662,-8.11026712362343,NA,0.0169704938240523,0.0182389377976224,0.015790264971995,NA,NA,NA,NA,NA,NA,NA
1989,"East Marmara","male",0.0319824448089839,0.0304171536615924,0.0309524044779625,0.029891158779979,675,105.146080283534,106.996336423082,103.327820078581,-33.0359836716577,-21.7393394279889,-44.1372783728461,NA,0.0204427148660855,0.0219706868122257,0.0190210071568415,NA,NA,NA,NA,NA,NA,NA
1989,"Istanbul","male",0.0521369759163277,0.048500400410639,0.0493538622171874,0.0476616972677999,3254,107.498031923239,109.389675368425,105.639100111138,-226.967837845101,-173.701136627803,-279.313413683222,NA,0.0302456737407706,0.0325063588440335,0.0281422100956425,NA,NA,NA,NA,NA,NA,NA
1989,"Mediterranean","male",0.0332671547178689,0.0337816414660332,0.034376097192371,0.0331974654875272,1363,98.4770226494718,100.209923346009,96.7740884944081,21.0792129262356,45.4348622707591,-2.85526134595148,NA,0.0223697211527062,0.0240417254137951,0.0208139979904564,NA,NA,NA,NA,NA,NA,NA
1989,"Northeast Anatolia","male",0.0278898809003273,0.0268234143606745,0.0272954261272628,0.0263595649545769,204,103.975879152866,105.805543256831,102.177854891486,-7.80064909085459,-4.34812805901018,-11.1934666931265,NA,0.0183231964083011,0.0196927468940809,0.0170488925909109,NA,NA,NA,NA,NA,NA,NA
1989,"Southeast Anatolia","male",0.0429153015449334,0.0434844639502711,0.0442496602959831,0.042732499919645,1441,98.6911132077227,100.427781256964,96.9844768476769,19.111202684498,44.8047873612018,-6.13807039814787,NA,0.0276539392544562,0.0297209075440339,0.0257307202061756,NA,NA,NA,NA,NA,NA,NA
1989,"West Anatolia","male",0.0476567198240625,0.0458790105164424,0.0466863437109421,0.0450856382971479,2032,103.874776913471,105.702661920786,102.078500983346,-75.7984461880662,-41.375156937786,-109.626463633626,NA,0.0289021689341887,0.0310624350046859,0.0268921405863507,NA,NA,NA,NA,NA,NA,NA
1989,"West Black Sea","male",0.0406485039593932,0.0396785378656875,0.0403767613096451,0.0389923885941463,737,102.444561079819,104.247278571427,100.673017450964,-17.5865023661205,-4.92697918389297,-30.0271081416984,NA,0.0256263334244362,0.0275417501785941,0.0238441261184183,NA,NA,NA,NA,NA,NA,NA
1989,"West Marmara","male",0.0327609101690219,0.0299006473769885,0.0304268092294943,0.0293835842864641,327,109.565889179492,111.493920719923,107.671198520761,-28.5494489673648,-23.2976130177008,-33.7104664644114,NA,0.0201421048774461,0.0216476080060943,0.0187413033707846,NA,NA,NA,NA,NA,NA,NA
1989,"Aegean","total",0.0443473485513149,0.0413045365810217,0.0420313727331078,0.0405902693924893,3254,107.366774262978,109.25610796641,105.510112250944,-223.267240878611,-169.93542023658,-275.676810050376,NA,0.0264993410226871,0.0284800099279239,0.0246564195874164,NA,NA,NA,NA,NA,NA,NA
1989,"Central Anatolia","total",0.0246563968702596,0.0243531335938801,0.0247816758165456,0.023932002025682,795,101.245274145976,103.026887778967,99.4944694329251,-9.77816450596276,4.03938835108261,-23.3567744901849,NA,0.0168265544960897,0.0180842398567987,0.0156563360391081,NA,NA,NA,NA,NA,NA,NA
1989,"Central East Anatolia","total",0.0358818674894375,0.0380949588043395,0.0387653159990487,0.0374361938992045,1106,94.1905927073744,95.8480650731963,92.5617825231144,68.214927637257,88.8775940262501,47.9095746537823,NA,0.0247660477537205,0.0266171632455888,0.0230436698186165,NA,NA,NA,NA,NA,NA,NA
1989,"East Black Sea","total",0.0205740890267578,0.0209756641296818,0.0213447730040436,0.020612938146396,388,98.0855190069727,99.8115304118106,96.389355009117,7.57317321471066,14.5340764686109,0.73264281106384,NA,0.0147232490928912,0.015823724823113,0.0136993069757309,NA,NA,NA,NA,NA,NA,NA
1989,"East Marmara","total",0.0288447085684148,0.0275802344171514,0.0280655639503387,0.0271032975446706,1187,104.584711399252,106.425089127528,102.776158781113,-52.0348754430904,-32.0628880497359,-71.6614931394331,NA,0.0187750867539109,0.0201784133685144,0.0174693558001399,NA,NA,NA,NA,NA,NA,NA
1989,"Istanbul","total",0.0474620311910544,0.0444262885448007,0.0452080581829618,0.0436580378187919,5755,106.833212374228,108.713156986238,104.985777090824,-368.098425009733,-273.305089058595,-461.252527715185,NA,0.0281473464388637,0.0302511939952482,0.0261898129268506,NA,NA,NA,NA,NA,NA,NA
1989,"Mediterranean","total",0.0299456932790353,0.0304836656752957,0.0310200869039286,0.0299565206210146,2400,98.2352109421787,99.9638564768044,96.5364583657655,43.1158410324388,86.1073636104175,0.867758195080114,NA,0.0204813302995218,0.0220121885207663,0.0190569370438731,NA,NA,NA,NA,NA,NA,NA
1989,"Northeast Anatolia","total",0.0283798805860272,0.027561396582877,0.0280463946265932,0.0270847854675174,402,102.969675359843,104.781633290258,101.189051084369,-11.5937968191582,-4.72381676470053,-18.344976331481,NA,0.0187638755617102,0.0201663642060498,0.0174589243007778,NA,NA,NA,NA,NA,NA,NA
1989,"Southeast Anatolia","total",0.0422624524209338,0.0432300756852356,0.0439907955592814,0.0424825107159692,2752,97.7616896362913,99.4820026139541,96.0711255243873,63.008629902401,112.544351883766,14.3295145749153,NA,0.0275201143215197,0.0295770799894026,0.0256062022532605,NA,NA,NA,NA,NA,NA,NA
1989,"West Anatolia","total",0.0429359505666864,0.0415425686156855,0.042273593418764,0.0408241852092688,3589,103.354106395999,105.172829161421,101.566834267816,-116.472274542401,-55.3661855046503,-176.521673975758,NA,0.0266262847722226,0.0286164419714211,0.0247745349152605,NA,NA,NA,NA,NA,NA,NA
1989,"West Black Sea","total",0.0355670692537721,0.0351912007658697,0.0358104605147784,0.0345826496934515,1258,101.068075199829,102.846570662013,99.3203347359752,-13.2943919108841,8.60869936067138,-34.8187194746713,NA,0.0231616512749324,0.0248928476256234,0.0215508525922672,NA,NA,NA,NA,NA,NA,NA
1989,"West Marmara","total",0.02908882739806,0.0274407120658642,0.0279235864234863,0.0269661879123208,568,106.006095352919,107.871485182262,104.172963160612,-32.1817547292959,-22.7529581890958,-41.4475018673414,NA,0.0186920068796498,0.0200891237653599,0.0173920537933733,NA,NA,NA,NA,NA,NA,NA
1990,"Aegean","female",0.0346418038329246,0.0334170244744363,0.0340050640336145,0.0328391537102007,1286,103.665135893309,105.489331846466,101.872485223615,-45.4672124642339,-23.6375503383738,-66.9193806709227,NA,0.0221634238651773,0.0238200086249928,0.0206220478405752,NA,NA,NA,NA,NA,NA,NA
1990,"Central Anatolia","female",0.021207581273494,0.0209774895081175,0.0213466305036735,0.0206147319590999,344,101.096850818529,102.87585264543,99.3486127463745,-3.73222982238207,2.25546395719891,-9.61638017657629,NA,0.0147244046410582,0.0158249667416664,0.0137003821602208,NA,NA,NA,NA,NA,NA,NA
1990,"Central East Anatolia","female",0.024182918226212,0.0256658522867014,0.0261174944272561,0.0252220202606923,372,94.2221515033897,95.880179209515,92.5927955821628,22.811617082016,29.7591192285618,15.9842560443226,NA,0.0176260767102958,0.0189435216245489,0.0164002547337672,NA,NA,NA,NA,NA,NA,NA
1990,"East Black Sea","female",0.018481039985163,0.0178563648069037,0.0181705833543273,0.0175475799482959,176,103.498333423485,105.319594152684,101.708567219785,-5.94895262722781,-2.95656343316963,-8.88959531609214,NA,0.012716914868935,0.0136674289903948,0.0118325051403154,NA,NA,NA,NA,NA,NA,NA
1990,"East Marmara","female",0.0198789279422456,0.0200216865859816,0.0203740083123825,0.0196754574554501,421,99.2869799298729,101.034133449025,97.570039422061,3.02337174255393,10.4849132927685,-4.30913956676932,NA,0.0141164357101014,0.0151715557313815,0.0131346949967193,NA,NA,NA,NA,NA,NA,NA
1990,"Istanbul","female",0.0429229061683232,0.04032163289428,0.0410311728849104,0.0396243627697756,2635,106.451309352634,108.324533615121,104.610478205727,-159.68991126147,-116.131866333679,-202.494719744474,NA,0.0259728457054001,0.0279141622017292,0.0241665398789841,NA,NA,NA,NA,NA,NA,NA
1990,"Mediterranean","female",0.0264524866131373,0.0269973105056386,0.0274723823236238,0.0265304539647119,1075,97.9819327099732,99.7061213061853,96.287559999449,22.1410445454292,41.4474413996484,3.16850752704158,NA,0.0184272971845086,0.01980462858719,0.0171457535813542,NA,NA,NA,NA,NA,NA,NA
1990,"Northeast Anatolia","female",0.0284755943740566,0.0265596565634166,0.0270270269826295,0.0261003682432408,195,107.213714552616,109.100354863502,105.359699357085,-13.1202835722086,-9.91974522525311,-16.2654759519635,NA,0.0181649920047881,0.019522717647737,0.0169016906604835,NA,NA,NA,NA,NA,NA,NA
1990,"Southeast Anatolia","female",0.0350480186735123,0.0366541649573082,0.0372991684949518,0.0360203152759132,1160,95.6181070127595,97.30069935548,93.9646112439632,53.1593442288154,74.5073157257646,32.1805369168387,NA,0.0239744245768552,0.0257663709214705,0.0223071008153648,NA,NA,NA,NA,NA,NA,NA
1990,"West Anatolia","female",0.0331436864832088,0.032157190313806,0.0327230605644924,0.0316011054907384,1374,103.067731228307,104.881414648366,101.285411301573,-40.8960462936468,-17.4374088594268,-63.9490204183585,NA,0.0214459394378195,0.0230488964831178,0.0199544615382128,NA,NA,NA,NA,NA,NA,NA
1990,"West Black Sea","female",0.0272944825158686,0.0280433082977914,0.0285367865445442,0.0275583636250505,481,97.3297523460105,99.042464520854,95.6466575984775,13.1962641495574,21.892638464406,4.65027367500772,NA,0.0190500986114031,0.0204739807346981,0.0177252417010024,NA,NA,NA,NA,NA,NA,NA
1990,"West Marmara","female",0.0229410206130878,0.0225574089625374,0.0229543518092197,0.0221673303316189,227,101.700601568148,103.490227600233,99.9419230120602,-3.79581388917217,0.131911372775448,-7.65561815472381,NA,0.0157168089656127,0.0168915474159419,0.0146237687986144,NA,NA,NA,NA,NA,NA,NA
1990,"Aegean","male",0.0406570488600701,0.0389511261746931,0.0396365493512172,0.0382775558193302,1578,104.379649198655,106.216418446285,102.574642660768,-66.2110525235066,-39.6080942941105,-92.3539736297807,NA,0.0252324162841122,0.0271183900634275,0.0234776043137369,NA,NA,NA,NA,NA,NA,NA
1990,"Central Anatolia","male",0.024535366538209,0.0237565878442981,0.0241746326482039,0.0233457721660881,415,103.278158879613,105.095545196183,101.492200089468,-13.1725424794333,-6.10158255100754,-20.1212263799419,NA,0.0164599862490549,0.0176902728028303,0.0153152611233743,NA,NA,NA,NA,NA,NA,NA
1990,"Central East Anatolia","male",0.0289679332774871,0.030382024797782,0.0309166574513474,0.0298566373892666,487,95.3456310772344,97.0234286594546,93.6968471545577,23.7732724591305,32.7613524782419,14.9406206611559,NA,0.0204223110977493,0.0219487579829662,0.0190020223876419,NA,NA,NA,NA,NA,NA,NA
1990,"East Black Sea","male",0.019313017344068,0.020185577083268,0.0205407827916301,0.0198365138426266,195,95.6773109056996,97.3609450596422,94.0227913414166,8.81007592509971,12.3965229259296,5.28564829618821,NA,0.0142210998076764,0.0152840428507963,0.0132320801318191,NA,NA,NA,NA,NA,NA,NA
1990,"East Marmara","male",0.025624070468548,0.0256986053607314,0.0261508238573053,0.0252542069454575,571,99.7099652252054,101.464562018872,97.985710157234,1.6609157974699,11.7380330088313,-8.24194079328254,NA,0.0176459022083759,0.0189648289612732,0.0164187014490562,NA,NA,NA,NA,NA,NA,NA
1990,"Istanbul","male",0.0501188541246568,0.0467973778273488,0.0476208715363514,0.0459881245525696,3268,107.097569247495,108.982165748823,105.245562518524,-216.576869706651,-162.880960491992,-269.34423137459,NA,0.0293755231516489,0.0315711696483567,0.0273325749424041,NA,NA,NA,NA,NA,NA,NA
1990,"Mediterranean","male",0.0308159386775176,0.0314677500735497,0.0320214882406247,0.0309235875375436,1311,97.9286367963754,99.6518875441108,96.2351857163915,27.7299597828401,51.2875980761999,4.57969679168059,NA,0.0210501681580792,0.022623543642587,0.0195862145419734,NA,NA,NA,NA,NA,NA,NA
1990,"Northeast Anatolia","male",0.0288454326203901,0.0278267838897335,0.0283164519553144,0.0273455835098225,212,103.66067719034,105.484794683678,101.868103623683,-7.4865762542434,-3.88775243803349,-11.0231666699137,NA,0.0189216475190217,0.0203359286833981,0.0176057238598788,NA,NA,NA,NA,NA,NA,NA
1990,"Southeast Anatolia","male",0.0364372349349629,0.036989101706017,0.0376399991274266,0.0363494600620517,1279,98.5080287284611,100.241475039138,96.8045583944042,19.3713271997187,42.2187744187186,-3.0810258422141,NA,0.0241592224259833,0.0259649813160956,0.0224790467253798,NA,NA,NA,NA,NA,NA,NA
1990,"West Anatolia","male",0.0425377373538212,0.0404789360514346,0.0411912441065666,0.0397789457297532,1831,105.086105276509,106.935306035536,103.268882201691,-88.6193159103505,-57.9586336531297,-118.74979201767,NA,0.0260573571518116,0.0280049903785794,0.0242451738978782,NA,NA,NA,NA,NA,NA,NA
1990,"West Black Sea","male",0.0350878371722585,0.0353225341801392,0.0359441050038442,0.0347117119976606,651,99.3355601082193,101.08356849303,97.6177795176869,4.35443630738052,15.886711843357,-6.97841498354956,NA,0.0232349925079333,0.0249716706817215,0.0216190932406811,NA,NA,NA,NA,NA,NA,NA
1990,"West Marmara","male",0.028608111163672,0.027326892322503,0.0278077637934905,0.0268543364202663,296,104.688490831846,106.530694767353,102.878143586536,-13.2564074159356,-8.28096689845637,-18.1458091056114,NA,0.018624155979716,0.0200162014122317,0.0173289216476827,NA,NA,NA,NA,NA,NA,NA
1990,"Aegean","total",0.03769054528547,0.0362527209343147,0.0368906602593292,0.0356258133061995,2862,103.966114305628,105.795606577524,102.168258904877,-109.179988292525,-60.7385997595911,-156.783694157651,NA,0.0237523077910732,0.0255276522205482,0.0221004313490197,NA,NA,NA,NA,NA,NA,NA
1990,"Central Anatolia","total",0.0228764844438801,0.022398072745406,0.0227922117518195,0.0220107494687722,758,102.135950284259,103.93323715004,100.369743371017,-15.8519141493524,-2.79233029614386,-28.6856624645106,NA,0.0156174170570025,0.0167847265504136,0.0145312891931711,NA,NA,NA,NA,NA,NA,NA
1990,"Central East Anatolia","total",0.0266816291865095,0.0281343760021842,0.0286294567678198,0.0276478565224464,859,94.8363993729169,96.505236002102,93.1964214441551,46.7703642060777,62.7092101704009,31.1071440116366,NA,0.019104051017672,0.0205319657640182,0.017775441936758,NA,NA,NA,NA,NA,NA,NA
1990,"East Black Sea","total",0.018909189313255,0.0190569991264086,0.0193923452424021,0.0187274520520532,371,99.2243804380051,100.970432393561,97.5085224447701,2.90004186702794,9.47956291219418,-3.56570145810548,NA,0.0134968044932347,0.0145056107483385,0.0125581566118801,NA,NA,NA,NA,NA,NA,NA
1990,"East Marmara","total",0.0228018400175542,0.022941164891184,0.0233448606930039,0.0225444500819925,991,99.392686141743,101.141699773672,97.6739176875342,6.05525473649459,23.6004414098337,-11.1865281900623,NA,0.0159555650636676,0.0171481491192496,0.0148459203807106,NA,NA,NA,NA,NA,NA,NA
1990,"Istanbul","total",0.046621674009391,0.0436660328932289,0.0444344243086058,0.0429109290443376,5902,106.768742018285,108.647552145094,104.922421601762,-374.164897298083,-276.891553302741,-469.756121998829,NA,0.0277493113849345,0.0298234081768062,0.025819459592714,NA,NA,NA,NA,NA,NA,NA
1990,"Mediterranean","total",0.0286960115664677,0.029288926967179,0.0298043243723477,0.0287824421775738,2387,97.9756329025789,99.699710641047,96.2813691327683,49.3200617172738,92.1919989301555,7.18949629053122,NA,0.0197843722428998,0.0212631369743545,0.0184084495866118,NA,NA,NA,NA,NA,NA,NA
1990,"Northeast Anatolia","total",0.0285976280162007,0.0272161705116418,0.0276950936103282,0.0267455292890765,406,105.075870258705,106.92489091207,103.258824175037,-19.6125268338057,-12.813264393,-26.2942116313435,NA,0.0185580862051475,0.0199451933130474,0.017267446757329,NA,NA,NA,NA,NA,NA,NA
1990,"Southeast Anatolia","total",0.0357630392033018,0.0368265359314531,0.0374745726820547,0.0361897054895583,2439,97.1121456274605,98.8210285757102,95.4328138888359,72.529308966602,116.724703707311,29.0981721733428,NA,0.024069587383654,0.0258686465848569,0.0223956454358341,NA,NA,NA,NA,NA,NA,NA
1990,"West Anatolia","total",0.0379290717001363,0.0364118758668445,0.0370526158420618,0.035782216019346,3205,104.166760973371,105.999784025756,102.365435848876,-128.202785560996,-74.0603684513194,-181.408933794393,NA,0.0238404491207334,0.0256223815929366,0.02218244280754,NA,NA,NA,NA,NA,NA,NA
1990,"West Black Sea","total",0.0312914648641267,0.0317894778601868,0.0323488774728511,0.0312397517803025,1132,98.433403032757,100.165536154666,96.731223178882,18.0161176214638,38.252957420613,-1.87077246601302,NA,0.0212351342380642,0.0228223348423299,0.0197583169830736,NA,NA,NA,NA,NA,NA,NA
1990,"West Marmara","total",0.0258378262348311,0.0250009652928246,0.0254409074133766,0.0245686309618176,523,103.347314522478,105.165917771267,101.560159844164,-16.939438662196,-8.0342882460011,-25.6905949344626,NA,0.0172223319927178,0.018509599378893,0.016024588819876,NA,NA,NA,NA,NA,NA,NA
1991,"Aegean","female",0.0301048728191333,0.0288408543196876,0.0293483669880716,0.0283421179184358,1125,104.382735980823,106.219559546575,102.57767606412,-47.235569484706,-28.270143011651,-65.8730324223252,NA,0.0195211500752787,0.0209802405075827,0.0181635334506213,NA,NA,NA,NA,NA,NA,NA
1991,"Central Anatolia","female",0.0182281053061769,0.0178511754544381,0.0181653026847983,0.0175424803337745,301,102.111512783575,103.908369622523,100.345728460838,-6.22422810641467,-1.03705726500084,-11.321698729883,NA,0.0127135226209886,0.0136637831919913,0.0118293488094227,NA,NA,NA,NA,NA,NA,NA
1991,"Central East Anatolia","female",0.0254644446162696,0.0266140786963205,0.0270824067820989,0.0261538492702257,410,95.6803536460202,97.3640413430808,94.0257814645234,18.5101218551504,26.0506167712054,11.1000224973063,NA,0.018197665516444,0.0195578333110115,0.0169320918622377,NA,NA,NA,NA,NA,NA,NA
1991,"East Black Sea","female",0.0167670445256797,0.0167620940696445,0.0170570567290269,0.0164722321126766,165,100.029533637113,101.789753877838,98.2997523666926,-0.0487161135970382,2.85393251499974,-2.90117009416969,NA,0.0119974172974239,0.0128941532337559,0.0111630456997915,NA,NA,NA,NA,NA,NA,NA
1991,"East Marmara","female",0.0213663043970475,0.0212913317093551,0.0216659953878121,0.0209231469795659,462,100.352127751875,102.118024682972,98.6167679564209,-1.62112179393421,6.48016779880618,-9.58231817126091,NA,0.0149227697901878,0.0160381585116704,0.0138849518196804,NA,NA,NA,NA,NA,NA,NA
1991,"Istanbul","female",0.0405239851696786,0.0383376523526555,0.0390122802270383,0.0376746906194535,2539,105.702834375229,107.562887719518,103.874946385709,-136.983048413883,-94.7147432142378,-178.520420258037,NA,0.024898549139597,0.026759568325851,0.0231669562717888,NA,NA,NA,NA,NA,NA,NA
1991,"Mediterranean","female",0.0214110003908237,0.0223664938615286,0.022760077174153,0.021979716669235,886,95.7280140704197,97.4125404482243,94.072617711238,39.5388912050744,55.8256040452006,23.5338196943104,NA,0.0155977003423496,0.0167635361280336,0.0145129436958642,NA,NA,NA,NA,NA,NA,NA
1991,"Northeast Anatolia","female",0.0194196119079863,0.0193593914372212,0.0197000587523323,0.0190246151816777,137,100.311065928701,102.076240294674,98.5764162032626,-0.424838793581671,1.97847505179001,-2.78659284030414,NA,0.013691695429799,0.0147150686289497,0.0127394936761338,NA,NA,NA,NA,NA,NA,NA
1991,"Southeast Anatolia","female",0.0330458915615219,0.0333851973946731,0.0339726768925573,0.0328078770067559,1166,98.9836638401744,100.725479904466,97.2719684881868,11.9721569841067,32.7009393580895,-8.39816866010528,NA,0.0221453877840758,0.0238006244535751,0.0206052660955886,NA,NA,NA,NA,NA,NA,NA
1991,"West Anatolia","female",0.0289228371588112,0.0284727030996229,0.0289737374090097,0.0279803330290135,1217,101.580931945988,103.368452151089,99.8243228014391,-18.9405052839113,2.14175408005394,-39.6581953445884,NA,0.0193041157116672,0.0207469841098079,0.0179615929446474,NA,NA,NA,NA,NA,NA,NA
1991,"West Black Sea","female",0.0268538054238792,0.0267108308763948,0.0271808615108052,0.0262489283433394,478,100.535268064651,102.304387716816,98.7967412776964,-2.54495899626846,5.82162591420393,-10.7668630175189,NA,0.0182557134606872,0.0196202199955301,0.0169861028079521,NA,NA,NA,NA,NA,NA,NA
1991,"West Marmara","female",0.0230196902044732,0.0210986813569793,0.0214699549661507,0.0207338280730057,230,109.104876342703,111.024795437768,107.218157843209,-19.1936568650149,-15.4840965125117,-22.8390688826629,NA,0.0148010776911982,0.0159073706485153,0.0137717229114373,NA,NA,NA,NA,NA,NA,NA
1991,"Aegean","male",0.0346137300093873,0.0336731556459563,0.0342657023467356,0.0330908556807921,1358,102.793246862041,104.602100179232,101.015673512628,-36.9015412436884,-13.6541645685934,-59.7469078793695,NA,0.0223084035726757,0.0239758247075651,0.0207569447988308,NA,NA,NA,NA,NA,NA,NA
1991,"Central Anatolia","male",0.0214047485931741,0.021218220140453,0.0215915972742392,0.0208512997074961,369,100.879095661589,102.654265649824,99.1346231652437,-3.21559483656102,3.22111530592917,-9.54099684592023,NA,0.0148766145256116,0.0159885534142368,0.0138420064661115,NA,NA,NA,NA,NA,NA,NA
1991,"Central East Anatolia","male",0.0277886191766807,0.0284233946732022,0.0289235613019447,0.0279318772786917,488,97.7667146946387,99.4871160982785,96.0760636858792,11.1473852058986,19.9308844245708,2.51577645283061,NA,0.019274994550562,0.0207156863142637,0.0179344970419054,NA,NA,NA,NA,NA,NA,NA
1991,"East Black Sea","male",0.022380690737993,0.0219291753737694,0.0223150631906154,0.0215499606013112,234,102.058971012488,103.854903273611,100.294095279126,-4.72079242170005,-0.68616497435886,-8.68565024463447,NA,0.0153240314051986,0.0164694120575386,0.014258307320693,NA,NA,NA,NA,NA,NA,NA
1991,"East Marmara","male",0.023544879930923,0.0237420470527487,0.024159835982268,0.0233314828241656,535,99.1695445578572,100.914631566136,97.454634825351,4.48014220018126,13.9733771603337,-4.8489290431794,NA,0.0164510254474693,0.017680642234361,0.0153069235091091,NA,NA,NA,NA,NA,NA,NA
1991,"Istanbul","male",0.0451094797225124,0.0426797627818867,0.0434307987968162,0.0419417142116127,2998,105.692901699203,107.552780258139,103.865185472525,-161.48027937375,-111.566026613373,-210.531379658933,NA,0.0272297968069606,0.0292650629588728,0.0253360751415556,NA,NA,NA,NA,NA,NA,NA
1991,"Mediterranean","male",0.028768672743568,0.0284312608509369,0.0289315659008508,0.0279396074289309,1250,101.186763733062,102.967347758003,99.4369708233525,-14.6605604488,7.07771430466823,-36.0229216180317,NA,0.0192796410881103,0.0207206801529929,0.0179388204316575,NA,NA,NA,NA,NA,NA,NA
1991,"Northeast Anatolia","male",0.0277230530633756,0.0279644013715235,0.0284564910926707,0.0274808212130233,211,99.1369444854496,100.88145783008,97.4225984963973,1.83690060769288,5.58219269095233,-1.84362524241126,NA,0.0190033160205282,0.0204237014220376,0.0176817126491284,NA,NA,NA,NA,NA,NA,NA
1991,"Southeast Anatolia","male",0.031224505494713,0.0317041559899257,0.0322620541931809,0.0311559053560202,1171,98.4871053013835,100.220183422401,96.7839967899898,17.9881385147692,38.9107691749246,-2.57268325427685,NA,0.0211861291919697,0.0227696669590762,0.0197127200387055,NA,NA,NA,NA,NA,NA,NA
1991,"West Anatolia","male",0.0375707255211491,0.0371848347942473,0.037839176531862,0.036541808395623,1642,101.037763725554,102.815725796563,99.2905474290994,-16.8650608893888,11.7324473636379,-44.9680408530508,NA,0.0242669982628058,0.02608081275885,0.0225793271909132,NA,NA,NA,NA,NA,NA,NA
1991,"West Black Sea","male",0.0316282047525445,0.0310446625927896,0.0315909556871929,0.0305078163840058,593,101.879685946049,103.672463326894,100.117910536549,-10.9408834121961,-0.69838601104118,-21.0062603218089,NA,0.0208061787045534,0.0223613174214603,0.0193591935630033,NA,NA,NA,NA,NA,NA,NA
1991,"West Marmara","male",0.0259725465796987,0.0243936201750553,0.0248228748403075,0.023971788484331,271,106.472702261135,108.346302974747,104.63150117296,-16.474666985209,-11.9957833329497,-20.8760986213208,NA,0.0168513587162117,0.0181108980455713,0.0156794152265622,NA,NA,NA,NA,NA,NA,NA
1991,"Aegean","total",0.0324141627082057,0.0313219076290564,0.0318730794058521,0.0307802671034982,2483,103.487192070435,105.308256745185,101.697618530873,-83.6692709277099,-41.4482352000973,-125.16019071693,NA,0.0209661591981956,0.0225332555101586,0.0195080480637121,NA,NA,NA,NA,NA,NA,NA
1991,"Central Anatolia","total",0.0198506052537193,0.0195742111799638,0.0199186586792415,0.0192357201098649,670,101.412031735095,103.196579802277,99.6583433321587,-9.32888579714711,2.29694734830878,-20.753676833369,NA,0.0138297780422679,0.0148634720994594,0.0128679732042793,NA,NA,NA,NA,NA,NA,NA
1991,"Central East Anatolia","total",0.0266769465705113,0.0275587225194316,0.0280436735076389,0.0270821576458639,898,96.8003743704065,98.5037710781715,95.1264340003269,29.6823626361236,46.0067941545188,13.6402247050598,NA,0.0187622839625019,0.0201646536442207,0.0174574433908239,NA,NA,NA,NA,NA,NA,NA
1991,"East Black Sea","total",0.0196588909808064,0.0194311513230521,0.0197730813972594,0.0190951341449329,399,101.172033782085,102.952358604001,99.4224955930805,-4.62224056955591,2.31762698156336,-11.4420990346375,NA,0.0137378553879847,0.0147646787708122,0.0127824433968904,NA,NA,NA,NA,NA,NA,NA
1991,"East Marmara","total",0.0224826079389653,0.0225488205635926,0.0229456122801727,0.0221588904493282,997,99.706358811803,101.460892143392,97.9821661084744,2.93622461116013,20.5321077268675,-14.3553780791073,NA,0.0157114555346686,0.016885793847719,0.0146187876770282,NA,NA,NA,NA,NA,NA,NA
1991,"Istanbul","total",0.0428843422365522,0.0405769687728443,0.0412910019103015,0.0398752832001786,5537,105.686411611042,107.546175963861,103.858807615548,-297.915887297005,-205.723696023731,-388.513826153533,NA,0.0261099767109288,0.0280615429383121,0.0242941339805835,NA,NA,NA,NA,NA,NA,NA
1991,"Mediterranean","total",0.0251796112257229,0.0254817313522408,0.0259301335157226,0.0250410832753352,2136,98.8143657809527,100.553202706387,97.1055980504512,25.6290132701861,63.667210628003,-11.7514007414766,NA,0.0175145176182907,0.0188236241506783,0.0162964541230687,NA,NA,NA,NA,NA,NA,NA
1991,"Northeast Anatolia","total",0.0237288424566835,0.0238456122467479,0.0242652236135418,0.0234332570957606,348,99.5103091132404,101.261392557232,97.7895066396217,1.71251029276192,7.86640321488198,-4.33496517113861,NA,0.0165148209737722,0.0177492060986813,0.0153662823159177,NA,NA,NA,NA,NA,NA,NA
1991,"Southeast Anatolia","total",0.0321074455993672,0.0325197380631695,0.0330919880685485,0.0319573838086284,2337,98.7321777838387,100.469568446646,97.0248313061704,30.009471943948,71.6617503362527,-10.9225258630786,NA,0.0216531643321149,0.0232716102118021,0.0201472747835813,NA,NA,NA,NA,NA,NA,NA
1991,"West Anatolia","total",0.0333288351718527,0.0329304196094117,0.033509896380166,0.0323609635598207,2859,101.209870894956,102.990861536749,99.4596783998997,-34.1767147620221,15.5317157619952,-83.0255520341843,NA,0.0218871652408738,0.0235231013035576,0.0203650018804646,NA,NA,NA,NA,NA,NA,NA
1991,"West Black Sea","total",0.0293030035692697,0.028938640976743,0.0294478743974563,0.028438213579625,1071,101.259086744327,103.040943437686,99.5080431740802,-13.3171446289994,5.2949062583657,-31.6073428008863,NA,0.0195786818199375,0.0210420724096532,0.0182170640963338,NA,NA,NA,NA,NA,NA,NA
1991,"West Marmara","total",0.0245281191258462,0.0227849868391359,0.0231859343749347,0.0223909727710104,501,107.650354591016,109.544678459003,105.788788707875,-35.6044126808567,-27.4148440309104,-43.652361531647,NA,0.0158585042907956,0.0170438336280588,0.0147556097899922,NA,NA,NA,NA,NA,NA,NA
1992,"Aegean","female",0.0256031350267169,0.0253346551486737,0.0257804692114115,0.0248965504172485,963,101.059733698634,102.838082375375,99.3121374819038,-10.0982212641455,6.66999645483736,-26.5764711316801,NA,0.0174252689265261,0.0187277046474222,0.0162134123149765,NA,NA,NA,NA,NA,NA,NA
1992,"Central Anatolia","female",0.0167663557835538,0.0165683888451465,0.0168599428726528,0.0162818765755872,282,101.194847249527,102.975573520149,99.4449145539467,-3.32968459882045,1.5740784381901,-8.1486483055898,NA,0.0118691667455461,0.0127563167121754,0.0110437144523952,NA,NA,NA,NA,NA,NA,NA
1992,"Central East Anatolia","female",0.0204665037409899,0.021106474184792,0.0214778849243964,0.0207414861417419,343,96.9678950723886,98.6742396428449,95.2910578161369,10.7253229472943,16.9498293552529,4.60845509577916,NA,0.014806004728987,0.0159126659532183,0.0137763072937789,NA,NA,NA,NA,NA,NA,NA
1992,"East Black Sea","female",0.0206137710913731,0.0203506139156122,0.0207087237779995,0.0199986967416255,210,101.293116644304,103.075572161997,99.5414846050184,-2.68087807247002,0.967317629712056,-6.26598660062984,NA,0.0143263207567018,0.0153971284430117,0.0133299833916145,NA,NA,NA,NA,NA,NA,NA
1992,"East Marmara","female",0.0207328656330863,0.0205493292268215,0.0209109358836078,0.0201939757274723,457,100.893150351717,102.668567660408,99.1484348117529,-4.04556413702778,3.92507750392429,-11.8783718191163,NA,0.0144527816823072,0.015533041574348,0.0134476494739702,NA,NA,NA,NA,NA,NA,NA
1992,"Istanbul","female",0.0339151970881916,0.0322315747429012,0.0327987539367856,0.0316742036118048,2163,105.223518735029,107.075137559423,103.403919409737,-107.375909489584,-71.2030813269812,-142.923211586238,NA,0.02148850603399,0.0230946446804217,0.0199940678006741,NA,NA,NA,NA,NA,NA,NA
1992,"Mediterranean","female",0.0218532919811394,0.0224797854807036,0.0228753623865592,0.0220910491697997,923,97.2130806136829,98.9237397154261,95.5320034360623,26.4607044374296,43.1683695535031,10.0419600544767,NA,0.0156684075587083,0.0168395282903348,0.0145787335127848,NA,NA,NA,NA,NA,NA,NA
1992,"Northeast Anatolia","female",0.0197443130641719,0.0188566295253004,0.0191884497363468,0.0185305473834561,144,104.707540855488,106.550080014363,102.896864183729,-6.47408847205969,-4.0540442681725,-8.85228356413361,NA,0.0133673307188717,0.0143664595756316,0.0124376872121495,NA,NA,NA,NA,NA,NA,NA
1992,"Southeast Anatolia","female",0.0308579200390838,0.0325288429073108,0.0331012531306811,0.0319663312053805,1156,94.8632575926904,96.5325668461129,93.2228152126423,62.5961449515676,84.0397878600331,41.5233206455953,NA,0.0216583606044668,0.0232771948747582,0.0201521096763163,NA,NA,NA,NA,NA,NA,NA
1992,"West Anatolia","female",0.0300604197761869,0.0290843912097077,0.0295961893980532,0.0285814433967286,1287,103.355850082753,105.174603531841,101.568547801509,-41.7874658574717,-19.8754542054455,-63.3205595442362,NA,0.0196643425723,0.0211341357962721,0.0182967674916225,NA,NA,NA,NA,NA,NA,NA
1992,"West Black Sea","female",0.0262586245103316,0.0267711422186048,0.0272422341520283,0.0263081967392681,472,98.0855590542677,99.8115711638173,96.3893943638852,9.21252970466008,17.6804291747343,0.891063126661777,NA,0.018291872743536,0.0196590819707635,0.0170197473596842,NA,NA,NA,NA,NA,NA,NA
1992,"West Marmara","female",0.0215280051320486,0.0208198807001506,0.0211862482526665,0.0204598486338397,217,103.401193513529,105.220744871212,101.613107121687,-7.13781889122234,-3.44487296296316,-10.7669037929698,NA,0.0146245535246829,0.0157176523453106,0.0136074752830456,NA,NA,NA,NA,NA,NA,NA
1992,"Aegean","male",0.0313564061477953,0.030244090622833,0.0307762960479808,0.0297210884693888,1245,103.677794577571,105.502213285663,101.884925004978,-44.1642713151116,-23.0331585470885,-64.9299699723158,NA,0.0203421369431502,0.0218625912848211,0.0189274240195478,NA,NA,NA,NA,NA,NA,NA
1992,"Central Anatolia","male",0.0182770665630161,0.0180457321289216,0.0183632829741279,0.0177336725969753,321,101.281934323539,103.064193065871,99.5304956568317,-4.06292514656514,1.51421826207559,-9.54362465648978,NA,0.0128405756417952,0.0138003326741405,0.011947565809165,NA,NA,NA,NA,NA,NA,NA
1992,"Central East Anatolia","male",0.0198403949494512,0.0211996847776007,0.0215727357445071,0.0208330848712159,362,93.5881601900717,95.2350315476503,91.9697676939419,24.8010646483493,31.6076050606845,18.1122277351012,NA,0.0148649078545038,0.0159759717387494,0.013831113946386,NA,NA,NA,NA,NA,NA,NA
1992,"East Black Sea","male",0.0193826471210625,0.0187729468376249,0.0191032944839665,0.0184483117958573,209,103.247760134363,105.064611524048,101.462327020768,-6.57430114898929,-3.01221503896733,-10.0747891528033,NA,0.0133131772806518,0.0143082584884114,0.0123872999253974,NA,NA,NA,NA,NA,NA,NA
1992,"East Marmara","male",0.0236795151175838,0.0241390843552917,0.024563859952356,0.0237216542775474,549,98.0961612671643,99.8223599439122,96.3998132358371,10.6549272756981,20.5031780371817,0.976979414701987,NA,0.0166952605019752,0.0179431324136869,0.0155341730085095,NA,NA,NA,NA,NA,NA,NA
1992,"Istanbul","male",0.0407774093203087,0.0384184676844622,0.0390945176666727,0.0377541084355241,2762,106.14012421115,108.007872547031,104.304674297263,-159.77956684372,-113.988279903494,-204.778998542614,NA,0.0249426179503318,0.026806931019367,0.0232079602758982,NA,NA,NA,NA,NA,NA,NA
1992,"Mediterranean","male",0.0264053275436549,0.0268308274607473,0.0273029696756971,0.0263668498620928,1171,98.4141379250607,100.145932038766,96.7122912170201,18.8696921896326,39.8078355545358,-1.70637402754187,NA,0.0183276374653402,0.0196975198938491,0.0170530247904879,NA,NA,NA,NA,NA,NA,NA
1992,"Northeast Anatolia","male",0.0215264508932217,0.0207563067511556,0.0211215555925491,0.0203973740504247,169,103.710410292637,105.535402939642,101.916976706088,-6.04625261520243,-3.17875464715942,-8.8641637852518,NA,0.0145842325402245,0.0156743176059032,0.0135699584591316,NA,NA,NA,NA,NA,NA,NA
1992,"Southeast Anatolia","male",0.0334175935647934,0.0346540733187185,0.0352638812330544,0.0340548106330811,1338,96.4319353094426,98.1288485930715,94.764366247552,49.5071527979417,73.9231236188048,25.5134001709575,NA,0.0228609149547566,0.0245696330454209,0.0212710312605187,NA,NA,NA,NA,NA,NA,NA
1992,"West Anatolia","male",0.0392704541786888,0.0374364559802288,0.0380952254972048,0.0367890783705279,1748,104.89896319093,106.744870809671,103.084976309092,-81.6346262847096,-52.3115858524723,-110.450592013246,NA,0.0244053128279608,0.0262294655191362,0.0227080225403784,NA,NA,NA,NA,NA,NA,NA
1992,"West Black Sea","male",0.0343069478560038,0.0329851291638163,0.0335655686588933,0.0324147270380109,652,104.00731701132,105.837534327449,102.208749104312,-25.121027697467,-14.089835054548,-35.9614611742701,NA,0.0219182793697091,0.0235565410293745,0.0203939521481337,NA,NA,NA,NA,NA,NA,NA
1992,"West Marmara","male",0.02479092513186,0.0244817700137379,0.0249125758521748,0.0240584139738098,261,101.262797248519,103.044719235639,99.5116895136151,-3.2547993025957,1.2807443785689,-7.7119111624196,NA,0.0169053315798167,0.0181689050612927,0.0157296344969296,NA,NA,NA,NA,NA,NA,NA
1992,"Aegean","total",0.0285703806339195,0.0278615888725385,0.0283518694015888,0.0273797866203086,2209,102.543974662119,104.34844153507,100.770711903457,-54.8022450576618,-16.8948155925355,-92.0541525073027,NA,0.0189423116966756,0.0203581373860309,0.017624950927987,NA,NA,NA,NA,NA,NA,NA
1992,"Central Anatolia","total",0.0175092197466695,0.0173236561767308,0.0176285006475279,0.0170240832916026,602,101.071157081655,102.849706775731,99.3233633237258,-6.38002553622186,4.1011023538282,-16.6799063679475,NA,0.0123677067645742,0.0132921196470194,0.0115075830399101,NA,NA,NA,NA,NA,NA,NA
1992,"Central East Anatolia","total",0.0201401553101923,0.0211550695627723,0.0215273354355043,0.0207892411741601,705,95.2025009912234,96.8777799125513,93.5561921749768,35.5267641708205,48.5578176177249,22.7210528940509,NA,0.0148367206948106,0.0159456777556951,0.0138048870890548,NA,NA,NA,NA,NA,NA,NA
1992,"East Black Sea","total",0.0199807300690517,0.0195401544119523,0.0198840026141004,0.0192022522755139,419,102.254719424479,104.054096271459,100.486458671468,-9.23896172395587,-2.02839453235839,-16.3248387003413,NA,0.0138079072032258,0.0148399665446414,0.0128476233931767,NA,NA,NA,NA,NA,NA,NA
1992,"East Marmara","total",0.0222434063890331,0.0223933973007246,0.022787454033313,0.0220061548751789,1006,99.3302002832477,101.078114351189,97.6125123785898,6.78362183033346,24.6055806639133,-10.7301471169918,NA,0.01561449825868,0.0167815895891913,0.0145285733854056,NA,NA,NA,NA,NA,NA,NA
1992,"Istanbul","total",0.0374495766898119,0.0354268934953195,0.0360503007304538,0.034814266657933,4925,105.709456841762,107.569626721632,103.88145433188,-266.003400128818,-184.01901193488,-346.570056438974,NA,0.0232932169619188,0.0250342470690409,0.0216732684206028,NA,NA,NA,NA,NA,NA,NA
1992,"Mediterranean","total",0.0241848101804334,0.0247133573913277,0.0251482384740921,0.0242859965790723,2094,97.8612893322225,99.5833549662685,96.1690028721046,45.7633469667708,83.41677407721,8.76104948391503,NA,0.0170469183663349,0.0183210746221226,0.0158613744980655,NA,NA,NA,NA,NA,NA,NA
1992,"Northeast Anatolia","total",0.0206681903920652,0.0198424858933553,0.0201916542242054,0.0194993556276337,313,104.161295631745,105.994222510487,102.360065017796,-12.5045058707904,-7.21668504647522,-17.7008859666548,NA,0.0140017947125518,0.015048345997767,0.013028026814477,NA,NA,NA,NA,NA,NA,NA
1992,"Southeast Anatolia","total",0.03216762050811,0.0336174114662999,0.0342089772364506,0.0330360754688203,2493,95.6873807501708,97.3711921032207,94.032687051031,112.359223395349,158.205743644295,67.3055135211184,NA,0.0222768755862975,0.0239419401908034,0.0207276094557286,NA,NA,NA,NA,NA,NA,NA
1992,"West Anatolia","total",0.0347437969599624,0.033358061663374,0.033945063653649,0.0327812105256678,3034,104.154124153173,105.986924835365,102.353017553489,-121.009252232686,-69.7493383969345,-171.3827434725,NA,0.0221300066059666,0.0237840936234358,0.0205909546158849,NA,NA,NA,NA,NA,NA,NA
1992,"West Black Sea","total",0.0303948975065278,0.0299731233443158,0.0305005605568078,0.0294548069482299,1124,101.407174545565,103.191637140757,99.6535701365775,-15.5971625903474,3.90740809338968,-34.7644464765813,NA,0.0201843655206989,0.0216930273823107,0.0187806249581095,NA,NA,NA,NA,NA,NA,NA
1992,"West Marmara","total",0.0231949491526303,0.0226945256637858,0.0230938813537963,0.0223020759141281,478,102.205040529413,104.003543176609,100.437638858907,-10.3126946342352,-2.08279860950591,-18.400273490388,NA,0.0158022182451369,0.016983340533616,0.0147032382099784,NA,NA,NA,NA,NA,NA,NA
1993,"Aegean","female",0.0268378176087843,0.026094519350461,0.0265537047476392,0.0256432745111441,1019,102.848484190647,104.658309519407,101.069955638376,-28.2221504100062,-10.7874272687536,-45.3553800178215,NA,0.0178850833169035,0.0192218874420713,0.0166412484838747,NA,NA,NA,NA,NA,NA,NA
1993,"Central Anatolia","female",0.014952990305789,0.0146379489738858,0.014895533040608,0.0143848192325814,256,102.152223186904,103.949796407039,100.385734871148,-5.39360885802159,-0.983686846947165,-9.72727138630108,NA,0.0105759605894473,0.011366451049742,0.00984044552693382,NA,NA,NA,NA,NA,NA,NA
1993,"Central East Anatolia","female",0.0177169143627446,0.0188369602559299,0.0191684343467372,0.0185112182489684,309,94.0539987451921,95.7090674663289,92.4275506400986,19.5346759547484,25.3159024122661,13.8534225440116,NA,0.0133546064138348,0.0143527842041017,0.0124258478307971,NA,NA,NA,NA,NA,NA,NA
1993,"East Black Sea","female",0.0145007934603638,0.0137125838626557,0.0139538842745446,0.0134754561877358,152,105.74807494782,107.60892439071,103.919404626401,-8.26215883835022,-5.73280327533405,-10.7477750004138,NA,0.00994602012165689,0.0106894262602833,0.00925431485766009,NA,NA,NA,NA,NA,NA,NA
1993,"East Marmara","female",0.0241679934340464,0.0231599977433387,0.0235675443480336,0.0227594987220727,544,104.352313423681,106.188601643531,102.547779595302,-22.6890849354702,-13.5155739628276,-31.7039610840957,NA,0.0160913200753211,0.0172940510145589,0.0149722341832145,NA,NA,NA,NA,NA,NA,NA
1993,"Istanbul","female",0.0337440448515466,0.0318842689174168,0.0324453365688244,0.0313329036436923,2197,105.832895020886,107.695237043056,104.00275793092,-121.08589071816,-84.5560189862608,-156.984062134838,NA,0.0212895376655639,0.0228808046040489,0.0198089368733675,NA,NA,NA,NA,NA,NA,NA
1993,"Mediterranean","female",0.0235610491069219,0.0240450388767164,0.0244681595549892,0.0236292350997405,1016,97.9871533072746,99.7114337703664,96.2926903184988,20.8706158999846,39.1164336975808,2.94031765687896,NA,0.016637491385893,0.0178810453980839,0.0154804214995911,NA,NA,NA,NA,NA,NA,NA
1993,"Northeast Anatolia","female",0.0180725932870311,0.0186050286815493,0.0189324214711968,0.0182832973990092,136,97.138217824699,98.8475595655435,95.4584352272435,4.00668639549582,6.47038480805318,1.58559199412664,NA,0.0132043701924142,0.0141913187143024,0.0122860599277923,NA,NA,NA,NA,NA,NA,NA
1993,"Southeast Anatolia","female",0.0315418122894007,0.0332907772400113,0.0338765952259268,0.0327150896320256,1252,94.7463979648136,96.4136508387361,93.1079764039001,69.4222671187576,92.675341851331,46.5713009604069,NA,0.0220918537414867,0.0237430890581435,0.0205554551280193,NA,NA,NA,NA,NA,NA,NA
1993,"West Anatolia","female",0.0259922777929031,0.0252342145023469,0.0256782611104917,0.0247978466614426,1129,103.00410892713,104.816672785213,101.222889202116,-32.927220225062,-13.6396216317476,-51.8812840553396,NA,0.0173642504011147,0.0186621253483741,0.0161566373799371,NA,NA,NA,NA,NA,NA,NA
1993,"West Black Sea","female",0.0263772808891292,0.0260583076723806,0.0265168558524651,0.0256076890309502,479,101.224074950526,103.00531554116,99.4736368289192,-5.79241550578206,2.53462090042319,-13.9754549233949,NA,0.0178632426444296,0.0191984143085939,0.0166209267413785,NA,NA,NA,NA,NA,NA,NA
1993,"West Marmara","female",0.0222038328178725,0.0212845082155946,0.0216590518209956,0.0209164414824741,226,104.319219372916,106.154925236576,102.51525783021,-9.35727456691916,-5.54501136376203,-13.1036134250593,NA,0.014918463538785,0.016033530393462,0.0138809450505559,NA,NA,NA,NA,NA,NA,NA
1993,"Aegean","male",0.0311130899411669,0.0297329124523757,0.0302561226725121,0.0292187499525113,1252,104.641918248008,106.483302645508,102.832376368679,-55.5387529568452,-34.4846179657695,-76.2288049911317,NA,0.0200441991822921,0.0215423844396818,0.0186502066186937,NA,NA,NA,NA,NA,NA,NA
1993,"Central Anatolia","male",0.0163715475946508,0.0161937818950891,0.0164787439620828,0.01591374759321,293,101.097740482818,102.876757965146,99.3494870259611,-3.1814554898026,1.9184829947194,-8.19320223984158,NA,0.0116203727020735,0.0124889267864393,0.0108122230231758,NA,NA,NA,NA,NA,NA,NA
1993,"Central East Anatolia","male",0.0214536562550983,0.0218626815392527,0.0222473992637354,0.0214846166250951,408,98.1291165796838,99.8558951712424,96.4321986618409,7.77873542629089,15.0951960669639,0.588796185065235,NA,0.0152823179995898,0.0164245808217411,0.0142194949128589,NA,NA,NA,NA,NA,NA,NA
1993,"East Black Sea","male",0.018346454251431,0.0175264346451935,0.0178348474097893,0.0172233551717207,204,104.678758816827,106.520791498014,102.868579864389,-9.11805613116732,-5.68871751808763,-12.4880922014148,NA,0.0125008687906479,0.0134352347464233,0.0116314841884396,NA,NA,NA,NA,NA,NA,NA
1993,"East Marmara","male",0.026810287552264,0.0257698573581896,0.0262233296765457,0.0253242268031046,635,104.037392134589,105.868138682825,102.238304147331,-24.6425247006139,-13.9020609292065,-35.197256794678,NA,0.0176890107540543,0.0190111596156033,0.0164588119706401,NA,NA,NA,NA,NA,NA,NA
1993,"Istanbul","male",0.0393461534260771,0.0373229063158358,0.0379796776987577,0.0366774922870454,2719,105.420925940547,107.276018540598,103.597912910578,-139.815672276111,-94.4297518069234,-184.416747387007,NA,0.0243429279158508,0.0261624177040709,0.0226499762452803,NA,NA,NA,NA,NA,NA,NA
1993,"Mediterranean","male",0.027338704848498,0.027948250891634,0.0284400564126995,0.0274649500186265,1239,97.8190189951441,99.5403407978428,96.1274635035191,27.6248473228975,49.9136515649786,5.72147680938087,NA,0.0189937366882936,0.0204134060914136,0.0176727995205058,NA,NA,NA,NA,NA,NA,NA
1993,"Northeast Anatolia","male",0.0216820289832391,0.0216306394429096,0.0220112739213767,0.021256587164397,176,100.237577536555,102.001458726896,98.504198624243,-0.417145420522019,2.67258701466608,-3.45344802251165,NA,0.0151365385327711,0.0162679052025727,0.0140838538152922,NA,NA,NA,NA,NA,NA,NA
1993,"Southeast Anatolia","male",0.0318590834906901,0.0333568228670462,0.0339438030582155,0.0327799931514799,1354,95.5099459492116,97.1906349811172,93.8583205778387,63.6534040967879,88.5998586636749,39.1383412229616,NA,0.0221293043468123,0.023783338874566,0.0205903011959996,NA,NA,NA,NA,NA,NA,NA
1993,"West Anatolia","male",0.0324446341679637,0.0311865851784316,0.031735375685337,0.0306472847441652,1464,104.033942742799,105.864628592067,102.234914404856,-56.7669745061735,-32.0038873975291,-81.1018408411967,NA,0.0208881192079809,0.0224493824925547,0.019435435437546,NA,NA,NA,NA,NA,NA,NA
1993,"West Black Sea","male",0.0348780061686175,0.033031310875293,0.0336125630301949,0.0324601101427496,671,105.590741767096,107.448822617159,103.764792162043,-35.5276197793572,-24.3452088911438,-46.5166565288689,NA,0.0219445328988693,0.0235847568544581,0.0204183798510743,NA,NA,NA,NA,NA,NA,NA
1993,"West Marmara","male",0.0254864933677435,0.0246434940691585,0.0250771457666673,0.0242173413827612,271,103.420778304486,105.240674295841,101.632353238622,-8.96368153202553,-4.35262702840322,-13.4949984278932,NA,0.0170042377518927,0.0182752038843556,0.0158216621468399,NA,NA,NA,NA,NA,NA,NA
1993,"Aegean","total",0.0290375503400834,0.0279697223264689,0.0284619056804883,0.0274860501542613,2271,103.817799837805,105.644682219215,102.022509195474,-83.5138429556532,-45.0206372999714,-121.341396940712,NA,0.019006471741234,0.0204270930141888,0.0176846489022886,NA,NA,NA,NA,NA,NA,NA
1993,"Central Anatolia","total",0.0156779993896589,0.0154338422860979,0.0157054316917104,0.0151669493961048,549,101.581959301093,103.369497584566,99.8253323907933,-8.5497037296343,0.960603036903194,-17.8955515616541,NA,0.0111124986146305,0.0119430921168102,0.0103396695137566,NA,NA,NA,NA,NA,NA,NA
1993,"Central East Anatolia","total",0.0196660950770766,0.0204175495354983,0.0207768372643484,0.0200644748635469,717,96.3195658856358,98.0145018039117,94.6539399951031,27.3970427060724,40.4962014651409,14.5244038422336,NA,0.0143689463366068,0.0154429400327355,0.0133696445357311,NA,NA,NA,NA,NA,NA,NA
1993,"East Black Sea","total",0.0164803423631696,0.0156799253604932,0.0159558450912874,0.0154087770283561,356,105.104724571541,106.954252974402,103.287179518737,-17.2902022708946,-11.3299241408575,-23.1474110662968,NA,0.0112774262179251,0.0121203470823277,0.0104931270727537,NA,NA,NA,NA,NA,NA,NA
1993,"East Marmara","total",0.0255227729904003,0.0244999781556444,0.0249311044028524,0.0240763072476797,1179,104.17467651709,106.007838859342,102.373214511429,-47.2470256515942,-27.3315624827028,-66.818096580218,NA,0.0169164746362951,0.0181808809952929,0.0157400025991319,NA,NA,NA,NA,NA,NA,NA
1993,"Istanbul","total",0.0366285391248952,0.0346917159651945,0.0353021862773824,0.0340918023363558,4916,105.582955774352,107.440899614258,103.757140810178,-259.945465491334,-178.012848837346,-340.461245531463,NA,0.0228820322990347,0.0245923287862007,0.0212906799793546,NA,NA,NA,NA,NA,NA,NA
1993,"Mediterranean","total",0.0254968339735603,0.0260492861883015,0.0265076756172827,0.0255988235527386,2255,97.879204018307,99.6015848971803,96.1866077647965,48.8601739938872,89.4012138510111,9.02019840131925,NA,0.0178578003223252,0.0191925652051228,0.0166158629106507,NA,NA,NA,NA,NA,NA,NA
1993,"Northeast Anatolia","total",0.0199456304814911,0.020177452009069,0.0205325147404569,0.0198285292729426,312,98.8510862150797,100.590569310192,97.1416834889228,3.62627376815243,9.1803510030561,-1.83175844458964,NA,0.0142159150477962,0.0152784705608012,0.0132272559509097,NA,NA,NA,NA,NA,NA,NA
1993,"Southeast Anatolia","total",0.031717835710075,0.033344512277068,0.0339312758387195,0.0327678954449095,2607,95.1216063576622,96.7954617756886,93.4766964284948,133.702244028075,181.930396138069,86.3080871512302,NA,0.0221223252379062,0.0237758381185751,0.0205838074557446,NA,NA,NA,NA,NA,NA,NA
1993,"West Anatolia","total",0.0292799411093835,0.0282759709674956,0.0287735433804965,0.0277870029277175,2593,103.550612437118,105.372793120401,101.75994218783,-88.910512770155,-44.8460366125264,-132.212994916823,NA,0.0191878528091267,0.0206220312434037,0.0178534156543129,NA,NA,NA,NA,NA,NA,NA
1993,"West Black Sea","total",0.0307503131631754,0.0296565573775123,0.0301784239769864,0.0291437152634741,1150,103.68807401257,105.512673607935,101.895026680734,-40.9042713431234,-21.3875078483729,-60.0835371936655,NA,0.0199995850340418,0.0214944356478986,0.0186086952030759,NA,NA,NA,NA,NA,NA,NA
1993,"West Marmara","total",0.023881026095421,0.0230038266083564,0.0234086250687499,0.0226060282085411,497,103.813276382226,105.640079164363,102.018063962679,-18.2558380585962,-9.83137446931448,-26.5346198797052,NA,0.0159944669020853,0.0171899586398486,0.0148821167544214,NA,NA,NA,NA,NA,NA,NA
1994,"Aegean","female",0.0249081930806665,0.0240055831310839,0.0244280095063891,0.0235904616506993,953,103.760000099368,105.585865378468,101.965708970892,-34.5343108256153,-18.3720651596173,-50.4170675364428,NA,0.0166132397979351,0.0178549811474592,0.0154578565109811,NA,NA,NA,NA,NA,NA,NA
1994,"Central Anatolia","female",0.0155924355535291,0.015489364494148,0.0157619309243534,0.0152215114749602,272,100.665431170014,102.43684130304,98.9246535108055,-1.79800827493631,2.95673762485268,-6.47053175396275,NA,0.0111497496807014,0.0119831274795994,0.0103743299196261,NA,NA,NA,NA,NA,NA,NA
1994,"Central East Anatolia","female",0.0191152365706681,0.0212516823448236,0.0216256483132003,0.02088418325982,347,89.9469334263039,91.5297300969615,88.3915075923998,38.7830242587503,45.5716502088897,32.1117920181865,NA,0.0148977433320159,0.0160112614738693,0.0138616658499295,NA,NA,NA,NA,NA,NA,NA
1994,"East Black Sea","female",0.016360495382404,0.0164331793904195,0.0167223541364242,0.0161490052581464,177,99.5576996618326,101.309617037563,97.8360776774126,0.786349625609461,3.91485697495827,-2.2880573673736,NA,0.0117794852879577,0.0126599320964112,0.0109602699755825,NA,NA,NA,NA,NA,NA,NA
1994,"East Marmara","female",0.0221708692908592,0.0215096363034839,0.0218881414890564,0.0211376764966305,508,103.074124443788,104.887920365294,101.291693961062,-15.1507977959675,-6.47812773742089,-23.6734939249583,NA,0.0150603868684333,0.0161860616520288,0.014012998189615,NA,NA,NA,NA,NA,NA,NA
1994,"Istanbul","female",0.0311951509785949,0.030011147140421,0.0305392534578575,0.029492173210025,2070,103.945213532272,105.774338013148,102.14771956244,-78.5663113700516,-43.5230420541352,-113.003587748578,NA,0.0202065267770009,0.0217168450613601,0.0188012449891318,NA,NA,NA,NA,NA,NA,NA
1994,"Mediterranean","female",0.0208840475700298,0.0217673198372308,0.0221503594813308,0.0213909039849061,917,95.9422093587734,97.6305049322181,94.2831089835435,38.7837015936361,55.6026325246198,22.2556154827279,NA,0.0152224475718222,0.0163602354338406,0.0141637882299398,NA,NA,NA,NA,NA,NA,NA
1994,"Northeast Anatolia","female",0.0188017589294976,0.0202009039679076,0.0205563793835411,0.019851575683963,146,93.0738493651928,94.7116703924237,91.4643506947126,10.8646843294742,13.6250330222265,8.15206953385015,NA,0.0142308790156271,0.0152945529966632,0.013241179235614,NA,NA,NA,NA,NA,NA,NA
1994,"Southeast Anatolia","female",0.0292153735923693,0.0313729224434184,0.0319249919281766,0.0308303997336974,1223,93.1228948946651,94.761578976341,91.5125480942853,90.3182783711591,113.428747170218,67.607452103922,NA,0.0209955565589153,0.0225648501496041,0.0195354009575086,NA,NA,NA,NA,NA,NA,NA
1994,"West Anatolia","female",0.0277241086159017,0.0274063024002557,0.0278885712508074,0.0269323732829272,1225,101.159609972205,102.939716172271,99.4102866244861,-14.0423852597046,7.26684239160545,-34.9831187119751,NA,0.0186715015873814,0.020067085823855,0.017372974560818,NA,NA,NA,NA,NA,NA,NA
1994,"West Black Sea","female",0.0233702991782451,0.0232892752416515,0.0236990967431784,0.0228865406626741,428,100.347902353134,102.113724929867,98.612615626256,-1.48385968864073,6.02154712347283,-8.85947771080015,NA,0.0161713853312611,0.0173801006745146,0.0150467312261085,NA,NA,NA,NA,NA,NA,NA
1994,"West Marmara","female",0.0184304061785514,0.0179143725000816,0.0182296118091934,0.0176045845315165,189,102.880556818094,104.69094652905,101.101473643321,-5.29181854626182,-2.05910469042288,-8.46863003330006,NA,0.0127548214404799,0.0137081688538126,0.0118677754639182,NA,NA,NA,NA,NA,NA,NA
1994,"Aegean","male",0.0280979479819584,0.0268902037061532,0.0273633907652125,0.0264251993315709,1144,104.491391322294,106.330126896674,102.684452460767,-49.1729663820413,-29.9072891905469,-68.1054878908599,NA,0.0183631981207688,0.0197357384978055,0.017086112346903,NA,NA,NA,NA,NA,NA,NA
1994,"Central Anatolia","male",0.0202919260953241,0.020023066686954,0.0203754126989994,0.019676813690743,371,101.342748403996,103.126077292029,99.5902580973028,-4.91559253846822,1.52639674607678,-11.2461823992245,NA,0.0141173177994423,0.0151725037516801,0.0131355157403327,NA,NA,NA,NA,NA,NA,NA
1994,"Central East Anatolia","male",0.0213424948526464,0.0231860720556997,0.0235940774902091,0.0227851221390275,422,92.0487730796983,93.6685558340279,90.4570007515781,36.4526071136449,44.520000103627,28.5247211751031,NA,0.0161074765927968,0.0173114151360935,0.0149872670805837,NA,NA,NA,NA,NA,NA,NA
1994,"East Black Sea","male",0.0161575564322378,0.0175970857080473,0.0179067417197756,0.0172927844865483,185,91.8195018215363,93.4352500883038,90.2316942137716,16.4822519507595,20.0277362206111,12.9980786963808,NA,0.0125471966778379,0.0134850253689893,0.011674590159421,NA,NA,NA,NA,NA,NA,NA
1994,"East Marmara","male",0.0264254152378603,0.0253597110305547,0.0258059660017807,0.024921173015142,638,104.202351541078,106.036000880875,102.400410959376,-25.7297483555457,-14.9556254485107,-36.3175575276971,NA,0.017440481821051,0.0187440546157755,0.0162275672145352,NA,NA,NA,NA,NA,NA,NA
1994,"Istanbul","male",0.0388190993480133,0.0362567964949791,0.0368948075376566,0.0356298183893935,2737,107.067096657006,108.951156931996,105.21561688157,-180.659083454841,-135.675138614877,-224.865134182699,NA,0.0237545662148128,0.0255300794480958,0.0221025327085698,NA,NA,NA,NA,NA,NA,NA
1994,"Mediterranean","male",0.0265509186533361,0.0268118194046901,0.0272836271347755,0.026348170506752,1228,99.0269188844814,100.769496108021,97.3144755357492,12.0668563994273,33.8883195325702,-9.37725459732678,NA,0.01831624948577,0.0196852807302058,0.0170424287985992,NA,NA,NA,NA,NA,NA,NA
1994,"Northeast Anatolia","male",0.0230094051317607,0.0222521578354429,0.0226437291764019,0.0218673578223805,193,103.403028604766,105.22261225456,101.614910479233,-6.35169520256761,-3.0672439804556,-9.57934937683919,NA,0.0155262625227425,0.0166867587542151,0.0144464740861806,NA,NA,NA,NA,NA,NA,NA
1994,"Southeast Anatolia","male",0.0313029880776976,0.0335785246678447,0.0341694061467935,0.03299786112832,1408,93.223238326709,94.8636881522973,91.6111563169062,102.353024924474,128.93071521701,76.234934804085,NA,0.0222548735386683,0.0239182936203327,0.0207071375610628,NA,NA,NA,NA,NA,NA,NA
1994,"West Anatolia","male",0.0328117536378709,0.0322049754301227,0.0327716865557571,0.0316480642731096,1506,101.884113245373,103.676968533428,100.12226127589,-27.8500195678062,-1.83900642219078,-53.4112319223261,NA,0.0214732875099433,0.0230782886617731,0.0199799076631038,NA,NA,NA,NA,NA,NA,NA
1994,"West Black Sea","male",0.030274156694991,0.0289022576261661,0.0294108508088638,0.0284024593956158,588,104.746684797325,106.589912772357,102.935331220908,-26.6457183463841,-16.7675640367801,-36.3530526422458,NA,0.0195572817248054,0.0210190727840664,0.018197152290816,NA,NA,NA,NA,NA,NA,NA
1994,"West Marmara","male",0.0224877271548037,0.0221062719946033,0.0224952761816373,0.0217239947424292,241,101.725551736148,103.515616816473,99.9664417241528,-4.08803846540152,0.0809025943075028,-8.18488725495519,NA,0.0154349968797732,0.016588671544589,0.0143615555976403,NA,NA,NA,NA,NA,NA,NA
1994,"Aegean","total",0.026552638390827,0.0254948341917058,0.0259434669259245,0.0250539595312557,2097,104.149092287352,105.981804423774,102.348072702241,-83.5403010769569,-48.1094399395706,-118.358466765649,NA,0.0175224628476176,0.0188321632388738,0.0163038467939972,NA,NA,NA,NA,NA,NA,NA
1994,"Central Anatolia","total",0.017997354516098,0.0178152219416048,0.0181287164978062,0.0175071485544513,643,101.0223424389,102.800033141445,99.2753928182167,-6.50713666246838,4.69323167262451,-17.513820326031,NA,0.01269001489885,0.0136385184067529,0.011807475953788,NA,NA,NA,NA,NA,NA,NA
1994,"Central East Anatolia","total",0.0202764277077787,0.0222611468732546,0.0226528763943601,0.0218761914154083,769,91.084380437468,92.6871927692917,89.5092850673346,75.272087383786,90.1287478405279,60.6723387816081,NA,0.0155318817984542,0.0166927980375285,0.0144517025641117,NA,NA,NA,NA,NA,NA,NA
1994,"East Black Sea","total",0.0162561506472062,0.0170322137651621,0.0173319297222771,0.0167376807078388,362,95.443556964138,97.1230777487166,93.7930796379346,17.2817572128184,23.9559803318251,10.7229494689108,NA,0.0121758120296627,0.013085881916401,0.0113290338036651,NA,NA,NA,NA,NA,NA,NA
1994,"East Marmara","total",0.0243537777401502,0.0234888685806652,0.0239022023272507,0.0230826824928485,1146,103.682208687552,105.506705070763,101.889262783056,-40.6994720632483,-21.2494927359719,-59.8131086252904,NA,0.0162948058476336,0.0175127461440221,0.0151615683473322,NA,NA,NA,NA,NA,NA,NA
1994,"Istanbul","total",0.0351227595547359,0.0332372656030377,0.0338221419443899,0.0326625033560329,4807,105.67283113544,107.532356512559,103.845461983113,-258.054023679099,-178.006196898905,-336.717606961796,NA,0.022061495856435,0.0237104621008571,0.0205272085104532,NA,NA,NA,NA,NA,NA,NA
1994,"Mediterranean","total",0.0237910898687822,0.0243615870156846,0.024790277993259,0.0239403092649523,2145,97.6582102531535,99.3767023035558,95.9694355797523,51.4359109588891,90.0866054822909,13.4535915147276,NA,0.0168317342835217,0.0180898068026847,0.0156611555933825,NA,NA,NA,NA,NA,NA,NA
1994,"Northeast Anatolia","total",0.0209866847372797,0.0212666775523965,0.0216409073915212,0.0208989191596837,339,98.6834200385697,100.419952711073,96.9769167142325,4.52275171199409,10.5677234191213,-1.41768607941128,NA,0.0149072093789157,0.0160214350517499,0.0138704735717514,NA,NA,NA,NA,NA,NA,NA
1994,"Southeast Anatolia","total",0.0302739853634271,0.032516575360889,0.0330887697121791,0.0319542757980272,2629,93.1032405086567,94.7415787319961,91.4932335857869,194.74704214034,244.436534008788,145.916816023179,NA,0.0216513592400682,0.0232696701998084,0.0201455952283478,NA,NA,NA,NA,NA,NA,NA
1994,"West Anatolia","total",0.0303163155776908,0.029857005605992,0.0303823994940192,0.0293406971997626,2731,101.538365828644,103.325136997549,99.782492767428,-41.3762526483406,5.9530708812681,-87.8871241227785,NA,0.0201166448933493,0.021620245038871,0.0187176140250743,NA,NA,NA,NA,NA,NA,NA
1994,"West Black Sea","total",0.0269236705867761,0.0261856922050571,0.0266464819714471,0.0257328707404124,1016,102.818250424468,104.627543729482,101.040244695814,-27.848581544999,-10.4600757265479,-44.9363930525776,NA,0.0179400415496352,0.0192809534774295,0.0166923845949522,NA,NA,NA,NA,NA,NA,NA
1994,"West Marmara","total",0.0205037804116243,0.020061539105074,0.0204145621164674,0.019714620816665,430,102.204423619913,104.002915411349,100.437032617442,-9.27457073763827,-1.87106309896467,-16.5500516987642,NA,0.014141902412793,0.0151989259193746,0.0131583905937734,NA,NA,NA,NA,NA,NA,NA
1995,"Aegean","female",0.0249254933107347,0.0242317611531772,0.0246581675843518,0.0238127284428566,962,102.862904405388,104.672983486745,101.08412648859,-26.7746089214972,-10.3174426910782,-42.9471862222974,NA,0.0167521390798844,0.0180042623286593,0.0155870959125645,NA,NA,NA,NA,NA,NA,NA
1995,"Central Anatolia","female",0.0159303085923705,0.0154536279000542,0.0157255654732215,0.0151863928632647,283,103.084587615278,104.898567657269,101.301976196008,-8.46817468370398,-3.6372366789505,-13.2155727000643,NA,0.0111257758604446,0.0119573617581674,0.0103520233811026,NA,NA,NA,NA,NA,NA,NA
1995,"Central East Anatolia","female",0.0212926875314442,0.0227187386198371,0.0231185203853653,0.0223258701626601,402,93.723018199841,95.3722626545419,92.1022936438575,26.9234466850345,34.4712148803366,19.5061998226124,NA,0.0158172886453336,0.0169995373570333,0.01471726052511,NA,NA,NA,NA,NA,NA,NA
1995,"East Black Sea","female",0.01419180177399,0.0142871937008752,0.0145386055251739,0.0140401294672232,158,99.3323256555322,101.080277123661,97.6146009974381,1.06201627445773,3.86103142924964,-1.68859633546131,NA,0.0103379685584612,0.011110670522994,0.00961900487414801,NA,NA,NA,NA,NA,NA,NA
1995,"East Marmara","female",0.0210897449085453,0.0203745380314046,0.020733068886586,0.0200222071447285,492,103.510297391962,105.331768651179,101.720324298879,-16.6849710643326,-8.32084994697334,-24.904453898115,NA,0.0143415592849639,0.0154135059610723,0.0133441621421882,NA,NA,NA,NA,NA,NA,NA
1995,"Istanbul","female",0.0297306832429083,0.0290454420615755,0.0295565548615523,0.0285431677847461,2011,102.359203829228,104.160419288839,100.589136258172,-46.3500957714793,-11.7781408535382,-80.3242080530995,NA,0.0196414617773276,0.0211095447972955,0.0182754779629188,NA,NA,NA,NA,NA,NA,NA
1995,"Mediterranean","female",0.0226359826330763,0.0235675740311719,0.0239822927579929,0.0231600269131759,1014,96.0471476747525,97.7372898483057,94.3862326321246,41.7315074402211,60.3092204475622,23.4750533535259,NA,0.0163434098698171,0.0175649830292012,0.0152067921573726,NA,NA,NA,NA,NA,NA,NA
1995,"Northeast Anatolia","female",0.0187424175157452,0.0176238734409572,0.0179340008365654,0.0173191089870808,150,106.346755033934,108.218139453514,104.507731914072,-8.95197276857462,-6.46994987573532,-11.3910747703864,NA,0.0125647530200353,0.0135038939438589,0.0116909255293938,NA,NA,NA,NA,NA,NA,NA
1995,"Southeast Anatolia","female",0.0279228766131098,0.0285098407821196,0.0290115286035045,0.0280168285005022,1230,97.9411874885745,99.6646590909078,96.2475193731668,25.8557145771663,47.95501433247,4.13857150514264,NA,0.0193260407007686,0.0207705478620816,0.0179819931398927,NA,NA,NA,NA,NA,NA,NA
1995,"West Anatolia","female",0.0330307461488055,0.0312108249415932,0.0317600419957414,0.03067110533624,1487,105.831057687895,107.693367378506,104.000952370386,-81.9304178880177,-57.2054009041726,-106.227872433691,NA,0.0209021046359598,0.0224644132485025,0.0194484482358665,NA,NA,NA,NA,NA,NA,NA
1995,"West Black Sea","female",0.0258098772557971,0.024627175524148,0.0250605400641327,0.0242013050295445,478,104.802425395837,106.64663423848,102.990107913663,-21.903685249077,-13.8777559484568,-29.7908245176188,NA,0.0169942645042528,0.0182644851954814,0.0158123824980273,NA,NA,NA,NA,NA,NA,NA
1995,"West Marmara","female",0.0206516420264359,0.0197732174667081,0.0201211668806826,0.0194312850394919,214,104.442496832935,106.280372010723,102.636403489415,-9.1025621856665,-5.49698087182989,-12.645793243545,NA,0.0139574251878656,0.0150006601137116,0.012986743009849,NA,NA,NA,NA,NA,NA,NA
1995,"Aegean","male",0.028331632935685,0.0272247770291172,0.0277038515767378,0.0267539869765799,1169,104.065619730821,105.896863000218,102.266043612053,-45.6703133813373,-25.9030748518906,-65.0957228755753,NA,0.0185632241995168,0.0199507153420865,0.0172722274250786,NA,NA,NA,NA,NA,NA,NA
1995,"Central Anatolia","male",0.0224035117048234,0.0214827260153386,0.0218607576604262,0.021111231560174,418,104.286167820729,106.121292076049,102.482777828784,-17.1798253450505,-10.1265905786182,-24.1110905995659,NA,0.0150434389076253,0.0161678469314569,0.0139972288905795,NA,NA,NA,NA,NA,NA,NA
1995,"Central East Anatolia","male",0.0224403278272028,0.0233191184392853,0.0237294650917213,0.0229158677906792,461,96.2314586875547,97.9248441829909,94.5673564088543,18.0533223618481,26.4832262487107,9.76919432063136,NA,0.016189854067641,0.0173999498396317,0.0150639155369578,NA,NA,NA,NA,NA,NA,NA
1995,"East Black Sea","male",0.0195549262236337,0.018445413518179,0.0187699975589391,0.0181264424136589,231,106.015114295818,107.880662831546,104.181826141585,-13.1065406245446,-9.27226824948673,-16.8745080564596,NA,0.0131007661812166,0.0140799709164474,0.0121896611543723,NA,NA,NA,NA,NA,NA,NA
1995,"East Marmara","male",0.0272964900260552,0.0257659672419083,0.0262193711058676,0.025320403957459,672,105.940094426797,107.804322837488,104.108103569069,-37.6792514336095,-26.5171058137939,-48.6483733560292,NA,0.0176866578959102,0.0190086308952386,0.0164566227442146,NA,NA,NA,NA,NA,NA,NA
1995,"Istanbul","male",0.0371659120765475,0.0349833593217751,0.0355989616836756,0.0343784023902484,2671,106.238831253161,108.10831653739,104.401674427461,-156.853365955082,-112.611914130904,-200.329763380221,NA,0.0230454314426566,0.0247679410487315,0.0214427153768354,NA,NA,NA,NA,NA,NA,NA
1995,"Mediterranean","male",0.0290073623114389,0.0294018624123159,0.0299192471431193,0.0288934246633129,1371,98.6582479186361,100.394337637209,96.9521798883563,18.64559874474,43.0991998104146,-5.38513339832753,NA,0.0198505571617221,0.0213342688241436,0.0184700316134043,NA,NA,NA,NA,NA,NA,NA
1995,"Northeast Anatolia","male",0.0202527581657747,0.019563635558255,0.019907896958261,0.0192253273692682,175,103.522467005009,105.344152412972,101.732283466389,-5.95456951240033,-2.97987616407156,-8.87782236458423,NA,0.01382298732452,0.0148561738157508,0.0128616547533431,NA,NA,NA,NA,NA,NA,NA
1995,"Southeast Anatolia","male",0.0312592633924114,0.0324007117064412,0.0329708672043819,0.031840415739638,1484,96.4770887615939,98.1747966107642,94.8087388743508,54.1890343593761,81.2565550594779,27.5895843244248,NA,0.0215851987838034,0.0231985646410083,0.0200840359628413,NA,NA,NA,NA,NA,NA,NA
1995,"West Anatolia","male",0.0360048961106763,0.0344951222736797,0.0351021331256222,0.0338986082816593,1683,104.376774852451,106.213493520194,102.571818019786,-70.5723288259062,-42.1984304350078,-98.455565746917,NA,0.0227716751429543,0.0244737230858516,0.0211879977148234,NA,NA,NA,NA,NA,NA,NA
1995,"West Black Sea","male",0.0301264459933644,0.0284114236364631,0.0289113796108077,0.027920113253566,592,106.036383036787,107.902305838665,104.20272708848,-33.7010623659088,-23.8766729614246,-43.3555614973085,NA,0.0192679226705492,0.0207080858530747,0.0179279169823968,NA,NA,NA,NA,NA,NA,NA
1995,"West Marmara","male",0.0270216210886566,0.0253396661781133,0.0257855684199632,0.0249014747924313,293,106.637636418415,108.51413947928,104.793583172425,-18.23772108906,-13.4027277911613,-22.9891042715715,NA,0.0174283116958243,0.018730974845717,0.0162162434720403,NA,NA,NA,NA,NA,NA,NA
1995,"Aegean","total",0.0266854326386145,0.0257804736079886,0.0262341327405497,0.0253346594692221,2131,103.510249828558,105.331720250802,101.720277557974,-72.266682739606,-36.0391414971677,-107.867751778918,NA,0.0176954313542534,0.0190180601176673,0.0164647860441985,NA,NA,NA,NA,NA,NA,NA
1995,"Central Anatolia","total",0.0192462735073819,0.0185520934698775,0.0188785547583205,0.0182312775803655,701,103.741788163323,105.567332966887,101.947811968495,-25.2838663081438,-13.3932858739224,-36.9688264362222,NA,0.0131700298436455,0.0141544116277062,0.01225410781067,NA,NA,NA,NA,NA,NA,NA
1995,"Central East Anatolia","total",0.0218907234565519,0.0230316537639001,0.0234369418988992,0.0226333741572779,863,95.0462510463035,96.7187804365122,93.4026442143466,44.9790002233484,60.9567115675339,29.277586736619,NA,0.0160117351564279,0.0172085175940012,0.0148981840718783,NA,NA,NA,NA,NA,NA,NA
1995,"East Black Sea","total",0.0169095958061903,0.0164322275702538,0.0167213855670741,0.0161480698975267,388,102.905073179492,104.715894304992,101.1255660505,-10.9534774021949,-4.31858771871759,-17.4736318920943,NA,0.0117788534973721,0.0126592530832186,0.0109596821234637,NA,NA,NA,NA,NA,NA,NA
1995,"East Marmara","total",0.0242766112817816,0.0231501786233854,0.0235575524409736,0.0227498494012693,1164,104.865762276488,106.711085658559,103.052349528287,-54.0094990669947,-34.4769902597004,-73.2042379510342,NA,0.0160852347771196,0.0172875108763325,0.0149665720927632,NA,NA,NA,NA,NA,NA,NA
1995,"Istanbul","total",0.0335539167786507,0.0321120733432454,0.0326771496703584,0.0315567687146646,4681,104.490035320963,106.32874703378,102.683119908367,-201.146982799529,-122.314985192059,-278.61576188528,NA,0.0214201085758282,0.0230211349170724,0.0199304271076579,NA,NA,NA,NA,NA,NA,NA
1995,"Mediterranean","total",0.0258856554594785,0.0265715670525215,0.0270391470606754,0.0261120727677646,2383,97.4186257374763,99.1329018178688,95.7339941285557,63.1441351284393,106.188946613891,20.8436848929814,NA,0.0181721440893578,0.0195304043082989,0.0169083453466481,NA,NA,NA,NA,NA,NA,NA
1995,"Northeast Anatolia","total",0.0195265161445288,0.0186320832114,0.0189599520797544,0.018309884082842,325,104.800498811542,106.644673752068,102.988214645222,-14.8869722133366,-9.42991159758219,-20.2496654867431,NA,0.0132219137862273,0.0142101735879213,0.0123023834359792,NA,NA,NA,NA,NA,NA,NA
1995,"Southeast Anatolia","total",0.0296427238995184,0.0305499221915815,0.0310875093364872,0.030021631382874,2713,97.030439925922,98.7378850985034,95.3525210999354,83.0297841288184,132.231535259152,34.6788643927739,NA,0.0205197759636814,0.0220535077707813,0.0190927089683909,NA,NA,NA,NA,NA,NA,NA
1995,"West Anatolia","total",0.0345457824047876,0.032886668386296,0.0334653752665423,0.0323179689137238,3170,105.04494404542,106.893420490041,103.228432759651,-152.244096746506,-99.1406299069045,-204.429260970902,NA,0.0218622733818045,0.0234963489253454,0.0203418411489962,NA,NA,NA,NA,NA,NA,NA
1995,"West Black Sea","total",0.0280320931968385,0.0265788807169665,0.0270465894237129,0.0261192599591639,1070,105.467545813336,107.323458783538,103.643726599634,-55.4698981108716,-37.6172064583209,-73.0138684235909,NA,0.018176535465395,0.0195351239137045,0.016912431320335,NA,NA,NA,NA,NA,NA,NA
1995,"West Marmara","total",0.0239088662926686,0.0226275222604394,0.0230256988912014,0.0222362311809059,507,105.662767745762,107.522116037357,103.835572616667,-27.1715695921305,-18.7280261248183,-35.4691013485539,NA,0.0157604962861341,0.016938500105109,0.014664417843604,NA,NA,NA,NA,NA,NA,NA
1996,"Aegean","female",0.0221512677254036,0.022523358566092,0.0229197022277648,0.0221338687586526,861,98.347977990953,100.078607887942,96.6472753671715,14.4628387776346,29.8683630541938,-0.676282303942344,NA,0.0156955816252535,0.0168687334575244,0.0146040177334775,NA,NA,NA,NA,NA,NA,NA
1996,"Central Anatolia","female",0.0153809049931656,0.0149069008858119,0.0151692177007726,0.0146491202382901,278,103.179762923123,104.995417765517,101.395505665281,-8.56732044719615,-3.82611213783662,-13.2265404373665,NA,0.010757807787674,0.0115618902497741,0.0100096459918219,NA,NA,NA,NA,NA,NA,NA
1996,"Central East Anatolia","female",0.0174985262042788,0.0189874808756118,0.0193216036785722,0.018659135959897,342,92.1582295140296,93.7799383738205,90.5645643880211,29.100879219838,35.6311433848581,22.6835409901191,NA,0.0134519140269028,0.0144573649853319,0.0125163880949797,NA,NA,NA,NA,NA,NA,NA
1996,"East Black Sea","female",0.0165631261419458,0.0161007094699161,0.0163840337409439,0.0158222846420794,190,102.872026682388,104.682266288499,101.09309101674,-5.30450392834612,-2.05441629187345,-8.49838875634435,NA,0.0115584003999091,0.0124223224214707,0.0107545606426791,NA,NA,NA,NA,NA,NA,NA
1996,"East Marmara","female",0.0148652168351823,0.0155569612207308,0.0158307171508968,0.0152879392712541,352,95.5534736139428,97.2349286024004,93.9010955314817,16.3801192012735,22.8625061376275,10.0098302733882,NA,0.0111950707210411,0.0120318359994721,0.0104164990658621,NA,NA,NA,NA,NA,NA,NA
1996,"Istanbul","female",0.0271191244665564,0.0257128054108833,0.0261652737858164,0.0252681614383239,1868,105.469333404895,107.325277831355,103.645483278899,-96.8690563457199,-65.702455616502,-127.496702225847,NA,0.0176544956872526,0.0189740647518356,0.016426697286414,NA,NA,NA,NA,NA,NA,NA
1996,"Mediterranean","female",0.0186175878799491,0.0195895351938212,0.0199342523498531,0.0192507791300628,848,95.0384360616243,96.7108279315048,93.3949643718958,44.2705750862153,59.9718651888886,28.8408027698763,NA,0.013839616447519,0.0148740458672745,0.0128771273884431,NA,NA,NA,NA,NA,NA,NA
1996,"Northeast Anatolia","female",0.0127821000907581,0.013839482452633,0.0140830158996917,0.0136001603577633,105,92.3596683221799,93.9849219017609,90.7625197741766,8.68598643482197,10.6865193487876,6.72004814745999,NA,0.0100328020433581,0.0107826946170135,0.00933506144951819,NA,NA,NA,NA,NA,NA,NA
1996,"Southeast Anatolia","female",0.0239971016028512,0.0258461538030511,0.0263009687103575,0.0253992038760118,1108,92.8459289753913,94.4797392862977,91.2403716650977,85.374887006272,106.374711303204,64.7382064872954,NA,0.0177351402915166,0.0190607370629737,0.0165017333863114,NA,NA,NA,NA,NA,NA,NA
1996,"West Anatolia","female",0.0222738199292901,0.0226917875026919,0.023091095009267,0.0222993851032474,1013,98.1580667748091,99.8853548031081,96.460648229766,19.0089150940491,37.169181516455,1.1626888113916,NA,0.0158005137634779,0.016981508652041,0.0147016522680891,NA,NA,NA,NA,NA,NA,NA
1996,"West Black Sea","female",0.0221820089806289,0.0215181866010401,0.0218968422462449,0.021146078936409,414,103.084936439563,104.898922619816,101.302318988177,-12.3894307945571,-5.32228745097387,-19.3343641092902,NA,0.0150657708607298,0.0161918480658844,0.014018007747136,NA,NA,NA,NA,NA,NA,NA
1996,"West Marmara","female",0.0178104987933892,0.0168662205251635,0.0171630154983424,0.016574557940061,186,105.598635846228,107.456855608444,103.77254973119,-9.8613609830611,-6.76184840614366,-12.9072746016734,NA,0.0120662471444047,0.012968127704429,0.0112270887107417,NA,NA,NA,NA,NA,NA,NA
1996,"Aegean","male",0.0280437936557015,0.0279446933859347,0.0284364363055533,0.0274614540318259,1172,100.354630012926,102.120570976325,98.6192269466089,-4.14157647829597,16.4092344736237,-24.3370083078419,NA,0.0189916264432569,0.0204111381180498,0.0176708360344323,NA,NA,NA,NA,NA,NA,NA
1996,"Central Anatolia","male",0.0205363955099787,0.0194711969370029,0.0198138316940938,0.0191344872618737,390,105.470637354356,107.326604726422,103.646764679546,-20.2288392458508,-13.721974143816,-26.6231830456945,NA,0.0137636001677519,0.0147923478204967,0.0128063977318902,NA,NA,NA,NA,NA,NA,NA
1996,"Central East Anatolia","male",0.019609513734666,0.0210356153016754,0.0214057791371331,0.0206718526004259,417,93.2205378993794,94.8609402055336,91.6085025872706,30.3263182090867,38.1979218334519,22.5908359083236,NA,0.0147611899521543,0.0158645015370534,0.0137346092024807,NA,NA,NA,NA,NA,NA,NA
1996,"East Black Sea","male",0.0187648762289424,0.0173818934356636,0.0176877627078184,0.0170813134707652,228,107.956456518375,109.856166863623,106.089597304739,-16.8037386988589,-13.0873169542942,-20.4558934565397,NA,0.0124059800205575,0.013333253602367,0.0115431945465394,NA,NA,NA,NA,NA,NA,NA
1996,"East Marmara","male",0.0194565024217501,0.0191416392793301,0.0194784748085487,0.0188106285477332,486,101.644912109278,103.433558173657,99.8871965746055,-7.86490212367573,0.548843761980663,-16.1331515792535,NA,0.013551416142369,0.0145643042950264,0.0126089702428401,NA,NA,NA,NA,NA,NA,NA
1996,"Istanbul","male",0.0317989133823336,0.0303718570284929,0.0309063107597672,0.0298466454482176,2324,104.698614090347,106.540996164889,102.888091786511,-104.295355204446,-65.2352006467258,-142.6800540111,NA,0.0204164042651005,0.0219424096495362,0.0189965263511895,NA,NA,NA,NA,NA,NA,NA
1996,"Mediterranean","male",0.021651376712768,0.0228041043822016,0.0232053883295084,0.0224097597200328,1040,94.9450868575514,96.6158360609872,93.3032294281225,55.3700021996287,74.6452340121612,36.4280912950092,NA,0.0158703931904068,0.0170566111525516,0.0147666718649693,NA,NA,NA,NA,NA,NA,NA
1996,"Northeast Anatolia","male",0.0188800811322674,0.0189020005134544,0.0192346191180227,0.0185751337844717,168,99.8840367125615,101.641696643125,98.1567714776158,0.195044502914243,3.15477360450018,-2.71350287484259,NA,0.0133966718827119,0.0143979938178131,0.0124649878173307,NA,NA,NA,NA,NA,NA,NA
1996,"Southeast Anatolia","male",0.0272147752343569,0.0285887927943704,0.0290918699347393,0.0280944152188535,1357,95.1938594613058,96.8689863175858,93.5477000804925,68.512115675476,93.5968600322387,43.8611544164028,NA,0.0193726281751035,0.0208206174743955,0.0180253406447886,NA,NA,NA,NA,NA,NA,NA
1996,"West Anatolia","male",0.0282105726305861,0.0285464755197612,0.0290488080028215,0.0280528297244133,1335,98.8233122196027,100.562306575566,97.1143897809716,15.8958261117541,39.6675472202548,-7.46481762346161,NA,0.0193476618465367,0.0207937850605313,0.0180021106228731,NA,NA,NA,NA,NA,NA,NA
1996,"West Black Sea","male",0.0273071926251421,0.02640957443359,0.0268743038567586,0.0259528814394922,542,103.398836258453,105.218346135505,101.61079062993,-17.8161507299467,-8.59208471865543,-26.8807076838219,NA,0.0180748041759633,0.019425788812484,0.0168177750284957,NA,NA,NA,NA,NA,NA,NA
1996,"West Marmara","male",0.0222609914143705,0.0213304558883472,0.021705808035192,0.0209615945956509,243,104.362473689705,106.198940699813,102.557764162838,-10.1576847416464,-6.06035726932106,-14.1841583364988,NA,0.0149474551286111,0.0160646889330408,0.0139079203931743,NA,NA,NA,NA,NA,NA,NA
1996,"Aegean","total",0.0252165446062857,0.0253398186824062,0.0257857236078748,0.0249016246595122,2034,99.5135163449055,101.26465622657,97.7926584095734,9.94345080755238,45.9107346905726,-25.4018614262336,NA,0.0174284042964365,0.0187310743676768,0.0162163296326563,NA,NA,NA,NA,NA,NA,NA
1996,"Central Anatolia","total",0.0180223870681561,0.0172511014331105,0.0175546691576943,0.0169527832157992,668,104.470935598148,106.309311213041,102.664350471435,-28.5877116201104,-17.3359701468482,-39.6448800412713,NA,0.0123199906666076,0.0132408370531372,0.0114631854025676,NA,NA,NA,NA,NA,NA,NA
1996,"Central East Anatolia","total",0.0185985251998329,0.0200558928436347,0.0204088164977356,0.0197090721943622,759,92.733469134662,94.3653004891476,91.129856559279,59.4747180091205,73.8774220184122,45.3210757192345,NA,0.0141382949441739,0.0151950488138273,0.0131550340099307,NA,NA,NA,NA,NA,NA,NA
1996,"East Black Sea","total",0.0176956519547106,0.0167600401941646,0.0170549667114889,0.0164702137542604,418,105.582395684658,107.440329668662,103.75659040595,-22.1006672661252,-15.13402458141,-28.9468378502914,NA,0.0119960588595135,0.0128926932606514,0.0111617817357149,NA,NA,NA,NA,NA,NA,NA
1996,"East Marmara","total",0.0172017958829269,0.0174003908724697,0.0177065856441197,0.0170994910368435,837,98.8586751240342,100.598291761217,97.1491411651099,9.66317745999322,24.5619139416539,-4.9779195587829,NA,0.0124181314535052,0.0133463132830095,0.0115545008967271,NA,NA,NA,NA,NA,NA,NA
1996,"Istanbul","total",0.0295213680871808,0.0281169616982326,0.0286117360242681,0.0276307433589251,4191,104.994872504437,106.842467839885,103.179227091083,-199.376504459423,-129.135884367185,-268.402474191576,NA,0.0190937373574174,0.020520881218701,0.017765845549644,NA,NA,NA,NA,NA,NA,NA
1996,"Mediterranean","total",0.0201853526155778,0.0212424710741282,0.0216162749517245,0.0208751312769163,1889,95.0235617369493,96.6956918632591,93.3803472645384,98.9280101384313,133.909590011083,64.5513564257885,NA,0.0148919278223569,0.0160050112892821,0.0138562547853243,NA,NA,NA,NA,NA,NA,NA
1996,"Northeast Anatolia","total",0.0159529094859119,0.0164785658116966,0.0167685392228001,0.0161936068254048,273,96.8100602213114,98.5136273710479,95.1359523566654,8.99548618801782,13.957762273216,4.11902128195482,NA,0.0118096038551034,0.0126923018481943,0.0109882939188299,NA,NA,NA,NA,NA,NA,NA
1996,"Southeast Anatolia","total",0.0256780457420636,0.0272719877913741,0.0277518931070317,0.0268003813370265,2466,94.1553873465188,95.812240203417,92.5271859581982,153.074775747472,199.162648644784,107.783886865067,NA,0.0185914015217703,0.0199809987524112,0.0172984451291239,NA,NA,NA,NA,NA,NA,NA
1996,"West Anatolia","total",0.0253011749698006,0.0256864045044473,0.0261384083024879,0.0252422170749887,2348,98.5002590199809,100.233568607055,96.7969230452046,35.7500767624419,77.6969396676736,-5.47141139427322,NA,0.0176385176984523,0.0189568925029382,0.0164118305017763,NA,NA,NA,NA,NA,NA,NA
1996,"West Black Sea","total",0.0248234300216598,0.0240454654768343,0.0244685936619914,0.0236296543227881,956,103.235389830881,105.05202354027,101.450170633303,-29.960972524918,-13.6654587841808,-45.9746927449396,NA,0.0166377535477768,0.0178813271550168,0.0154806654291816,NA,NA,NA,NA,NA,NA,NA
1996,"West Marmara","total",0.0200849980801309,0.0191533993286106,0.0194904417994799,0.0188221852339447,429,104.86388204797,106.709172343649,103.050501814006,-19.898227662643,-12.6992615773057,-26.9727041472711,NA,0.01355900019935,0.0145724552153807,0.0126160268594912,NA,NA,NA,NA,NA,NA,NA
1997,"Aegean","female",0.0229247623900447,0.0224653240977821,0.0228606465266044,0.0220768378633142,899,102.045099773601,103.840787942459,100.280463911489,-18.0169817124653,-2.51431880741461,-33.2515616328352,NA,0.0156593862817969,0.0168298327263664,0.0145703396290064,NA,NA,NA,NA,NA,NA,NA
1997,"Central Anatolia","female",0.0153324506718851,0.0149276109432299,0.0151902921931821,0.0146694721627834,282,102.712019560228,104.519443520154,100.935850850629,-7.44595928752011,-2.61463035832588,-12.1937414681866,NA,0.0107717876492509,0.0115769150232641,0.0100226536108611,NA,NA,NA,NA,NA,NA,NA
1997,"Central East Anatolia","female",0.0184631356850012,0.0188376223425293,0.0191691080840783,0.0185118688862998,374,98.0120280005686,99.7367461837706,96.317134861045,7.58581924029806,14.3005869511827,0.987168030210114,NA,0.0133550347685434,0.0143532445757896,0.0124262463951774,NA,NA,NA,NA,NA,NA,NA
1997,"East Black Sea","female",0.0129906885369381,0.0128531141130476,0.0130792904311365,0.0126308489954279,153,101.070358690357,102.848894335135,99.322578738771,-1.62030571323393,1.04352358027919,-4.23807019116165,NA,0.00935488107004365,0.0100541030632157,0.00870428712381569,NA,NA,NA,NA,NA,NA,NA
1997,"East Marmara","female",0.0151807589380946,0.0158806161373021,0.0161600674247739,0.0156059973186574,366,95.5930097852839,97.2751604919575,93.9399480154518,16.873183742295,23.6106052132347,10.2522705169531,NA,0.0114115983163359,0.0122645477509979,0.0106179680471957,NA,NA,NA,NA,NA,NA,NA
1997,"Istanbul","female",0.0229927307563832,0.0226382864764679,0.0230366525251969,0.0222468092545162,1611,101.565685107324,103.352937013723,99.8093396218671,-24.8343592152501,3.07740608580116,-52.263454577881,NA,0.0157672008102342,0.0169457057527047,0.0146706560953101,NA,NA,NA,NA,NA,NA,NA
1997,"Mediterranean","female",0.0160787296342887,0.0168702277992659,0.0171670932884687,0.0165784959175526,745,95.308313708653,96.9854546169368,93.660175104244,36.673676734417,50.4287926227058,23.1564240148429,NA,0.0120688944882521,0.0129709729215608,0.0112295519425874,NA,NA,NA,NA,NA,NA,NA
1997,"Northeast Anatolia","female",0.0165324497645619,0.0166526117918926,0.0169456478910451,0.0163646430797151,140,99.2784193324602,101.025422210734,97.5616268605372,1.01755541773153,3.49904209790171,-1.42101964397949,NA,0.0119249632199388,0.0128162836427977,0.0110956305088337,NA,NA,NA,NA,NA,NA,NA
1997,"Southeast Anatolia","female",0.0207445898363622,0.0217444376632968,0.0221270746496592,0.021368417505668,1002,95.4018225607081,97.0806089447645,93.7520669352543,48.2944001540291,66.7764363552499,30.1319683626039,NA,0.0152080732517598,0.0163447867184279,0.014150413585399,NA,NA,NA,NA,NA,NA,NA
1997,"West Anatolia","female",0.0217429724517038,0.022065584157788,0.0224538723607389,0.0216840105083947,1004,98.5379416933755,100.271914382657,96.8339540832246,14.8968662692259,32.8263998980212,-2.72261721408324,NA,0.0154095195932149,0.0165612899816476,0.0143378501527842,NA,NA,NA,NA,NA,NA,NA
1997,"West Black Sea","female",0.0207097825208579,0.0205643104218955,0.0209261807028519,0.0202086978571509,390,100.707400812271,102.479549485321,98.9658973843968,-2.73948403553646,4.0751413440812,-9.43626610510751,NA,0.0144623053615351,0.0155432770922323,0.013456510820026,NA,NA,NA,NA,NA,NA,NA
1997,"West Marmara","female",0.0191535904280564,0.0188659515661259,0.0191979358171746,0.0185397082209743,202,101.52464539582,103.311175126195,99.7690095980084,-3.03353307716429,0.467680910037103,-6.47420160185399,NA,0.0133733603593172,0.0143729398960138,0.0124432975156153,NA,NA,NA,NA,NA,NA,NA
1997,"Aegean","male",0.0298787854389614,0.0294888661334554,0.0300077818692074,0.0289789238547223,1266,101.32225940374,103.105227746725,99.5701234072939,-16.5213489610896,5.46573357290868,-38.1282153511211,NA,0.0199015014501767,0.021389020896647,0.0185174329337107,NA,NA,NA,NA,NA,NA,NA
1997,"Central Anatolia","male",0.0179130553566053,0.0173023298511385,0.0176067990424692,0.0170031257558791,346,103.52972987292,105.351543085609,101.739420739666,-11.796481431271,-5.91550031982689,-17.5757644680735,NA,0.0123536852232576,0.0132770500784755,0.0114945366397877,NA,NA,NA,NA,NA,NA,NA
1997,"Central East Anatolia","male",0.0205158177737841,0.0209723621572437,0.021341412926779,0.0206096932739952,452,97.8231141535867,99.5445080188092,96.1314878455919,10.0584857790764,18.1893314353051,2.06824444256989,NA,0.0147211587397066,0.0158214782283998,0.0136973619981121,NA,NA,NA,NA,NA,NA,NA
1997,"East Black Sea","male",0.0177780171667806,0.0169117882996032,0.0172093851291537,0.0166193377243953,222,105.122041807949,106.971874942312,103.304197293276,-10.8168873226606,-7.10069695449818,-14.4688147050607,NA,0.0120963440226974,0.013000474146246,0.0112550924735078,NA,NA,NA,NA,NA,NA,NA
1997,"East Marmara","male",0.0198067737393675,0.020048807498605,0.0204016064718512,0.0197021093741179,504,98.7927772798742,100.531234312338,97.0843828729645,6.15875236728834,15.1360186730412,-2.66327271568429,NA,0.0141337677343277,0.0151901832218393,0.013150821649124,NA,NA,NA,NA,NA,NA,NA
1997,"Istanbul","male",0.0289550088592475,0.0281974752150974,0.0286936663379218,0.0277098645792516,2154,102.686530047004,104.493505467826,100.910802120049,-56.3538929458177,-19.4416031323635,-92.627869400726,NA,0.0191414085387471,0.0205721155386935,0.0178102013941194,NA,NA,NA,NA,NA,NA,NA
1997,"Mediterranean","male",0.0224888372590395,0.0231522566230833,0.0235596670072435,0.0227518914667305,1102,97.1345369272455,98.8438138953165,95.4548179824664,32.5089345774163,52.4728943932621,12.8902056400875,NA,0.0160865226435731,0.0172888950031814,0.0149677703933408,NA,NA,NA,NA,NA,NA,NA
1997,"Northeast Anatolia","male",0.0239483298034851,0.0235382836083139,0.0239524869114063,0.0231312430009747,220,101.742039487647,103.532394703026,99.9826443578214,-3.76686656973177,0.0381890407462322,-7.50612247398297,NA,0.016325326003075,0.0175455475004492,0.015189965950042,NA,NA,NA,NA,NA,NA,NA
1997,"Southeast Anatolia","male",0.0246730884641419,0.0252560898888813,0.0257005214383204,0.0248193437633589,1290,97.6916402051766,99.4107205226234,96.0022874374581,30.4814631944776,53.7179825953492,7.64676608135778,NA,0.0173775446730641,0.0186764132884696,0.0161690070893201,NA,NA,NA,NA,NA,NA,NA
1997,"West Anatolia","male",0.0277470816665559,0.0282276188587114,0.0287243404193945,0.0277394869577123,1334,98.2976346869328,100.02737869253,96.5978026350826,23.1028481495446,46.9837942581887,-0.365131790043051,NA,0.0191592476509885,0.0205912880189943,0.0178267998686289,NA,NA,NA,NA,NA,NA,NA
1997,"West Black Sea","male",0.0268496862569828,0.0261567112205519,0.0266169910084023,0.0257043909155387,539,102.64932020921,104.455640848318,100.874235741024,-13.9112815345878,-4.6712925352075,-22.9914861250121,NA,0.0179225769647269,0.0192621835181636,0.0166761346009222,NA,NA,NA,NA,NA,NA,NA
1997,"West Marmara","male",0.0240318406207947,0.0227969278216384,0.0231980854829709,0.0224027072616185,265,105.417014120579,107.272037884311,103.59406873656,-13.6174293488464,-9.19384890278178,-17.9645141208258,NA,0.015865930456349,0.0170518148555358,0.0147625194959222,NA,NA,NA,NA,NA,NA,NA
1997,"Aegean","total",0.0265363010059693,0.0261261566665198,0.0265858987857187,0.0256743647324122,2165,101.569860981409,103.357186370687,99.8134432837905,-33.4621805318093,4.04650192705185,-70.3222363897435,NA,0.0179041591580914,0.0192423890894877,0.0166589976778606,NA,NA,NA,NA,NA,NA,NA
1997,"Central Anatolia","total",0.0166543443468564,0.0161456014215589,0.0164297156565011,0.0158664002904212,628,103.150969183583,104.966117342387,101.367209847399,-19.1836166247599,-8.47027145621212,-29.7116990699607,NA,0.0115882996323922,0.0124544564446236,0.010782380505098,NA,NA,NA,NA,NA,NA,NA
1997,"Central East Anatolia","total",0.019532562701164,0.0199511063598586,0.0203021860856415,0.0196060977523946,826,97.9021531380501,99.6249378527067,96.2091600321712,17.6995239882742,32.5461090438741,3.10967655630895,NA,0.0140713079839334,0.0151230549747707,0.01309270572044,NA,NA,NA,NA,NA,NA,NA
1997,"East Black Sea","total",0.0154543665884686,0.0149461660519174,0.0152091738162174,0.0146877064034406,375,103.400206680335,105.219740672706,101.612137353508,-12.3314792693544,-5.94959936195659,-18.6029992067104,NA,0.0107843100902707,0.0115903734426366,0.0100343051670183,NA,NA,NA,NA,NA,NA,NA
1997,"East Marmara","total",0.0175561499738441,0.0180256401571185,0.0183428374437889,0.0177139280697245,870,97.3954312901947,99.1092992177716,95.7112007760216,23.2657194235227,38.9845210864393,7.81873836920226,NA,0.0128274669166094,0.0137862441493309,0.0119353687425226,NA,NA,NA,NA,NA,NA,NA
1997,"Istanbul","total",0.0260631577983887,0.0255091212912689,0.0259580054356548,0.025067999568213,3765,102.171915295684,103.969835037965,100.405086450092,-80.0343329630937,-15.1899723262786,-143.757359165561,NA,0.0175311250973551,0.0188414729405114,0.0163119066194817,NA,NA,NA,NA,NA,NA,NA
1997,"Mediterranean","total",0.0193734800844179,0.0201101529832802,0.0204640314533497,0.0197623940293902,1847,96.3368110651633,98.0320504469554,94.6708869588191,70.2318240331506,103.969362739177,37.0776986495871,NA,0.0141729538984487,0.0152322983198053,0.0131872825748413,NA,NA,NA,NA,NA,NA,NA
1997,"Northeast Anatolia","total",0.0203912652679799,0.0202483868564778,0.0206046978287566,0.0198982374649232,360,100.705628613849,102.477746101512,98.9641558320803,-2.52246378362429,3.76807034138545,-8.70421755432386,NA,0.0142611655102383,0.0153271032274962,0.0132693594276546,NA,NA,NA,NA,NA,NA,NA
1997,"Southeast Anatolia","total",0.0227866066224806,0.0235729574545764,0.0239877709135282,0.0231653172426245,2292,96.6641825336892,98.3651826729701,94.9925972889371,79.0954149963422,120.81959375052,38.0927601792814,NA,0.0163467330420036,0.0175685545888407,0.0152098842164438,NA,NA,NA,NA,NA,NA,NA
1997,"West Anatolia","total",0.0248056044145079,0.0252191032016522,0.0256628838961574,0.024782996676021,2338,98.3603747372063,100.091222779805,96.6594577401418,38.9734572957218,80.8010719917893,-2.13084477600478,NA,0.0173550652890719,0.0186522537035681,0.0161480910550948,NA,NA,NA,NA,NA,NA,NA
1997,"West Black Sea","total",0.0238778374151979,0.0234580175339535,0.0238708083945045,0.0230523649442032,929,101.789664794294,103.580858072448,100.029446094063,-16.3336680325912,-0.273473686523289,-32.1161381669351,NA,0.0162757440890377,0.0174922596317882,0.0151438322565513,NA,NA,NA,NA,NA,NA,NA
1997,"West Marmara","total",0.0216470767727338,0.020879091199321,0.0212465006793086,0.0205180352232834,467,103.678251922372,105.502678678362,101.88537444105,-16.5680228581952,-8.6417689369128,-24.3572104043851,NA,0.014662084018964,0.0157579880219149,0.0136423956840294,NA,NA,NA,NA,NA,NA,NA
1998,"Aegean","female",0.0230107315185236,0.022555538496425,0.0229524484285047,0.0221654922109257,910,102.01809866863,103.8133116989,100.253929728676,-18.0014116359704,-2.30490768511686,-33.4264805660313,NA,0.0157156430805198,0.0168902943878383,0.0146226839960895,NA,NA,NA,NA,NA,NA,NA
1998,"Central Anatolia","female",0.0152342347005241,0.0149944483048802,0.0152583056922448,0.0147351537256197,285,101.59916784378,103.387008946073,99.8422433512199,-4.4858914216511,0.4503168538007,-9.33673930091504,NA,0.0108168824768567,0.0116253804223403,0.0100646122765397,NA,NA,NA,NA,NA,NA,NA
1998,"Central East Anatolia","female",0.017613326117077,0.018297973795467,0.0186199633386348,0.0179815523226565,369,96.2583415735372,97.9522001272627,94.5937744170037,14.343400652815,21.0890965332603,7.7143561048992,NA,0.0130049109921035,0.0139769511192667,0.0121004723039635,NA,NA,NA,NA,NA,NA,NA
1998,"East Black Sea","female",0.0135467928975991,0.0138442929091113,0.0140879110057981,0.0136048876284342,164,97.8510999914164,99.5729863235793,96.1589897325705,3.60159059467523,6.55087668464836,0.703305640602395,NA,0.0100360892655053,0.0107862275395606,0.00933812005872921,NA,NA,NA,NA,NA,NA,NA
1998,"East Marmara","female",0.0168597071807243,0.0171195170197185,0.0174207692526725,0.0168234742529213,414,98.482376350367,100.21537125601,96.7793496153326,6.37978300516227,13.7772083047876,-0.889720797023813,NA,0.0122333583566501,0.0131477294907429,0.0113825780175646,NA,NA,NA,NA,NA,NA,NA
1998,"Istanbul","female",0.0250044527783395,0.0242783925913931,0.0247056195962366,0.0238585534973429,1787,102.990561192275,104.802886650795,101.20957574425,-51.8895400581298,-21.356791974285,-81.8942943200418,NA,0.0167807395612656,0.0180350005267522,0.0156137073467409,NA,NA,NA,NA,NA,NA,NA
1998,"Mediterranean","female",0.015751041786004,0.0170006882925262,0.0172998494957297,0.0167067003959182,743,92.6494358050693,94.2797884246031,91.0472763933119,58.9476789510537,73.0595565652518,45.0798338810313,NA,0.0121550185551915,0.0130635342527791,0.0113096864308078,NA,NA,NA,NA,NA,NA,NA
1998,"Northeast Anatolia","female",0.0215414977327327,0.0211070317150632,0.0214784522655309,0.0207420340308064,188,102.058394678771,103.854316798145,100.293528911778,-3.79173316244135,-0.550219301415183,-6.97719247876486,NA,0.014806357214483,0.015913044784919,0.0137766352653415,NA,NA,NA,NA,NA,NA,NA
1998,"Southeast Anatolia","female",0.022413168156905,0.0235743705077653,0.0239892088322215,0.0231667058603006,1133,95.074301769891,96.7473247688318,93.4302098650305,58.6995222770167,79.6698651718054,38.0918133469759,NA,0.0163476052876962,0.0175694920297363,0.0152106958009944,NA,NA,NA,NA,NA,NA,NA
1998,"West Anatolia","female",0.0211008014355776,0.0222356886706062,0.0226269702035835,0.0218511734539623,989,94.8961003554217,96.5659875431144,93.2550900351468,53.1924571144884,71.531923380544,35.1701298383498,NA,0.0155159659564767,0.0166756925805614,0.0144368936042383,NA,NA,NA,NA,NA,NA,NA
1998,"West Black Sea","female",0.0194710133264308,0.0197565957194736,0.020104252640473,0.0194149507272378,370,98.5544959410122,100.288759935478,96.85022206313,5.42680977380888,12.0331973620281,-1.06533549916685,NA,0.0139467735519684,0.0149892123310728,0.0129768321519243,NA,NA,NA,NA,NA,NA,NA
1998,"West Marmara","female",0.0161878788960642,0.0159333318380288,0.0162137107639694,0.0156578014222939,172,101.597575827975,103.385388915557,99.8406788656756,-2.70462203622841,0.274469639180467,-5.63219715651886,NA,0.0114467921083856,0.0123023720707091,0.0106507142540883,NA,NA,NA,NA,NA,NA,NA
1998,"Aegean","male",0.0287752991836705,0.0279359568668857,0.0284275460499318,0.0274528685908283,1234,103.004523241442,104.817094390216,101.223296351813,-35.9943579492019,-14.9130462308813,-56.7111167515961,NA,0.0189864438265034,0.0204055681313674,0.0176660138476042,NA,NA,NA,NA,NA,NA,NA
1998,"Central Anatolia","male",0.0191573726720568,0.0185778265478079,0.0189047406613615,0.0182565656637566,377,103.119558268873,104.934153689642,101.336342112387,-11.4049505943235,-4.97157254611631,-17.7270781303183,NA,0.0131867258851006,0.0141723555994447,0.0122696427103195,NA,NA,NA,NA,NA,NA,NA
1998,"Central East Anatolia","male",0.0215790472951516,0.0224441047305759,0.0228390537620795,0.022055985436377,492,96.1457253661547,97.837602211875,94.4831056485363,19.7232181943621,28.7280144136773,10.8741392645085,NA,0.0156461469647493,0.0168156038487265,0.0145580210526353,NA,NA,NA,NA,NA,NA,NA
1998,"East Black Sea","male",0.0176172515336761,0.0179099622642585,0.018225123966427,0.0176002505606027,226,98.3656541188443,100.096595062751,96.6646458269874,3.75499123601543,7.79799105093699,-0.218094173613679,NA,0.0127519402806147,0.0137050723442997,0.0118650946770081,NA,NA,NA,NA,NA,NA,NA
1998,"East Marmara","male",0.0191522064977149,0.0195065936961252,0.0198498513301768,0.0191692719152636,496,98.1832440664376,99.9109751396709,96.4853901379034,9.17784853836378,18.0674658526888,0.441956758619369,NA,0.0137863474533673,0.0148167953310824,0.01282756303627,NA,NA,NA,NA,NA,NA,NA
1998,"Istanbul","male",0.03078703822172,0.0291977677266565,0.0297115610021802,0.0286928593269551,2336,105.443123289225,107.298606496138,103.61972640704,-120.587626836063,-81.6030034052601,-158.898100653263,NA,0.019730902403173,0.0212056705805692,0.018358698356857,NA,NA,NA,NA,NA,NA,NA
1998,"Mediterranean","male",0.022145660613469,0.0227247085156397,0.0231245953334567,0.0223317368228126,1106,97.4519017404682,99.1667633788629,95.7666946994251,28.918847397638,48.890020451588,9.29302995860417,NA,0.0158210038317432,0.0170035302316389,0.0147207173354089,NA,NA,NA,NA,NA,NA,NA
1998,"Northeast Anatolia","male",0.0252669156427666,0.0244672388407726,0.0248977889740806,0.0240441340841397,239,103.268357362259,105.085571201474,101.482568066868,-7.56415062205187,-3.49157273737944,-11.5663026165797,NA,0.0168964374063521,0.0181593461010016,0.0157213588770703,NA,NA,NA,NA,NA,NA,NA
1998,"Southeast Anatolia","male",0.029651170665141,0.0299398240060754,0.0304666752499337,0.0294220834456403,1628,99.0358883175938,100.778623376295,97.3232898630956,15.8485357744642,44.7753472885099,-12.5780529058686,NA,0.0201649519411907,0.0216721627526336,0.0187625615141304,NA,NA,NA,NA,NA,NA,NA
1998,"West Anatolia","male",0.026166787918386,0.026729527763238,0.0271998874068666,0.0262673019104238,1277,97.8946884141144,99.6173417719849,96.2018243935091,27.4630109021148,50.4176535119448,4.90531616767817,NA,0.0182669251469094,0.0196322696889412,0.0169965347669786,NA,NA,NA,NA,NA,NA,NA
1998,"West Black Sea","male",0.0256806739993263,0.0251064854064482,0.0255482843650063,0.0246723263471879,521,102.287013031026,104.086958148774,100.518193834187,-11.6489254486599,-2.6858718537743,-20.4569835969996,NA,0.0172865725237943,0.01857864150946,0.0160843616831854,NA,NA,NA,NA,NA,NA,NA
1998,"West Marmara","male",0.0223961748420364,0.021103449921721,0.0214748074433517,0.0207385141763613,249,106.125656824408,107.993150577608,104.29045709078,-14.3724768818278,-10.2437350972039,-18.4298215505259,NA,0.0148040926752581,0.0159106109847895,0.0137745282156131,NA,NA,NA,NA,NA,NA,NA
1998,"Aegean","total",0.0260097242703134,0.0253621729046785,0.0258084711975163,0.0249235923168011,2144,102.553217218685,104.357846732953,100.779794631216,-53.3781178720865,-16.589433382399,-89.5306264737374,NA,0.0174419763805907,0.018745660884795,0.0162289578335347,NA,NA,NA,NA,NA,NA,NA
1998,"Central Anatolia","total",0.0172454397465443,0.0168350058510455,0.0171312515394364,0.016543883052111,662,102.437978929917,104.240580595399,100.666549124243,-15.7553093927152,-4.38333810076381,-26.9306285337203,NA,0.0120456217182275,0.0129459606497166,0.0112078976991026,NA,NA,NA,NA,NA,NA,NA
1998,"Central East Anatolia","total",0.0196800332367443,0.020463617595986,0.0208237159847441,0.0201097462826301,861,96.1708414674667,97.8631602813558,94.5077874245035,34.2817578197697,50.0360357211832,18.7999140071013,NA,0.0143982664594737,0.0154744516612557,0.0133969255632535,NA,NA,NA,NA,NA,NA,NA
1998,"East Black Sea","total",0.0156409716210087,0.0159407589353141,0.0162212685559257,0.0156651000849729,390,98.1193661134835,99.845973126036,96.4226168075801,7.47505048996265,14.4694210884981,0.601631482624953,NA,0.0114517489037942,0.0123076993572377,0.010655326324528,NA,NA,NA,NA,NA,NA,NA
1998,"East Marmara","total",0.0180364525753812,0.0183464624203031,0.0186693052180624,0.0180292024479812,910,98.3102472955284,100.040213245267,96.6101971375509,15.6410445845668,31.9295550182629,-0.365793434515808,NA,0.0130364513424793,0.0140108489241616,0.0121298191511976,NA,NA,NA,NA,NA,NA,NA
1998,"Istanbul","total",0.0279822792470238,0.02681754600621,0.0272894545073331,0.0263537980798381,4123,104.343176070414,106.17930350021,102.538800251593,-171.61558247212,-102.083049651803,-239.945709676986,NA,0.0183196805725081,0.0196889682703708,0.0170456212672037,NA,NA,NA,NA,NA,NA,NA
1998,"Mediterranean","total",0.019039584861172,0.0199531112034048,0.0203042262084303,0.0196080679267719,1849,95.4216345866056,97.1007696029872,93.771536357622,88.7157056787057,122.813699360071,55.2073585615713,NA,0.01407259029141,0.0151244331271418,0.0130938988486449,NA,NA,NA,NA,NA,NA,NA
1998,"Northeast Anatolia","total",0.0234791537315845,0.0228576778728697,0.0232599045531801,0.0224624067801023,427,102.718893240912,104.526438157032,100.942605666773,-11.3023746385815,-3.98734129214893,-18.4909112673375,NA,0.0159036980673097,0.0170924053718886,0.0147976605230845,NA,NA,NA,NA,NA,NA,NA
1998,"Southeast Anatolia","total",0.0261722762306191,0.026890772151534,0.0273639692135297,0.0264257579469933,2760,97.3280948688789,99.0407778770901,95.6450287836115,75.7690589940048,125.670102357602,26.7309396793803,NA,0.0183635384737878,0.0197361042901983,0.0170864290297533,NA,NA,NA,NA,NA,NA,NA
1998,"West Anatolia","total",0.0236849604376391,0.0245331317790221,0.0249648414307185,0.0241088875552109,2266,96.5427514553676,98.241614771312,94.8732660824973,81.146694951603,122.449447950484,40.5581782982918,NA,0.0169367592086889,0.0182026817194187,0.0157588764619825,NA,NA,NA,NA,NA,NA,NA
1998,"West Black Sea","total",0.0226774088232965,0.0225263431630458,0.0229227393446874,0.0221368017438501,891,100.670617770303,102.442119171965,98.9297504207419,-5.93540048301895,9.63908602885749,-21.2405619857205,NA,0.0156974425305799,0.0168707334545105,0.014605749220404,NA,NA,NA,NA,NA,NA,NA
1998,"West Marmara","total",0.0193623878701935,0.018583905517525,0.0189109266027413,0.01826253951164,421,104.189013724453,106.022428358622,102.387303789687,-16.9266865569792,-9.81620628982228,-23.914207382645,NA,0.0131906693642545,0.0141765938303258,0.0122733119365302,NA,NA,NA,NA,NA,NA,NA
1999,"Aegean","female",0.0176768429986904,0.0179751448138521,0.0182914535336961,0.0176643059275603,703,98.3404761505354,100.070974037596,96.6399032538696,11.8633274094358,24.4427812217939,-0.498593612282662,NA,0.0127945096420303,0.0137508235135347,0.011904703512403,NA,NA,NA,NA,NA,NA,NA
1999,"Central Anatolia","female",0.0145637407913806,0.0143896782262031,0.0146428934712447,0.0141408417578324,277,101.209634867724,102.990621356144,99.4594464542168,-3.31064190477048,1.50547119977051,-8.04347138354683,NA,0.0104076039096504,0.0111855107045482,0.00968379736976396,NA,NA,NA,NA,NA,NA,NA
1999,"Central East Anatolia","female",0.0178719193695935,0.0184903703064079,0.0188157454520116,0.0181706217773863,387,96.6552809567036,98.3561244548904,94.9838496443029,13.3919870383028,20.4376869849391,6.46812630614767,NA,0.0131299645250246,0.0141113516636447,0.0122168288720737,NA,NA,NA,NA,NA,NA,NA
1999,"East Black Sea","female",0.0123132312506785,0.012249651684175,0.0124652088706611,0.012037822064642,153,100.519031627533,102.287865567023,98.7807856125031,-0.790017947116297,1.88842192467249,-3.42214034689408,NA,0.00893625032099126,0.00960418214333522,0.00831477044142007,NA,NA,NA,NA,NA,NA,NA
1999,"Istanbul","female",0.021903352303067,0.0219239440391933,0.0223097398002168,0.0215448197306636,1592,99.9060764975068,101.664124262284,98.1784301350487,1.49666788258719,29.5374373068864,-26.0592007729472,NA,0.0153207506286407,0.0164658860623504,0.0142552547088068,NA,NA,NA,NA,NA,NA,NA
1999,"Mediterranean","female",0.0159720028529278,0.0171265053670566,0.0174278805739967,0.0168303417528272,767,93.2589720472133,94.9000506792727,91.6462721047034,55.4409760936444,69.9134743677549,41.2187464706188,NA,0.0122379624169477,0.0131526776772989,0.0113868618841865,NA,NA,NA,NA,NA,NA,NA
1999,"Northeast Anatolia","female",0.0188747344401769,0.0182255000249198,0.0185462142467575,0.0179103318196826,169,103.562231019008,105.38461615454,101.771359853005,-5.81309456438714,-2.94149371287025,-8.6350376679533,NA,0.012957739060496,0.0139262533649581,0.0120565809884221,NA,NA,NA,NA,NA,NA,NA
1999,"Southeast Anatolia","female",0.0213540576027557,0.023023077824534,0.0234282150486823,0.0226249465191062,1126,92.750664205288,94.3827981415237,91.1467542806116,88.0074787041831,109.370374828058,67.0140048524543,NA,0.0160064138128308,0.0172027985114648,0.0148932328060947,NA,NA,NA,NA,NA,NA,NA
1999,"West Anatolia","female",0.0186658670437405,0.0201293671781831,0.0204835837605437,0.0197812759588785,887,92.7295273542985,94.3612893452538,91.1259829429625,69.5453694279863,86.3777034319509,53.0041120194956,NA,0.0141852224992509,0.0152454839259058,0.0131986979443356,NA,NA,NA,NA,NA,NA,NA
1999,"West Black Sea","female",0.0192903240025717,0.0190087542817136,0.0193432514329153,0.0186800414912511,370,101.481263404667,103.267029741912,99.7263777988556,-5.40067635482006,1.01517990182737,-11.7055850984428,NA,0.0134656544725771,0.0144721324479976,0.0125291729485189,NA,NA,NA,NA,NA,NA,NA
1999,"West Marmara","female",0.0132646337218923,0.0131027872525567,0.0133333570702226,0.0128762046108545,142,101.235206419947,103.016642891107,99.4845758051155,-1.73259202835911,0.73569430317491,-4.15819501116931,NA,0.00952721575051547,0.0102393187410908,0.00886463662788605,NA,NA,NA,NA,NA,NA,NA
1999,"Aegean","male",0.0220908787398402,0.0220715852605107,0.0224599790648991,0.0216899078358156,956,100.087413201643,101.848651949375,98.3566310369554,-0.834940359602342,15.973104325628,-17.3523284773707,NA,0.0154132779070636,0.0165653292072133,0.0143413470911844,NA,NA,NA,NA,NA,NA,NA
1999,"Central Anatolia","male",0.0190717614174064,0.0182579597893248,0.0185792452058111,0.0179422302669397,382,104.457242964011,106.295377629547,102.650894619988,-16.300131651367,-9.86490910365922,-22.6240717904792,NA,0.0129788710099838,0.0139489648026008,0.0120762432967347,NA,NA,NA,NA,NA,NA,NA
1999,"Central East Anatolia","male",0.0189579814644647,0.018730525291104,0.0190601264452637,0.0184066238326487,446,101.21436088858,102.995430540814,99.4640907493854,-5.3510682827187,2.40303333568244,-12.9710805051088,NA,0.0132857070767345,0.0142787350493336,0.0123617401624825,NA,NA,NA,NA,NA,NA,NA
1999,"East Black Sea","male",0.0121053748905963,0.0117834491772773,0.0119908025957454,0.0115796814604178,159,102.732015969821,104.53979180667,100.955501468196,-4.22838523220599,-1.50486829577173,-6.90480519222234,NA,0.00861078158594239,0.0092543865466265,0.00801193673370334,NA,NA,NA,NA,NA,NA,NA
1999,"East Marmara","male",0.018407293980685,0.0267261380246398,0.0271964380190204,0.0262639707895772,485,68.8737518444104,70.0857236255756,67.6827383343786,219.186989980801,231.578572226075,207.009691718464,NA,0.01826489261157,0.0196300852336149,0.0169946435862089,NA,NA,NA,NA,NA,NA,NA
1999,"Istanbul","male",0.0256716965900698,0.0256709789496086,0.0261227113040779,0.0252270582697275,1979,100.002795532117,101.762545262266,98.2734766358741,-0.0553220340439111,34.7681780941273,-34.2766296286686,NA,0.0176291802798105,0.0189468571675163,0.0164031424626397,NA,NA,NA,NA,NA,NA,NA
1999,"Mediterranean","male",0.0199668703622503,0.0205644739419315,0.0209263471003508,0.0202088585494836,1015,97.094000160818,98.8025638031919,95.4149822064051,30.378703440834,48.7742381005912,12.301277345204,NA,0.0144624093047748,0.0155433888046139,0.0134566075344363,NA,NA,NA,NA,NA,NA,NA
1999,"Northeast Anatolia","male",0.0226560742930417,0.0225444706109072,0.0229411857813461,0.0221546157190936,220,100.495037936622,102.263449659007,98.7572068374241,-1.08371864216247,2.7685523368113,-4.86937343344019,NA,0.0157087438969496,0.0168828795311291,0.0146162646226884,NA,NA,NA,NA,NA,NA,NA
1999,"Southeast Anatolia","male",0.0248535142846559,0.0264944335030343,0.0269606561917034,0.0260362730660358,1423,93.8065510319727,95.4572654143699,92.1843819673205,93.9516247484573,120.64543063754,67.719426984323,NA,0.0181258128961077,0.0194806101325642,0.0168652362995294,NA,NA,NA,NA,NA,NA,NA
1999,"West Anatolia","male",0.0236148124460344,0.0244724483221716,0.0249030901267523,0.0240492534795109,1169,96.4955043939751,98.1935363031263,94.8268360506235,42.4554013077832,63.7733885120103,21.5060597789886,NA,0.0168996261402047,0.0181627731738375,0.0157243258474472,NA,NA,NA,NA,NA,NA,NA
1999,"West Black Sea","male",0.0247695387372976,0.0245515931055363,0.0249836276212948,0.0241270296354418,508,100.88770464232,102.663026122834,99.1430832734047,-4.46986042449083,4.39076214636123,-13.1772588583283,NA,0.0169480517957233,0.018214818360499,0.0157693836954986,NA,NA,NA,NA,NA,NA,NA
1999,"West Marmara","male",0.016982069594241,0.0164304127092569,0.0167195387699585,0.0161462864203864,190,103.357535168141,105.176318269688,101.570203747213,-6.17208683342827,-2.93726605799569,-9.35096880572334,NA,0.0117776488271401,0.0126579583710166,0.0109585612331486,NA,NA,NA,NA,NA,NA,NA
1999,"Aegean","total",0.0199770511324055,0.0201144036801336,0.0204683569497388,0.0197665712201945,1659,99.317143327178,101.064827631794,97.5996812126167,11.406482126451,40.8006339651251,-17.4793652998937,NA,0.0141756682487497,0.0152352155517265,0.013189808153114,NA,NA,NA,NA,NA,NA,NA
1999,"Central Anatolia","total",0.0168760445672428,0.0163778255398484,0.0166660262238478,0.0160946086254143,659,103.042034036705,104.855265263143,101.260158483937,-19.4551713670025,-8.20109758218632,-30.514631767718,NA,0.0117427320852428,0.0126204318093173,0.0109260728086969,NA,NA,NA,NA,NA,NA,NA
1999,"Central East Anatolia","total",0.0184374466267118,0.0186154128359412,0.0189429883556092,0.0182935019832769,833,99.0439846228616,100.78686215229,97.3312461613394,8.04047628120668,22.8402700600304,-6.50338902174963,NA,0.0132111044156848,0.0141985562809059,0.0122923258132123,NA,NA,NA,NA,NA,NA,NA
1999,"East Black Sea","total",0.0122064202761429,0.0120101605559344,0.0122215034157504,0.0118024723859612,312,101.63411404281,103.422570093553,99.8765852359209,-5.01646111798595,0.385529864699606,-10.3250370612772,NA,0.00876928084648828,0.00942473268882109,0.00815941301505567,NA,NA,NA,NA,NA,NA,NA
1999,"East Marmara","total",0.0165684955924458,0.0251582594645463,0.0256009694914828,0.0247232050917447,850,65.857082107745,67.0159695353502,64.7182349791791,440.673641764698,463.385632771751,418.354402530332,NA,0.017318069685504,0.0186124928975918,0.0161136683453497,NA,NA,NA,NA,NA,NA,NA
1999,"Istanbul","total",0.0238429586455891,0.023856393709547,0.0242761947978001,0.0234438521178988,3571,99.9436835922415,101.702393129266,98.215386901368,2.01219211537318,64.8865068526875,-59.7748556111214,NA,0.0165214587086359,0.0177563399649408,0.0153724584233075,NA,NA,NA,NA,NA,NA,NA
1999,"Mediterranean","total",0.0180262744224206,0.0188975185731226,0.0192300583089631,0.0185707293490145,1782,95.3896372831659,97.0682092428275,93.7400923741273,86.1274515281993,119.000900327509,53.8224735990736,NA,0.0133937740524331,0.0143948793918719,0.0124622915193668,NA,NA,NA,NA,NA,NA,NA
1999,"Northeast Anatolia","total",0.0208420590868694,0.0204780645931662,0.0208384172058113,0.0201239434521421,389,101.777484840167,103.568463787602,100.017476764296,-6.79365975599472,-0.0679727336765268,-13.4030414530828,NA,0.0144074584845874,0.0154843307358437,0.0134054783203906,NA,NA,NA,NA,NA,NA,NA
1999,"Southeast Anatolia","total",0.0231757863035554,0.0248259335256388,0.0252627956112434,0.0243966259674419,2549,93.3531312311814,94.9958667829079,91.7388030216294,181.492235646184,229.540722183848,134.274637437833,NA,0.0171156347685281,0.018394927168682,0.015925311953852,NA,NA,NA,NA,NA,NA,NA
1999,"West Anatolia","total",0.0211909237939352,0.0223501756630604,0.0227434718242586,0.0219636806565678,2056,94.8132315083271,96.4816604524728,93.1736542146242,112.473711202881,150.632354747013,74.9749338453726,NA,0.0155875094833197,0.0167525835626057,0.0145034615696489,NA,NA,NA,NA,NA,NA,NA
1999,"West Black Sea","total",0.0221216436445573,0.0218815112995967,0.0222665603714735,0.0215031207679382,878,101.097421204929,102.876433068922,99.3491732692496,-9.53076553727465,5.7516922466001,-24.5489482787682,NA,0.0152941331787096,0.0164372791155721,0.0142304883943055,NA,NA,NA,NA,NA,NA,NA
1999,"West Marmara","total",0.0151643716766302,0.0148063373303939,0.0150668845279298,0.0145502956988239,332,102.41811555584,104.22036768542,100.647029241643,-7.83859730460517,-2.13432736012373,-13.4442249886201,NA,0.0106898781606668,0.0114888832851894,0.00994644059420581,NA,NA,NA,NA,NA,NA,NA
2000,"Aegean","female",0.0197554516411396,0.0192504018154055,0.0195891512395556,0.0189175102852987,793,102.623580694975,104.429448395713,100.84894133263,-20.2731134211632,-6.67543424729831,-33.6356519330642,NA,0.0136215220044112,0.0146396501553351,0.0126742005271922,NA,NA,NA,NA,NA,NA,NA
2000,"Central Anatolia","female",0.012785496471209,0.0128372035141446,0.0130630998533391,0.0126152135338267,247,99.5972094476913,101.349822077333,97.8749042321744,0.998916204298865,5.36295446489322,-3.28965602768335,NA,0.0093438818170768,0.0100422816811886,0.00869405282417531,NA,NA,NA,NA,NA,NA,NA
2000,"Central East Anatolia","female",0.0156285278119586,0.0157347813140722,0.0160116663453761,0.0154626843740828,349,99.3247220918246,101.072539760003,97.6071289199193,2.37274250548973,8.55585054277475,-3.70344286519253,NA,0.0113141298659098,0.0121597941107689,0.0105272781312394,NA,NA,NA,NA,NA,NA,NA
2000,"East Black Sea","female",0.00903478133201054,0.0091821107962099,0.00934368844921331,0.00902332725798228,115,98.3954728115438,100.126938475141,96.6939488738114,1.87529589929282,3.93195110903848,-0.145794177506332,NA,0.00676066514197657,0.00726598484837875,0.00629048836678194,NA,NA,NA,NA,NA,NA,NA
2000,"East Marmara","female",0.0120330735006841,0.0123118942552011,0.0125285467245434,0.0120989882932146,305,97.7353545381599,99.4552040969618,96.0452458313564,7.06721604607833,12.558664523117,1.67072957051744,NA,0.00897956715234224,0.00965073665145896,0.00835507476325439,NA,NA,NA,NA,NA,NA,NA
2000,"Istanbul","female",0.0223164511393438,0.0217427030572294,0.0221253095197194,0.0213667128956326,1652,102.63880751443,104.444943161591,100.86390483918,-42.4723369201822,-14.1494699873158,-70.3054248551587,NA,0.0152069834604893,0.0163436154717097,0.0141493995846808,NA,NA,NA,NA,NA,NA,NA
2000,"Mediterranean","female",0.0153128190252194,0.0159043184217296,0.0161841867984273,0.0156292897264593,748,96.2808881158838,97.9751434212388,94.6159310686367,28.893539972031,42.5645397680257,15.4589487499039,NA,0.0114274248518823,0.0122815572264068,0.0106326939115372,NA,NA,NA,NA,NA,NA,NA
2000,"Northeast Anatolia","female",0.0174211582898913,0.0173059070025964,0.0176104391410809,0.0170066410487104,160,100.665965021525,102.43738454874,98.9251781305779,-1.05849482912262,1.73839969113365,-3.80702347601274,NA,0.012356037337406,0.0132795779992358,0.0114967251739596,NA,NA,NA,NA,NA,NA,NA
2000,"Southeast Anatolia","female",0.0195130807683607,0.0209430305561313,0.0213115651773241,0.0205808688956237,1071,93.1721926111025,94.8117441849597,91.5609933198291,78.4845940465484,98.7120806224993,58.6068954397492,NA,0.0147025869998143,0.0158015183608672,0.0136800818472261,NA,NA,NA,NA,NA,NA,NA
2000,"West Anatolia","female",0.0177779507191395,0.0189222656506023,0.0192552408608978,0.0185950484825701,857,93.9525480056541,95.6058314975814,92.3278542583267,55.1625950457727,71.2139251305196,39.3888358856851,NA,0.0134097727677341,0.0144120739164532,0.0124771775890611,NA,NA,NA,NA,NA,NA,NA
2000,"West Black Sea","female",0.0177809808309742,0.0174042983953171,0.0177105619276673,0.0171033309880487,344,102.164306926377,103.962092784142,100.397609650075,-7.28749212981137,-1.36236032015557,-13.1101623798102,NA,0.0124206980959268,0.0133490717667614,0.0115568890396029,NA,NA,NA,NA,NA,NA,NA
2000,"West Marmara","female",0.0126879509464275,0.0126720124072095,0.0128950018776074,0.0124528790280614,137,100.125777490629,101.887691334962,98.3943319035923,-0.172098700734324,2.23566261340525,-2.53822330746166,NA,0.00922956093553626,0.00991941599036,0.00858768249517523,NA,NA,NA,NA,NA,NA,NA
2000,"Aegean","male",0.0227042447506435,0.0221500408462787,0.0225398152340308,0.021767006712241,995,102.502044615678,104.305773645374,100.729506940964,-24.2876559383189,-7.206025605631,-41.0738986675209,NA,0.0154623921166052,0.0166181144132357,0.0143870456071258,NA,NA,NA,NA,NA,NA,NA
2000,"Central Anatolia","male",0.0167023005121259,0.0161720603100149,0.0164566401421595,0.0158924016331102,340,103.27874242333,105.096139008521,101.492773542134,-10.7938225986796,-5.00077972659773,-16.4866880861962,NA,0.0116059150467159,0.0124733885069114,0.0107987708389708,NA,NA,NA,NA,NA,NA,NA
2000,"Central East Anatolia","male",0.0187818793869556,0.0185730815288446,0.0188999121442741,0.0182519026990094,456,101.124196099536,102.903679121492,99.3754851534891,-5.06934483695727,2.86568432414794,-12.8671558753222,NA,0.0131836475769863,0.0141690472060178,0.0122667784860199,NA,NA,NA,NA,NA,NA,NA
2000,"East Black Sea","male",0.0117270228295817,0.0119924878852326,0.0122035197589673,0.0117851053235499,158,97.786405471564,99.5071533739105,96.0954139559985,3.57665192627005,6.41991713813439,0.782554462487127,NA,0.00875694087086948,0.00941147037305887,0.00814793123457309,NA,NA,NA,NA,NA,NA,NA
2000,"East Marmara","male",0.0151693377308791,0.0150175110676541,0.015281774290579,0.0147578176708283,406,101.010997511778,102.788488577578,99.2642440755766,-4.06356733319245,3.00931023147126,-11.0141357088073,NA,0.0108324349342987,0.0116420953339289,0.0100790831237952,NA,NA,NA,NA,NA,NA,NA
2000,"Istanbul","male",0.0258448530416383,0.0249097885208486,0.0253481262032545,0.0244790308829114,2029,103.753803529914,105.57955976795,101.959619556888,-73.409042397172,-38.9964978116491,-107.226500982307,NA,0.0171667732843836,0.0184498879859349,0.015972893993833,NA,NA,NA,NA,NA,NA,NA
2000,"Mediterranean","male",0.0198541002001355,0.0210333409125884,0.0214034647256088,0.0206696175416794,1028,94.3934693144869,96.0545117010536,92.7611508447997,61.0583929859113,80.2225593772162,42.2256268809124,NA,0.0147597509892489,0.0158629550201873,0.0137332703135952,NA,NA,NA,NA,NA,NA,NA
2000,"Northeast Anatolia","male",0.0238441626465742,0.0243654732216612,0.0247942325848232,0.0239441282679136,238,97.8604537234125,99.5825046532458,96.1681817132321,5.2034503668564,9.48310278934261,0.997804713523578,NA,0.0168341153975702,0.0180923658909159,0.0156633711106296,NA,NA,NA,NA,NA,NA,NA
2000,"Southeast Anatolia","male",0.0230541082495328,0.0241877902510697,0.024613422926044,0.0237695179166119,1376,95.3129988735258,96.9902222266819,93.6647792499384,67.6645748874855,93.0687481665157,42.6997084964553,NA,0.0167251589512066,0.0179752655950449,0.015561992142149,NA,NA,NA,NA,NA,NA,NA
2000,"West Anatolia","male",0.0220401335426834,0.0234052948291784,0.0238171579280104,0.0230005539576373,1107,94.1672972015158,95.8243596361949,92.5388898595786,68.5673497042674,89.2538146716433,48.2386096842358,NA,0.0162431556865735,0.0174572354391141,0.0151135102449908,NA,NA,NA,NA,NA,NA,NA
2000,"West Black Sea","male",0.0219750047566753,0.0216957058995913,0.0220774853528459,0.0213205284460027,455,101.28734625357,103.069700229664,99.5358139999517,-5.78297849672123,2.12189584366172,-13.5511561728129,NA,0.0151774497568772,0.0163118742985477,0.014121919830086,NA,NA,NA,NA,NA,NA,NA
2000,"West Marmara","male",0.0156025178577607,0.0155389972124538,0.0158124370298696,0.0152702859092829,176,100.408782139789,102.175676018455,98.672442636689,-0.716527529462155,2.36793667714323,-3.74765300480061,NA,0.0111830298615922,0.012018895157043,0.010405295599236,NA,NA,NA,NA,NA,NA,NA
2000,"Aegean","total",0.021294534499442,0.020766162202472,0.0211315844702951,0.020407059074323,1788,102.544390686244,104.348864879975,100.771120733403,-44.3648893572752,-13.6821329492959,-74.5170578936281,NA,0.0145904849160381,0.0156810373098041,0.013575776007626,NA,NA,NA,NA,NA,NA,NA
2000,"Central Anatolia","total",0.0147951256446656,0.014551195601976,0.0148072530691464,0.0142995660611863,587,101.676357389192,103.465556796331,99.9180980805541,-9.67798033607096,0.48115834506757,-19.6614400234719,NA,0.0105171855945328,0.0113032829718169,0.00978575809396618,NA,NA,NA,NA,NA,NA,NA
2000,"Central East Anatolia","total",0.0172710946490661,0.0172154331490821,0.0175183732186802,0.0169177317329035,805,100.323323261761,102.088713320092,98.5884615738727,-2.5943640746317,11.5255722109124,-16.4701284597639,NA,0.0122965195547104,0.0132156116145392,0.0114413466110812,NA,NA,NA,NA,NA,NA,NA
2000,"East Black Sea","total",0.0104191560534821,0.0106293783786353,0.0108164236070606,0.0104455676682682,273,98.022251935487,99.7471500293249,96.3271819964676,5.50819034403946,10.409100465548,0.692030218146556,NA,0.00779721347390099,0.00838000903330856,0.00725494897629982,NA,NA,NA,NA,NA,NA,NA
2000,"East Marmara","total",0.0136438701299055,0.0137034539111003,0.0139445936631827,0.0134664841177444,711,99.5651915087876,101.317240718588,97.8434399700638,3.10498912890364,15.6710984584537,-9.24381817224094,NA,0.00993977153652982,0.0106827106304002,0.00924850083622515,NA,NA,NA,NA,NA,NA,NA
2000,"Istanbul","total",0.0241324838590264,0.0233753651847436,0.0237867016114614,0.02297114187773,3681,103.238959769394,105.055656299012,101.45367883792,-115.485577709918,-52.7432012685554,-177.142968710747,NA,0.016224648624192,0.0174373450833534,0.0150962902735572,NA,NA,NA,NA,NA,NA,NA
2000,"Mediterranean","total",0.0176495779833517,0.0185513764366408,0.0188778251074459,0.0182305729465732,1776,95.1389135120564,96.8130734841729,93.4937042953652,90.7440424100894,123.593147351678,58.4629873674469,NA,0.0131695645564342,0.0141539115630295,0.0122536748822925,NA,NA,NA,NA,NA,NA,NA
2000,"Northeast Anatolia","total",0.0207662690730875,0.0209970264319412,0.0213665112188506,0.0206339310366528,398,98.9009998172755,100.641361242313,97.1907339498947,4.42262538834262,11.5040584889331,-2.53635057484973,NA,0.0147367710933805,0.015838257513109,0.0137118885760598,NA,NA,NA,NA,NA,NA,NA
2000,"Southeast Anatolia","total",0.0213577670420266,0.0226361530327679,0.0230344815392768,0.0222447127038298,2447,94.3524591440482,96.012779874426,92.7208498511626,146.46711489963,192.104369651457,101.619051755822,NA,0.0157658720437554,0.016944277668796,0.0146694197391377,NA,NA,NA,NA,NA,NA,NA
2000,"West Anatolia","total",0.0199528003291097,0.0212155422497504,0.0215888722606796,0.020848668124769,1964,94.0480337208654,95.7029974754361,92.4216887671816,124.294589793501,161.042320907476,88.182326372897,NA,0.0148749233409345,0.0159867358235144,0.0138404328964533,NA,NA,NA,NA,NA,NA,NA
2000,"West Black Sea","total",0.0199491450604573,0.0196280598882991,0.0199734549635867,0.0192886376283433,799,101.635847730165,103.424334288615,99.8782889431312,-12.8600524873082,0.973656391866484,-26.4545391123155,NA,0.0138643434612157,0.0149006210788983,0.0129001347388647,NA,NA,NA,NA,NA,NA,NA
2000,"West Marmara","total",0.0141770907038727,0.0141391810039147,0.01438798824799,0.0138946763102475,313,100.268118075209,102.032536687572,98.5342110343554,-0.836965519562227,4.65616907499071,-6.23510895507815,NA,0.0102372541550327,0.011002428313987,0.00952529474802453,NA,NA,NA,NA,NA,NA,NA
2001,"Aegean","female",0.0179301915590485,0.0176244945238368,0.0179346328486438,0.0173197193297575,725,101.734501008232,103.524723568945,99.9752362391091,-12.3607352324472,0.179581737651006,-24.6841961938018,NA,0.0125651600104549,0.0135043313544036,0.0116913042152845,NA,NA,NA,NA,NA,NA,NA
2001,"Central Anatolia","female",0.0106051109030283,0.0111528123741125,0.0113490684733677,0.0109599500737918,208,95.0891178591378,96.7624015768832,93.4447697440088,10.7421701693825,14.5913773128387,6.95952623161418,NA,0.0081676160345394,0.00877809699312903,0.00759959154471414,NA,NA,NA,NA,NA,NA,NA
2001,"Central East Anatolia","female",0.0131699994059628,0.014008271177634,0.0142547748007931,0.0137660302690446,303,94.0158798966599,95.6702778402128,92.3900909695889,19.2859801270283,24.9572482505026,13.7127835732499,NA,0.0101480349804899,0.0109065405341903,0.00944228040435112,NA,NA,NA,NA,NA,NA,NA
2001,"East Black Sea","female",0.00926876783499581,0.00928138001932566,0.00944470451338087,0.00912087984765282,121,99.864113048883,101.621422382634,98.1371923479893,0.164646944564709,2.29678188768676,-1.93061761682475,NA,0.00683235271033481,0.00734303063818882,0.00635719035620558,NA,NA,NA,NA,NA,NA,NA
2001,"East Marmara","female",0.0120279455245647,0.0121417574398776,0.0123554160107674,0.0119317936037405,310,99.0626405124922,100.805846329709,97.3495794401636,2.93331007152779,8.43999920979957,-2.4781535129701,NA,0.00886108699224015,0.00952340080061385,0.00824483441660763,NA,NA,NA,NA,NA,NA,NA
2001,"Istanbul","female",0.0212706998583174,0.0206285275240882,0.0209915278337368,0.0202718044719049,1602,103.113030406457,104.927510956397,101.329927134374,-48.3651260319475,-21.0258048092969,-75.2316764230507,NA,0.0145031125226666,0.0155871343471414,0.0134944800090021,NA,NA,NA,NA,NA,NA,NA
2001,"Mediterranean","female",0.0138556594888162,0.0143262141089538,0.0145783125755832,0.0140784751068748,688,96.7154293761148,98.4173313063584,95.0429579348069,23.3652955253398,35.883194451841,11.0638649389495,NA,0.0103644914228531,0.0111391758145239,0.00964368318114989,NA,NA,NA,NA,NA,NA,NA
2001,"Northeast Anatolia","female",0.0152993167736726,0.0159804809286151,0.0162616895373564,0.0157041351775408,144,95.737524058348,97.4222177834591,94.0819632457439,6.41124304848128,9.05803050035126,3.81022571264967,NA,0.0114782522039979,0.0123361836222722,0.0106799864279518,NA,NA,NA,NA,NA,NA,NA
2001,"Southeast Anatolia","female",0.0162637951212492,0.0175416546911607,0.0178503352829869,0.0172383120219143,927,92.7152848895413,94.3467962557688,91.1119867689555,72.8351416429391,90.4292460010931,55.5452869506622,NA,0.0125108519550463,0.013445964093275,0.0116407730643404,NA,NA,NA,NA,NA,NA,NA
2001,"West Anatolia","female",0.0180904474373547,0.0197132249848855,0.0200601187108349,0.0193723299899917,885,91.7680767668657,93.3829201066713,90.1811584374306,79.3876511091302,96.3579857859447,62.7107794327533,NA,0.0139189719781314,0.0149593327541347,0.0129509640645204,NA,NA,NA,NA,NA,NA,NA
2001,"West Black Sea","female",0.0160939603959407,0.0165991471902779,0.0168912424725488,0.0163121030257136,314,96.9565497037517,98.662694629693,95.2799086396169,9.85640883408007,15.5553117999532,4.25605531910952,NA,0.0118895496302484,0.0127782230968733,0.011062679790333,NA,NA,NA,NA,NA,NA,NA
2001,"West Marmara","female",0.0127597284600807,0.0124829998085586,0.0127026632232431,0.0122671349686225,139,102.216844154178,104.01555450982,100.449238367063,-3.01458472897053,-0.621648645990945,-5.36614047288751,NA,0.00909848116877899,0.00977853878683282,0.00846571879329238,NA,NA,NA,NA,NA,NA,NA
2001,"Aegean","male",0.0208704084982891,0.020800719092694,0.0211667494583003,0.0204410183824184,925,100.335033636503,102.10062976236,98.5999694445528,-3.08871291047092,13.1341649605367,-19.0310533314628,NA,0.0146124032115658,0.0157045938681993,0.0135961699748087,NA,NA,NA,NA,NA,NA,NA
2001,"Central Anatolia","male",0.0129186530774515,0.0130336344758021,0.0132629874116836,0.0128082476727053,267,99.1178101659662,100.861986803874,97.4037950610675,2.37641131591403,7.11662947280831,-2.28183564420482,NA,0.00947953408122558,0.0101880731492249,0.0088202710248456,NA,NA,NA,NA,NA,NA,NA
2001,"Central East Anatolia","male",0.0163176767708541,0.0169138737478687,0.0172115072750638,0.0166213871096182,408,96.4751009384252,98.1727738078589,94.8067854260231,14.9070465139023,22.3489440830779,7.59383948805066,NA,0.0120977210770809,0.0130019541272947,0.0112563737593574,NA,NA,NA,NA,NA,NA,NA
2001,"East Black Sea","male",0.0122307132466224,0.0124995258615102,0.0127194800852369,0.0122833752414065,169,97.8494175069826,99.5712742324558,96.1573363428447,3.71436489434387,6.75362050113156,0.727666239821531,NA,0.00910995361558793,0.00979086873114082,0.00847639337806677,NA,NA,NA,NA,NA,NA,NA
2001,"East Marmara","male",0.0136742450921725,0.0139873787520065,0.0142335147310397,0.0137454991299817,372,97.7613127850054,99.4816191312121,96.0707551898786,8.51862173546562,15.2146099661259,1.93842525758208,NA,0.010133783732859,0.0108912240901451,0.00942902027305478,NA,NA,NA,NA,NA,NA,NA
2001,"Istanbul","male",0.0254437110601415,0.0249063967479801,0.0253446747453406,0.0244756977629727,2033,102.157334589978,103.954997755501,100.390757884234,-42.9324163461131,-7.91318638677762,-77.3460690735153,NA,0.0171647055994415,0.0184476657537808,0.0159709701079725,NA,NA,NA,NA,NA,NA,NA
2001,"Mediterranean","male",0.0188995800472397,0.0192240333732886,0.0195623187918211,0.0188915978248868,996,98.3122515460271,100.042252764572,96.6121667291378,17.0985552026551,34.9260559204604,-0.420659794745461,NA,0.0136045327298172,0.0146213910330161,0.0126583927875765,NA,NA,NA,NA,NA,NA,NA
2001,"Northeast Anatolia","male",0.0241022587379166,0.0241563979850104,0.0245814782501096,0.0237386685077655,247,99.7758802983485,101.531636999911,98.0504853804271,0.554819122040271,4.91104260388127,-3.72607346987161,NA,0.0167058901558981,0.0179545565713289,0.0155440634132169,NA,NA,NA,NA,NA,NA,NA
2001,"Southeast Anatolia","male",0.0221111621368524,0.023076007007045,0.0234820756263022,0.0226769604128496,1374,95.818839585644,97.5049642205283,94.1618726075721,59.9560006588297,85.1893321050084,35.1590217831429,NA,0.016039249237013,0.0172380881892683,0.0149237846600172,NA,NA,NA,NA,NA,NA,NA
2001,"West Anatolia","male",0.0231478737010756,0.0243268179117062,0.0247548970571711,0.0239061414128508,1181,95.1537261679287,96.8281467984307,93.5082608003414,60.1495036103506,81.9900180922709,38.6866707141608,NA,0.0168104270895249,0.0180669070220431,0.0156413302281039,NA,NA,NA,NA,NA,NA,NA
2001,"West Black Sea","male",0.0209824210737828,0.0211479925549507,0.0215201338935376,0.0207822865469508,439,99.2170818069955,100.963005328504,97.5013500268402,3.46413218842264,11.2501758992588,-4.1872697612115,NA,0.0148322484108157,0.0159408711949404,0.0138007258342296,NA,NA,NA,NA,NA,NA,NA
2001,"West Marmara","male",0.0147676621017032,0.0148082246059197,0.0150688050138528,0.0145521503382497,168,99.7260812467668,101.480961634151,98.0015474891822,0.461447496661407,3.42586449315451,-2.4517067096231,NA,0.0106911537056133,0.011490254169571,0.00994762743018692,NA,NA,NA,NA,NA,NA,NA
2001,"Aegean","total",0.0194677164821916,0.0192883836365325,0.0196278014269928,0.0189548352979769,1650,100.92974532775,102.705806598432,99.1843969616434,-15.1994814393495,13.5681120671511,-43.4696054223061,NA,0.0136459857020876,0.0146659423696244,0.0126969628741521,NA,NA,NA,NA,NA,NA,NA
2001,"Central Anatolia","total",0.0117921689907434,0.0121187326570826,0.0123319860607455,0.0119091669817341,475,97.3052985359128,99.0175803969315,95.6226266609199,13.1543010987115,21.7443549572854,4.71279251206596,NA,0.00884503455117147,0.00950614853458132,0.00822989835755398,NA,NA,NA,NA,NA,NA,NA
2001,"Central East Anatolia","total",0.0148092962526141,0.0155238354286262,0.015797008444051,0.0152553863137187,711,95.3971479580715,97.0758520831202,93.747473169144,34.305300230249,47.4204416018528,21.4169551364985,NA,0.0111728653952563,0.0120079709570072,0.0103958380302104,NA,NA,NA,NA,NA,NA,NA
2001,"East Black Sea","total",0.0107917970448367,0.0109390437641277,0.0111315381760045,0.0107498781014331,290,98.6539342700699,100.389948081346,96.9479408344467,3.95685245163264,9.1296127632242,-1.12645683907243,NA,0.00801662881532548,0.00861582437289579,0.00745910487275931,NA,NA,NA,NA,NA,NA,NA
2001,"East Marmara","total",0.0128733322065145,0.013090512213557,0.0133208660272956,0.0128641418404895,682,98.3409357594304,100.071441734233,96.6403549148828,11.5057051606304,23.7093287795556,-0.486884788530574,NA,0.00951875477716371,0.0102302253600572,0.00885676408083272,NA,NA,NA,NA,NA,NA,NA
2001,"Istanbul","total",0.0234188750855891,0.0228357670527869,0.0232376081682785,0.0224408748573793,3635,102.553485641425,104.358119879129,100.780058412199,-90.508091933943,-28.1356487882435,-151.801946786516,NA,0.0158900789029299,0.0170777682555763,0.0147849885162188,NA,NA,NA,NA,NA,NA,NA
2001,"Mediterranean","total",0.0164526506313887,0.0168547730765638,0.0171513666089287,0.0165633084488193,1684,97.6141924702966,99.3319099395359,95.9261789834506,41.1589726692971,71.5166043781719,11.3263065464703,NA,0.0120586839312435,0.0129599991858472,0.0112200514883078,NA,NA,NA,NA,NA,NA,NA
2001,"Northeast Anatolia","total",0.0198879413268455,0.0202603794454551,0.0206169014513863,0.0199100226695905,391,98.161741641551,99.8890943364986,96.4642595481207,7.32219096904549,14.3314687031333,0.434122610852512,NA,0.0142688125666637,0.0153353218561302,0.0132764746623946,NA,NA,NA,NA,NA,NA,NA
2001,"Southeast Anatolia","total",0.0193136981674731,0.0204436586058294,0.0208034057761306,0.0200901324374133,2301,94.4728071420928,96.1352456368367,92.8391167067135,134.621497452868,177.481142026643,92.5030120922811,NA,0.0143855651835504,0.0154608010401296,0.0133851076094338,NA,NA,NA,NA,NA,NA,NA
2001,"West Anatolia","total",0.0206722800881871,0.0220741152793845,0.022462553604528,0.0216923941038176,2066,93.6494161897098,95.2973654694435,92.0299644116151,140.100244997589,178.92100285899,101.950803070678,NA,0.0154148623174632,0.0165670320429127,0.014342821312282,NA,NA,NA,NA,NA,NA,NA
2001,"West Black Sea","total",0.018623549235629,0.0189586734465633,0.0192922893250399,0.0186308266892363,753,98.2323435662371,99.9609386436326,96.5336405745121,13.549969860242,27.0389537974349,0.294246950296497,NA,0.0134333025425615,0.0144373624026881,0.0124990709637094,NA,NA,NA,NA,NA,NA,NA
2001,"West Marmara","total",0.0137854511493677,0.0136724453441533,0.0139130394383167,0.0134360117728148,307,100.826522267011,102.60076712094,99.082958906897,-2.5166229109883,2.84137271119602,-7.78196429259958,NA,0.00991854419614092,0.0106598966719512,0.00922874977106066,NA,NA,NA,NA,NA,NA,NA
2002,"Aegean","female",0.0153527550370174,0.015374604784606,0.015645151787586,0.0151087362712828,625,99.8578841674649,101.615083891552,98.131071180782,0.88948805670168,11.9032687400237,-9.9338345604034,NA,0.0110727294365406,0.0119003504280313,0.0103026661203213,NA,NA,NA,NA,NA,NA,NA
2002,"Central Anatolia","female",0.00988773995533575,0.0102013195776307,0.0103808322530353,0.0100249111620626,197,96.9260876506356,98.6316965356667,95.2499733578169,6.24765475944398,9.82420483200357,2.73295291413928,NA,0.00749254459532454,0.00805256795923967,0.00697146857959939,NA,NA,NA,NA,NA,NA,NA
2002,"Central East Anatolia","female",0.0122402649383128,0.0121629271306929,0.0123769582247455,0.0119525972133261,290,100.635848647195,102.40673821641,98.8955825498437,-1.83231035625386,3.23857802631295,-6.81550935919864,NA,0.00887584222122995,0.00953925889564169,0.0082585634794084,NA,NA,NA,NA,NA,NA,NA
2002,"East Black Sea","female",0.00792756283348531,0.00789503247093184,0.00803396139973113,0.00775850599918878,106,100.412035829786,102.178986963653,98.6756400615843,-0.434965764774859,1.4226627097068,-2.26047081705106,NA,0.00582322046711295,0.00625847173232996,0.005418239157881,NA,NA,NA,NA,NA,NA,NA
2002,"East Marmara","female",0.00841295208107584,0.00896691345386231,0.00912470427807638,0.00881185125990836,220,93.8221621560554,95.4731512474863,92.1997231328292,14.4861757012929,18.6124301946689,10.4312753118561,NA,0.00660495842660864,0.00709863997758637,0.0061456104204432,NA,NA,NA,NA,NA,NA,NA
2002,"Istanbul","female",0.0162076913701432,0.015828057229083,0.0161065836371644,0.0155543472961615,1239,102.398488554632,104.200395307767,100.627741644389,-29.0212029604672,-7.72919956950341,-49.9450100064571,NA,0.0113764887870188,0.0122268139921598,0.010585300242905,NA,NA,NA,NA,NA,NA,NA
2002,"Mediterranean","female",0.0123663171743497,0.0131301103289569,0.0133611609509445,0.0129030551973395,624,94.1828885251427,95.8402253204302,92.5542115670383,38.5407330052519,50.1994658428142,27.0836112015924,NA,0.00954604472192661,0.0102595550666755,0.00888215612088422,NA,NA,NA,NA,NA,NA,NA
2002,"Northeast Anatolia","female",0.0155437260317201,0.0152427572303176,0.0155109841111771,0.0149791687179268,150,101.974503673154,103.768949562052,100.211088608616,-2.90440786966045,-0.315965944808113,-5.44808863049803,NA,0.0109841188704241,0.0118051167465392,0.0102202180588328,NA,NA,NA,NA,NA,NA,NA
2002,"Southeast Anatolia","female",0.016233708450512,0.0164302766857059,0.0167194003528007,0.016146152749051,961,98.803621880787,100.542269745752,97.0950399413856,11.6364091789151,28.7518972958222,-5.18310584180392,NA,0.0117775585363304,0.0126578613315035,0.0109584772216979,NA,NA,NA,NA,NA,NA,NA
2002,"West Anatolia","female",0.0156155381411626,0.0167336710532067,0.0170281335526162,0.0164443006070926,774,93.3180656624067,94.960184165129,91.7043438314086,55.4213928523452,70.016725557668,41.0784529377794,NA,0.0119786155596982,0.0128739461774132,0.0111455515464863,NA,NA,NA,NA,NA,NA,NA
2002,"West Black Sea","female",0.0141329608379242,0.0146473761639695,0.0149051261210063,0.0143940834010428,278,96.4880035831214,98.1859035004641,94.8194649490832,10.1187190908264,15.1887457383169,5.13636692123112,NA,0.0105823439831847,0.0113733115643811,0.00984638498158829,NA,NA,NA,NA,NA,NA,NA
2002,"West Marmara","female",0.00802695663525999,0.00847159949107201,0.00862067427282235,0.00832510261562618,88,94.7513706675981,96.418711046197,93.112863115196,4.87464590746356,6.50896155038158,3.26859200372078,NA,0.00624499993860876,0.00671177672302097,0.00581068558187544,NA,NA,NA,NA,NA,NA,NA
2002,"Aegean","male",0.018393154902998,0.0180966295242677,0.0184150760112131,0.017783689838651,824,101.638566885246,103.427101292682,99.8809610766646,-13.2841219117864,0.982049749732369,-27.303592867589,NA,0.0128737704845527,0.0138360086349306,0.0119784520855621,NA,NA,NA,NA,NA,NA,NA
2002,"Central Anatolia","male",0.0128938370925653,0.0124526740822751,0.0126718038549908,0.0122373336561938,271,103.542717069245,105.364758817696,101.752183352231,-9.27227286418673,-4.66664864390117,-13.7982533810099,NA,0.00907742310829169,0.00975590676095569,0.00844612523530053,NA,NA,NA,NA,NA,NA,NA
2002,"Central East Anatolia","male",0.0144944691529844,0.0146867421053781,0.014945184785097,0.014432768598818,373,98.6908400037658,100.427503245437,96.9842083681561,4.94794328001177,11.5986952680753,-1.58779921231729,NA,0.0106089923113925,0.0114019516974043,0.00987118002690761,NA,NA,NA,NA,NA,NA,NA
2002,"East Black Sea","male",0.00933581135631833,0.00923326911397634,0.00939574700017227,0.0090736009100236,132,101.11057352576,102.889816831211,99.3620981508671,-1.44985534438649,0.847436252379538,-3.70742055402397,NA,0.00679762021911344,0.00730570209881316,0.00632487336854443,NA,NA,NA,NA,NA,NA,NA
2002,"East Marmara","male",0.0111124037844578,0.0116939310148266,0.011899709181709,0.0114917113091902,307,95.0271022667101,96.6992946957429,93.3838265689605,16.0657282786032,21.7507176344845,10.4790477696375,NA,0.00854807895383111,0.00918699726386995,0.00795359481473798,NA,NA,NA,NA,NA,NA,NA
2002,"Istanbul","male",0.0209182096728451,0.0200751032334084,0.020428364932841,0.019727950384522,1697,104.199761414096,106.033365175416,102.397865622699,-68.397422633228,-39.7388943311914,-96.5603674441827,NA,0.0141505678636242,0.0152082390613691,0.0131664533977285,NA,NA,NA,NA,NA,NA,NA
2002,"Mediterranean","male",0.0163135188158984,0.0171393016603534,0.0174409020437351,0.0168429167635919,874,95.1819341253257,96.8568511314034,93.5359809658373,44.2414793643585,60.399779609107,28.3625998477536,NA,0.0122463919680002,0.0131617372874022,0.0113947051942336,NA,NA,NA,NA,NA,NA,NA
2002,"Northeast Anatolia","male",0.0210558570685225,0.0210408069486545,0.0214110621415519,0.0206769544697826,221,100.071528244638,101.832487464697,98.3410207738359,-0.157964431464336,3.72819405470131,-3.97692072324588,NA,0.0147644744869101,0.0158680315713428,0.0137376653111976,NA,NA,NA,NA,NA,NA,NA
2002,"Southeast Anatolia","male",0.0193708239893983,0.0194297580616171,0.0197716636185952,0.0190937649767579,1250,99.6966813892799,101.451044427213,97.9726560347715,3.8030178950462,25.8661963358047,-17.8786284976873,NA,0.0137369594885895,0.0147637159082396,0.0127816098036561,NA,NA,NA,NA,NA,NA,NA
2002,"West Anatolia","male",0.0213395251064192,0.0216763800642614,0.0220578194406879,0.0213015368066523,1104,98.4459814930186,100.17833595816,96.7435841235342,17.4271860129616,37.1609462290294,-1.96532409852102,NA,0.0151653011635691,0.0162988176697912,0.0141106161220523,NA,NA,NA,NA,NA,NA,NA
2002,"West Black Sea","male",0.0179467141074433,0.0180786159665726,0.0183967454688468,0.0177659877841047,379,99.2703984675974,101.017260202668,97.5537446981286,2.78551295299627,9.50379467521407,-3.81659150166689,NA,0.0128620242372082,0.0138233844251174,0.0119675227419661,NA,NA,NA,NA,NA,NA,NA
2002,"West Marmara","male",0.0123018985970459,0.0122354213981248,0.0124507281741908,0.012023837858738,141,100.543317608426,102.312578908454,98.8046516230801,-0.761938084104372,1.70583184472602,-3.18703359421471,NA,0.00892634246264536,0.00959353373121757,0.00830555163434175,NA,NA,NA,NA,NA,NA,NA
2002,"Aegean","total",0.0169456711356642,0.016802733264891,0.01709841105241,0.016512168546286,1449,100.850682258177,102.625352255599,99.1067011064501,-12.2224120303188,13.0605709029046,-37.0681837845311,NA,0.0120242899307768,0.0129230344374061,0.011188049450745,NA,NA,NA,NA,NA,NA,NA
2002,"Central Anatolia","total",0.011430958566121,0.0113582565075856,0.011558127808361,0.01116184152236,468,100.640081147021,102.411045195561,98.8997418582966,-2.97652757620921,5.20649296592694,-11.0180415537,NA,0.00831235658135925,0.00893365603917743,0.0077342659749442,NA,NA,NA,NA,NA,NA,NA
2002,"Central East Anatolia","total",0.0134139258364878,0.0134788634715639,0.0137160511044752,0.0132457774545458,663,99.5182261826963,101.269448943401,97.7972868015284,3.20962353454695,14.9329178584517,-8.31094331268116,NA,0.00978585278843043,0.0105172873668476,0.00910528651130059,NA,NA,NA,NA,NA,NA,NA
2002,"East Black Sea","total",0.00865134529633511,0.00858323026861009,0.00873426941775191,0.00843480299499908,238,100.79358266752,102.567247883139,99.0505889222027,-1.87385615106854,2.28125687060015,-5.95711602677633,NA,0.0063263169519258,0.00679917170180877,0.00588634732750988,NA,NA,NA,NA,NA,NA,NA
2002,"East Marmara","total",0.0097997408101972,0.0103698312391614,0.010552309215179,0.0101905088010505,527,94.5024136283791,96.1653731086225,92.8682112167522,30.6577145133801,40.4708203111552,21.0143038645864,NA,0.00761267193984794,0.00818167411179298,0.00708324155568786,NA,NA,NA,NA,NA,NA,NA
2002,"Istanbul","total",0.0186329173451504,0.0180195600081469,0.018336650302404,0.0177079530629789,2936,103.403841918039,105.223439879707,101.615709728115,-96.6470847309852,-46.6829762291518,-145.747178616785,NA,0.0128234994599845,0.0137819801488052,0.0119316772063765,NA,NA,NA,NA,NA,NA,NA
2002,"Mediterranean","total",0.0143990265589319,0.0151993971787239,0.0154668610525223,0.0149365584789377,1498,94.7341949790459,96.4012331169609,93.0959844407715,83.2664057907914,111.091959227351,55.9220314562979,NA,0.0109549493777995,0.0117737670069802,0.0101930771858319,NA,NA,NA,NA,NA,NA,NA
2002,"Northeast Anatolia","total",0.0184154981276695,0.0182732713534735,0.0185948262076368,0.0179572770527185,371,100.778332305392,102.551729160305,99.0356022800922,-2.86531121020414,3.6127568858912,-9.23135598224098,NA,0.0129888366366361,0.0139596753008641,0.0120855158545687,NA,NA,NA,NA,NA,NA,NA
2002,"Southeast Anatolia","total",0.0178618595550064,0.0179971689052833,0.0183138651831822,0.0176859491628634,2210,99.2481631361633,100.994633595987,97.5318938757346,16.7414631825427,55.9254446712193,-21.7649212523884,NA,0.0128088864789395,0.0137662749339135,0.011918080498754,NA,NA,NA,NA,NA,NA,NA
2002,"West Anatolia","total",0.0185388231586617,0.0192643831828861,0.0196033786372348,0.0189312498771084,1878,96.2336711363333,97.9270955642437,94.5695305984086,73.4999041649946,107.840458461156,39.7531909623151,NA,0.0136305283721514,0.0146493296957597,0.0126825805386714,NA,NA,NA,NA,NA,NA,NA
2002,"West Black Sea","total",0.0161075250848571,0.0164271108346348,0.0167161787922312,0.0161430416441102,657,98.0545224720595,99.7799884307055,96.3588944881533,13.0353879008601,24.8260042208909,1.44866323698602,NA,0.0117754570442711,0.0126556027653505,0.0109565218798677,NA,NA,NA,NA,NA,NA,NA
2002,"West Marmara","total",0.0102119556594525,0.0103988369402814,0.0105818253297777,0.0102190129151222,229,98.2028636288638,99.9309399476411,96.5046704250129,4.19075588819413,8.29421487215998,0.158256812139228,NA,0.00763332438249021,0.00820387020229162,0.00710245770490683,NA,NA,NA,NA,NA,NA,NA
2003,"Aegean","female",0.0137054296322459,0.0137649771332946,0.0140071995098482,0.0135269434369734,562,99.5673984746067,101.319486520397,97.8456087714741,2.44178376653133,12.3742688673889,-7.31894179421886,NA,0.00998186561201441,0.0107279509888936,0.00928766743989286,NA,NA,NA,NA,NA,NA,NA
2003,"Central Anatolia","female",0.0113065665946658,0.0110148192502939,0.0112086470838077,0.0108243432244298,229,102.648680271028,104.454989649142,100.873606869107,-5.90896814712002,-1.98323406126516,-9.76681566941249,NA,0.0080701946033728,0.00867339388657073,0.00750894537801913,NA,NA,NA,NA,NA,NA,NA
2003,"Central East Anatolia","female",0.0118487361348424,0.0117079430341683,0.0119139677706307,0.0115054810228076,289,101.202543437931,102.983405138423,99.4524776544294,-3.43405453811812,1.59105093811456,-8.37226234503959,NA,0.00855789805267022,0.00919755028223329,0.00796273103517249,NA,NA,NA,NA,NA,NA,NA
2003,"East Black Sea","female",0.00672119027572299,0.00612747999008495,0.00623530528838448,0.00602151928291843,92,109.689305988738,111.619509295426,107.792481119467,-8.12673708643425,-6.65081882841572,-9.57713272461929,NA,0.00451169213726838,0.00484891442210313,0.00419792229136928,NA,NA,NA,NA,NA,NA,NA
2003,"East Marmara","female",0.00741671568220072,0.00781748658680073,0.00795505094026032,0.00768230109319755,197,94.8734046403522,96.5428924514298,93.2327867904013,10.6451253613075,14.299057747657,7.05437935175775,NA,0.00576626498794442,0.0061972591681842,0.00536524470073647,NA,NA,NA,NA,NA,NA,NA
2003,"Istanbul","female",0.0157551971833918,0.0154312794938194,0.0157028238019623,0.0151644309214383,1225,102.099098067028,103.895736444144,100.333528428326,-25.1852874392778,-4.07214149746278,-45.933329965299,NA,0.0111107786243914,0.0119412435674804,0.0103380691418458,NA,NA,NA,NA,NA,NA,NA
2003,"Mediterranean","female",0.0124933801757291,0.0131969540182236,0.0134291808889707,0.0129687429783711,641,94.6686648940129,96.3345498986693,93.0315875482016,36.0983838397184,48.0132877372264,24.3895208668579,NA,0.00959208296150676,0.0103090343921874,0.00892499258806997,NA,NA,NA,NA,NA,NA,NA
2003,"Northeast Anatolia","female",0.0118545642274523,0.0121272331209014,0.0123406361072724,0.0119175204495354,117,97.7515984830938,99.4717338866781,96.0612088745278,2.69113734772858,4.79734293456767,0.62135375391243,NA,0.00885096142485728,0.00951251840699739,0.00823541304127078,NA,NA,NA,NA,NA,NA,NA
2003,"Southeast Anatolia","female",0.0148478618203383,0.0154912831170909,0.0157638833093145,0.015223396919721,911,95.8465590494391,97.5331714638789,94.1891127268435,39.4775226516917,56.2030807233292,23.041194730744,NA,0.0111510365149609,0.0119845104971036,0.0103755272597941,NA,NA,NA,NA,NA,NA,NA
2003,"West Anatolia","female",0.0153974693003135,0.016501556246689,0.0167919342206007,0.0162161996935748,774,93.309195024578,94.9511574306419,91.6956265909113,55.5002435677698,70.0969638095232,41.1559401109737,NA,0.0118248546851651,0.0127086925875412,0.0110024841156631,NA,NA,NA,NA,NA,NA,NA
2003,"West Black Sea","female",0.012151620637802,0.0121580143257263,0.0123719589691232,0.0119477693640489,241,99.9474117421394,101.70618688344,98.2190505814716,0.12680438566133,4.36991405765346,-4.04293044021392,NA,0.00887241833758302,0.00953557909695618,0.00825537771294915,NA,NA,NA,NA,NA,NA,NA
2003,"West Marmara","female",0.00876909783254498,0.00917639586227577,0.00933787294955574,0.00901771115071746,97,95.5614596858752,97.2430552052812,93.9089435026226,4.50535615388615,6.29154645136764,2.75005391925616,NA,0.00675653541666724,0.00726154645054408,0.00628664584707825,NA,NA,NA,NA,NA,NA,NA
2003,"Aegean","male",0.0183740053780529,0.0179601316438942,0.0182761761769057,0.0176495523759294,833,102.304402564328,104.104653685787,100.53528265541,-18.7632915883421,-4.43516385670546,-32.8436472261905,NA,0.0127847074581779,0.0137402886744534,0.0118955830305866,NA,NA,NA,NA,NA,NA,NA
2003,"Central Anatolia","male",0.0148671793290611,0.013802018092229,0.0140448922787365,0.0135633438575123,318,107.717431101121,109.612935314816,105.854705283639,-22.7831564963027,-17.5882241153909,-27.8882544412472,NA,0.010007194563447,0.0107551731295369,0.00931123486572815,NA,NA,NA,NA,NA,NA,NA
2003,"Central East Anatolia","male",0.0135594969654098,0.0134707653641192,0.0137078104945906,0.0132378193852883,359,100.658697549042,102.429989190508,98.9180363323574,-2.34924975053138,3.92673541737747,-8.51670615497005,NA,0.00978029542349449,0.0105113146217741,0.00910011563850239,NA,NA,NA,NA,NA,NA,NA
2003,"East Black Sea","male",0.00987322350165211,0.00942996686764365,0.00959590604526754,0.0092668972273564,143,104.700511043463,106.542926498697,102.889955936171,-6.41995986949988,-4.01656016967078,-8.7817982860185,NA,0.00693949156949357,0.00745817749296944,0.0064568781432824,NA,NA,NA,NA,NA,NA,NA
2003,"East Marmara","male",0.0101521966212662,0.0108633556644169,0.0110545181923966,0.0106754988537435,285,93.4535969812707,95.0981004293412,91.8375314470868,19.9641845857656,25.3306409800505,14.690528741694,NA,0.00796307567683079,0.00855826845425265,0.00740927613732712,NA,NA,NA,NA,NA,NA,NA
2003,"Istanbul","male",0.0199772658471023,0.0196996145174852,0.020046268739967,0.0193589548843966,1648,101.409425191395,103.193927391215,99.6557818626511,-22.9045052867082,5.69230886305058,-51.0068031500291,NA,0.0139102448371719,0.0149499533110402,0.0129428438607346,NA,NA,NA,NA,NA,NA,NA
2003,"Mediterranean","male",0.0156867417384101,0.0165682684220859,0.0168598203305067,0.0162817582349669,855,94.679427800067,96.3455021996399,93.042164334492,48.047282674215,63.9382105581998,32.431151926878,NA,0.0118690869303897,0.0127562309313083,0.0110436401880583,NA,NA,NA,NA,NA,NA,NA
2003,"Northeast Anatolia","male",0.0181466287985683,0.0196025720707933,0.0199475186368191,0.0192635905641604,195,92.5726926702938,94.2016948404718,90.971860354968,15.645271705027,19.3519976827109,12.002645048189,NA,0.0138479852377164,0.0148830401750084,0.0128849141633055,NA,NA,NA,NA,NA,NA,NA
2003,"Southeast Anatolia","male",0.0203311962104314,0.020408598493817,0.0207677287111386,0.0200556786095935,1363,99.6207368996502,101.373763541993,97.8980248308374,5.18903615717568,29.2650659757358,-18.4706539671954,NA,0.0143632478475518,0.0154368156153501,0.0133643423534227,NA,NA,NA,NA,NA,NA,NA
2003,"West Anatolia","male",0.0196556147363719,0.0209889016950447,0.0213582435109157,0.020625946798439,1031,93.6476573284079,95.2955756574503,92.0282359657825,69.9351749018579,89.3083370883489,50.8970271044225,NA,0.0147316286019775,0.0158327306509097,0.0137071037240271,NA,NA,NA,NA,NA,NA,NA
2003,"West Black Sea","male",0.0165502438089762,0.0163924982768845,0.0166809571571158,0.0161090276311289,353,100.96230317934,102.738937370712,99.2163917998926,-3.36455302236459,2.78798381618037,-9.41069585304922,NA,0.011752476483942,0.0126309045441468,0.0109351395240821,NA,NA,NA,NA,NA,NA,NA
2003,"West Marmara","male",0.0103886170135343,0.0107242444946858,0.0109129590826644,0.0105387932925076,120,96.8703857757273,98.5750144745691,95.1952347190319,3.87686808414496,6.05672999723063,1.73470188123403,NA,0.00786451916265564,0.00845234542394904,0.00731757382803201,NA,NA,NA,NA,NA,NA,NA
2003,"Aegean","total",0.0161567927331922,0.0159725569184887,0.0162536260883806,0.0156963481949877,1395,101.153452234628,102.933450076952,99.4042353708527,-15.9071769846598,8.36072682979602,-39.7554230844203,NA,0.0114729660747484,0.0123305023861468,0.0106750679275006,NA,NA,NA,NA,NA,NA,NA
2003,"Central Anatolia","total",0.0131354285402386,0.0124483389323795,0.0126673924194395,0.0122330734727685,547,105.519528441437,107.376356150225,103.694810307454,-28.6125431193669,-19.4904762560921,-37.5768647664656,NA,0.0090744121810727,0.00975267078474751,0.0084433237058286,NA,NA,NA,NA,NA,NA,NA
2003,"Central East Anatolia","total",0.0127391809900951,0.0126263739850598,0.0128485603558981,0.0124080298177074,648,100.893423600226,102.668845717272,99.1487033350567,-5.73811921815775,5.56376654790029,-16.8445648016198,NA,0.00919793755838113,0.00988542895292537,0.00855825839533677,NA,NA,NA,NA,NA,NA,NA
2003,"East Black Sea","total",0.00834171526526269,0.00782760011826659,0.0079653424395944,0.00769223973434199,235,106.567979191941,108.443256494219,104.725130507854,-14.4834792008786,-10.6030487998516,-18.2968064616094,NA,0.00577369618294037,0.00620524580102515,0.00537215908633205,NA,NA,NA,NA,NA,NA,NA
2003,"East Marmara","total",0.00882228758373039,0.00938495136827126,0.00955009840791051,0.00922266016775889,482,94.004616939805,95.6588166890487,92.3790227797311,30.7407734756733,39.7634756207397,21.8740982619542,NA,0.0069070537346903,0.00742331512199749,0.00642669622801361,NA,NA,NA,NA,NA,NA,NA
2003,"Istanbul","total",0.0179287035161103,0.0176338390208515,0.0179441417808223,0.0173289022351366,2873,101.67215145216,103.461276847402,99.9139648755535,-47.2508061788844,2.47391756340312,-96.115654915538,NA,0.0125712830560723,0.0135109120614414,0.0116970014279723,NA,NA,NA,NA,NA,NA,NA
2003,"Mediterranean","total",0.0141383130364606,0.0149368966777593,0.0151997413288321,0.0146785973218401,1496,94.6536174245099,96.3192376387655,93.0168002901598,84.4995526907571,112.311611809186,57.1684393211046,NA,0.0107780547176003,0.0115836505178812,0.0100284848300858,NA,NA,NA,NA,NA,NA,NA
2003,"Northeast Anatolia","total",0.0151343196342815,0.0160409092750699,0.0163231812417481,0.0157635185543937,312,94.3482652682453,96.0085121989669,92.7167284988176,18.68970490654,24.5088534201021,12.971185214718,NA,0.011518548939885,0.0123794923006707,0.0107174806896838,NA,NA,NA,NA,NA,NA,NA
2003,"Southeast Anatolia","total",0.01771091676994,0.0180653384704694,0.0183832343285732,0.017752939891832,2274,98.0381120392028,99.7632892233733,96.3427678360809,45.5061111444984,86.3224726416624,5.39557496790121,NA,0.0128533648417523,0.0138140777911016,0.0119594655722595,NA,NA,NA,NA,NA,NA,NA
2003,"West Anatolia","total",0.0175718409366782,0.0187988232655799,0.0191296262595632,0.0184737407503629,1805,93.473089716481,95.1179361783187,91.8566871001661,126.037056199658,160.017525650275,92.6442010013186,NA,0.0133299276852915,0.0143262608866607,0.0124028854074928,NA,NA,NA,NA,NA,NA,NA
2003,"West Black Sea","total",0.0144308840052009,0.0143572740156105,0.0146099190435842,0.0141089979037118,594,100.512701711414,102.281424263338,98.7745651577592,-3.02991374616784,7.36939003607313,-13.2493854302768,NA,0.0103855949563461,0.0111618567122444,0.00966331904968486,NA,NA,NA,NA,NA,NA,NA
2003,"West Marmara","total",0.00959638813284464,0.00996768025244165,0.0101430815753858,0.00979531209292619,217,96.2750398267836,97.9691922197639,94.6101839122755,8.39590779751714,12.3622007977564,4.4982027342094,NA,0.00732557937966785,0.0078731230818953,0.00681611511589568,NA,NA,NA,NA,NA,NA,NA
2004,"Aegean","female",0.0122510685242921,0.0126893771234003,0.0129126721608023,0.0124699434613284,506,96.5458619848255,98.2447800367732,94.8763228224864,18.1032495825971,27.325897280743,9.04008641538337,NA,0.0092415886790105,0.0099323427364728,0.00859887375798959,NA,NA,NA,NA,NA,NA,NA
2004,"Central Anatolia","female",0.00842192503535621,0.00867299834636147,0.00882561714485008,0.00852301873981501,173,97.1051151980146,98.8138744317604,95.4259050345343,5.1574530314106,8.29249068939083,2.0766286565067,NA,0.00639162712374825,0.00686936342243734,0.0059471154424,NA,NA,NA,NA,NA,NA,NA
2004,"Central East Anatolia","female",0.0105696715301817,0.0105980568406381,0.0107845509037908,0.0104147877644043,265,99.7321649536022,101.487152396007,98.0075259922635,0.71166897187527,5.38739863805807,-3.88320467800884,NA,0.00777497438264999,0.00835610770160842,0.0072342565234323,NA,NA,NA,NA,NA,NA,NA
2004,"East Black Sea","female",0.00585419898067868,0.00647614345972895,0.00659010419097686,0.00636415341784965,82,90.3963758227756,91.987081333698,88.8331779138519,8.71160127123142,10.307853806065,7.14295226145047,NA,0.00477257994209108,0.00512930204627338,0.00444066641000389,NA,NA,NA,NA,NA,NA,NA
2004,"East Marmara","female",0.00630327902701147,0.00634860655713843,0.00646032302082628,0.00623882197336111,170,99.2860239531461,101.033160649968,97.5690999767574,1.22248754791948,4.23549058103112,-1.73841251094919,NA,0.0046772719849557,0.00502687038342169,0.0043519867338136,NA,NA,NA,NA,NA,NA,NA
2004,"Istanbul","female",0.0150040177884106,0.0152186862733718,0.0154864895774728,0.0149555140129516,1186,98.5894414202045,100.324320350454,96.8845632404387,16.9685764676078,38.1372209695573,-3.83400489825908,NA,0.010967927428634,0.0117877150903044,0.010205152665993,NA,NA,NA,NA,NA,NA,NA
2004,"Mediterranean","female",0.010270496019506,0.011414800052706,0.0116156663505486,0.0112174072766047,535,89.9752599439646,91.5585550765048,88.4193442679332,59.6078959184902,70.0712142569315,49.3255166630391,NA,0.00835213007209557,0.0089764023629471,0.00777127338109881,NA,NA,NA,NA,NA,NA,NA
2004,"Northeast Anatolia","female",0.0112836566938676,0.0125191167101357,0.0127394156741311,0.0123026273112553,114,90.1314122643506,91.7174552101122,88.5727962922228,12.481985731727,14.707689914053,10.2947699964435,NA,0.00912355075361697,0.00980548217476308,0.00848904489042488,NA,NA,NA,NA,NA,NA,NA
2004,"Southeast Anatolia","female",0.0143064912907668,0.0146546268410404,0.0149125043882798,0.0144012086942901,909,97.6243983961528,99.3422954591247,95.9362084212408,22.1196943937548,38.5046126575315,6.01811569676909,NA,0.0105872531398362,0.0113785876514371,0.00985095272635283,NA,NA,NA,NA,NA,NA,NA
2004,"West Anatolia","female",0.0160809198825258,0.016722087711551,0.0170163463788348,0.0164329175727529,820,96.1657429378132,97.8579720328499,94.5027770622224,32.6944990486517,47.6993687287056,17.9491041616259,NA,0.0119709515509973,0.0128657093294211,0.0111384205384323,NA,NA,NA,NA,NA,NA,NA
2004,"West Black Sea","female",0.0108993465343852,0.0102954617835309,0.0104766310798384,0.0101174253945177,218,105.865543125227,107.72845965626,104.034841461205,-12.0784191300746,-8.45481596538758,-15.6393603922359,NA,0.0075596864795656,0.00812472830194879,0.00703394101875646,NA,NA,NA,NA,NA,NA,NA
2004,"West Marmara","female",0.00663972429164195,0.00662324476642056,0.00673979404015228,0.00650871094496048,74,100.248813471381,102.012892380524,98.5152402593586,-0.183664985595584,1.1152814581602,-1.46014913098615,NA,0.00488233246367037,0.00524725791927085,0.00454278608990553,NA,NA,NA,NA,NA,NA,NA
2004,"Aegean","male",0.0152412084949364,0.0149215973571941,0.0151841727860407,0.0146635625679203,698,102.141936483685,103.939328688649,100.375626052861,-14.6371971893318,-2.61205827756066,-26.4543889148412,NA,0.0107677286485145,0.0115725526362459,0.0100188768971242,NA,NA,NA,NA,NA,NA,NA
2004,"Central Anatolia","male",0.0106945916590088,0.0105556306317297,0.0107413781206563,0.0103730952194338,232,101.316463526692,103.099329879597,99.5644277566437,-3.01451045132575,1.01494843826816,-6.97428909485916,NA,0.00774483716673815,0.00832371790717405,0.00720621522836459,NA,NA,NA,NA,NA,NA,NA
2004,"Central East Anatolia","male",0.00912832265967634,0.00942242020858863,0.00958822658761239,0.00925948107045414,248,96.8787472602399,98.5835230961667,95.2034516108513,7.99009794564304,12.4947570742623,3.56333656089751,NA,0.00693405475653315,0.00745233431041784,0.00645181943855999,NA,NA,NA,NA,NA,NA,NA
2004,"East Black Sea","male",0.00769798331167255,0.00758335924421639,0.0077168036575713,0.0074522224458075,114,101.511520999662,103.297819779968,99.7561121581695,-1.69747622993518,0.278711884085752,-3.63949070481011,NA,0.00559397676248442,0.00601209341755833,0.00520493842092102,NA,NA,NA,NA,NA,NA,NA
2004,"East Marmara","male",0.00810450769059847,0.00806734394739293,0.00820930504216947,0.00792783774402648,231,100.460668882446,102.2284758124,98.7234321171806,-1.05926541231352,2.98700292936792,-5.03556282702655,NA,0.00594958543044168,0.00639428172877745,0.00553581595174602,NA,NA,NA,NA,NA,NA,NA
2004,"Istanbul","male",0.0152687007002227,0.0159083515764602,0.0161882909246036,0.0156332531370331,1278,95.9791504910916,97.66809611784,94.319411303739,53.5391868556067,76.9702890791243,30.5132717832942,NA,0.0114301174653326,0.0122844510967765,0.0106351992646691,NA,NA,NA,NA,NA,NA,NA
2004,"Mediterranean","male",0.0125361884014765,0.0130811607514516,0.0133113500074607,0.0128549520904647,694,95.8339144336669,97.5203043407325,94.1766867706899,30.1695219288617,42.912736896144,17.6466716256219,NA,0.00951230816057046,0.0102232968970275,0.00885076580021492,NA,NA,NA,NA,NA,NA,NA
2004,"Northeast Anatolia","male",0.0153710170295952,0.0165488930896202,0.0168401040502117,0.0162627179544202,169,92.8824480667906,94.516901004345,91.2762592426025,12.9504153017955,16.1521977372189,9.80400034722987,NA,0.0118562437969384,0.0127424278496436,0.0110316902423248,NA,NA,NA,NA,NA,NA,NA
2004,"Southeast Anatolia","male",0.0146283943729732,0.0156078147556747,0.0158824655557684,0.0153379134109928,1014,93.724807745137,95.3740836904772,92.1040522430742,67.8907228461212,86.9287597074735,49.1819051502396,NA,0.0112291436294495,0.0120684556561238,0.010448202342014,NA,NA,NA,NA,NA,NA,NA
2004,"West Anatolia","male",0.0193956946537224,0.0190645827638412,0.0194000623291428,0.0187349045478766,1032,101.736790644636,103.527053496094,99.9774862815063,-17.617696940379,0.232393895361838,-35.1591114114615,NA,0.0135016995696426,0.014510871702736,0.0125627112556246,NA,NA,NA,NA,NA,NA,NA
2004,"West Black Sea","male",0.0115799186750057,0.0108931137041276,0.0110847998844921,0.010704742296436,249,106.304946313172,108.17559502447,104.466646179209,-14.768189876649,-10.6464114557195,-18.8186915970511,NA,0.0079841368500474,0.00858090382551683,0.00742887259157043,NA,NA,NA,NA,NA,NA,NA
2004,"West Marmara","male",0.00850546850108523,0.00812384439079705,0.00826679972417958,0.0079833611418998,99,104.697580257944,106.539944140134,102.887075831867,-4.4419407248065,-2.77800204781717,-6.07710540022137,NA,0.00599096205252931,0.00643875100847873,0.00557431499798365,NA,NA,NA,NA,NA,NA,NA
2004,"Aegean","total",0.0138232874956493,0.0138642908539607,0.0141082608545903,0.0136245397547121,1204,99.7042520332034,101.458748291798,97.98009576178,3.57136776779066,24.8210076129108,-17.3108083126876,NA,0.0100497528956904,0.0108009124452338,0.00935083343898448,NA,NA,NA,NA,NA,NA,NA
2004,"Central Anatolia","total",0.00958924295530627,0.00964078418120475,0.00981043311222741,0.00947406893919151,405,99.4653834695422,101.215676356737,97.7453578818508,2.17683466632104,9.34192761311675,-4.86435443797626,NA,0.0070911661703261,0.0076211888725286,0.00659800439225889,NA,NA,NA,NA,NA,NA,NA
2004,"Central East Anatolia","total",0.00982007594028443,0.00998696754173294,0.0101627082632102,0.00981426585280321,513,98.328906139415,100.05920042893,96.6285333195475,8.71840422250409,17.8990857840358,-0.30351851614887,NA,0.00733938071586192,0.0078879559862866,0.00682895662526674,NA,NA,NA,NA,NA,NA,NA
2004,"East Black Sea","total",0.00676716535578969,0.00704526386586598,0.00716923941195764,0.00692343219238638,195,96.0526885100264,97.7429281856976,94.3916776513653,8.01357830254284,11.5860093304312,4.50292427246291,NA,0.005196145690732,0.0055845268277535,0.00483477488282957,NA,NA,NA,NA,NA,NA,NA
2004,"East Marmara","total",0.00721081375338805,0.00723222285535159,0.00735948831978528,0.00710715815511946,400,99.7039761855832,101.458467590086,97.9798246843122,1.18761086866107,8.24731141210634,-5.75000835210227,NA,0.00533466359807933,0.00573339812885739,0.00496365943286473,NA,NA,NA,NA,NA,NA,NA
2004,"Istanbul","total",0.0151462424938522,0.0155735566305843,0.0158476045902671,0.0153042477015721,2465,97.2561557589685,98.9675728542758,95.5743336955441,69.5439378758188,114.144321165093,25.7148158817381,NA,0.0112061921027299,0.0120437886386205,0.0104268470006686,NA,NA,NA,NA,NA,NA,NA
2004,"Mediterranean","total",0.0114378058931755,0.0122739810228759,0.0124899663328657,0.0120617306832526,1229,93.1874171212911,94.827236600935,91.5759545570462,89.8475847553061,113.055352788497,67.0411418209383,NA,0.00895318578513498,0.00962238343319115,0.00833052811288347,NA,NA,NA,NA,NA,NA,NA
2004,"Northeast Anatolia","total",0.0133666290482059,0.0146237904721139,0.0148811253916044,0.0143709055696114,282,91.4033134821968,93.0117380805203,89.8227028968326,26.5227321161907,31.9518082904899,21.1875393575298,NA,0.010566372220836,0.0113561460073257,0.00983152399037792,NA,NA,NA,NA,NA,NA,NA
2004,"Southeast Anatolia","total",0.0144819170677555,0.0151459276958573,0.0154124506668783,0.0148840136280934,1924,95.6159131257212,97.2984668626011,93.9624552951689,88.2173570315813,123.626356671976,53.4206747953738,NA,0.010918959473051,0.0117350870698577,0.0101595902326419,NA,NA,NA,NA,NA,NA,NA
2004,"West Anatolia","total",0.0177545296052674,0.017919521009552,0.0182348509170125,0.0176096440093285,1850,99.0792644279017,100.82276277625,97.3659158831015,17.1919000228481,50.0488859172528,-15.096899689607,NA,0.012758184736309,0.0137117835360992,0.0118709048561957,NA,NA,NA,NA,NA,NA,NA
2004,"West Black Sea","total",0.0112279853671224,0.0106051879721875,0.0107918075219001,0.0104217955793955,466,105.872572900812,107.73561313485,104.041749672955,-25.8482333695829,-18.1028803679046,-33.459648262529,NA,0.00778003841340379,0.00836155023868932,0.00723896837143482,NA,NA,NA,NA,NA,NA,NA
2004,"West Marmara","total",0.007505396197112,0.00739017835509138,0.00752022336330295,0.00726238217691394,171,101.559067135927,103.346202585848,99.8028360930966,-2.62507807290805,0.337816332684554,-5.53673601799431,NA,0.00545144978808989,0.00585891339537317,0.00507232361815336,NA,NA,NA,NA,NA,NA,NA
2005,"Aegean","female",0.0109837496572046,0.0114000094223146,0.0116006154493546,0.0112028724162295,457,96.3486015696162,98.0440484289775,94.682473573552,17.3192870005456,25.6658860417178,9.11702323884339,NA,0.00834172875800861,0.00896522361219219,0.00776159543612014,NA,NA,NA,NA,NA,NA,NA
2005,"Central Anatolia","female",0.00834247430663451,0.00895268115887586,0.00911022153731868,0.00879786507980844,174,93.1840881919896,94.8238490924455,91.5726831939354,12.7271584409383,16.0129972510443,9.4981406738344,NA,0.00659464604310338,0.00708755680444794,0.00613601522128594,NA,NA,NA,NA,NA,NA,NA
2005,"Central East Anatolia","female",0.00734476429505825,0.00750264839551789,0.00763467253963461,0.00737290730604928,189,97.8956217573255,99.6182915392421,96.2027415966915,4.06277094650261,7.46009756389296,0.724193297922852,NA,0.00553446975180468,0.00594813861002213,0.00514956988090872,NA,NA,NA,NA,NA,NA,NA
2005,"East Black Sea","female",0.00405055664071781,0.00433291863893014,0.0044091650314942,0.00425799075278133,58,93.4833302505294,95.1283569151009,91.8667505476686,4.04314699162267,5.13492058250659,2.97025311996424,NA,0.00315339568169843,0.00338909334555001,0.00293408983214094,NA,NA,NA,NA,NA,NA,NA
2005,"East Marmara","female",0.00664231126315198,0.00687902492544279,0.00700007516400665,0.00676006797300985,182,96.5589067512272,98.2580543519973,94.8891420095852,6.48597827324389,9.80276704537519,3.22654575268461,NA,0.00507271833658247,0.00545187400938528,0.00471993139936876,NA,NA,NA,NA,NA,NA,NA
2005,"Istanbul","female",0.0127432818722902,0.0138418844941234,0.0140854602099192,0.0136025208614575,1023,92.0632004818446,93.6832371152474,90.4711786649055,88.1931745211723,107.746846782079,68.9776381568925,NA,0.0100344434995335,0.0107844587623232,0.0093365887490899,NA,NA,NA,NA,NA,NA,NA
2005,"Mediterranean","female",0.011028535642388,0.0119105188763495,0.0121201083409946,0.0117045537806007,584,92.5949218239953,94.2243151607101,90.9937051064593,46.7041341965477,57.802638233866,35.7975533214785,NA,0.00869967184053183,0.00934992082164993,0.00809464503246857,NA,NA,NA,NA,NA,NA,NA
2005,"Northeast Anatolia","female",0.0110260991030701,0.0117377181105876,0.0119442667992292,0.0115347412075977,114,93.9373309120827,95.5903466287346,92.312900309474,7.35750387318782,9.49303252072151,5.25890429372237,NA,0.00857875784200991,0.00921996921736727,0.00798214011096872,NA,NA,NA,NA,NA,NA,NA
2005,"Southeast Anatolia","female",0.0134681671830248,0.0142973258808608,0.0145489160011853,0.0140500864344036,885,94.2006029327071,95.8582514485182,92.5716196445668,54.4844326338406,71.0165452414035,38.2382049815494,NA,0.0103448567163528,0.0111180735299207,0.00962541398866195,NA,NA,NA,NA,NA,NA,NA
2005,"West Anatolia","female",0.0138842265512138,0.0146662061404746,0.0149242874487088,0.0144125877563088,717,94.6681535649309,96.3340295717281,93.0310850613841,40.3824702392923,53.7101336364143,27.2852782008235,NA,0.010595092205168,0.0113870126405073,0.00985824661656047,NA,NA,NA,NA,NA,NA,NA
2005,"West Black Sea","female",0.00927273715513365,0.00892491914766129,0.00908197099784298,0.00877058314887852,187,103.897155836571,105.72543464592,102.100492914324,-7.01432234184736,-3.84711340530183,-10.1267616668852,NA,0.00657452514288585,0.00706593198602408,0.00611729364787687,NA,NA,NA,NA,NA,NA,NA
2005,"Aegean","male",0.0142297923851411,0.0142744011520737,0.0145255878658228,0.0140275581362011,659,99.6874911496646,101.441692466903,97.9636247192608,2.06588941095742,13.6986694178871,-9.36572835670029,NA,0.0103292706645566,0.0111013225129988,0.00961091188340321,NA,NA,NA,NA,NA,NA,NA
2005,"Central Anatolia","male",0.00849165004737818,0.00855376628487142,0.00870428695613342,0.00840584852325513,187,99.273814184015,101.020736025467,97.5571013475675,1.3679009787765,4.68261194413068,-1.88948966590587,NA,0.00630486488133414,0.00677611621590458,0.00586638716121459,NA,NA,NA,NA,NA,NA,NA
2005,"Central East Anatolia","male",0.00849046411899556,0.00845721314532665,0.00860603477047344,0.00831096504872121,237,100.393167029109,102.159786128591,98.6570975535168,-0.928156653050507,3.22600084240128,-5.01047752617475,NA,0.00623451212872377,0.00670050501141897,0.00580092715652959,NA,NA,NA,NA,NA,NA,NA
2005,"East Black Sea","male",0.00686737915099401,0.00683990441726935,0.00696026625204086,0.00672162396426471,104,100.401683006787,102.168451961969,98.665466266903,-0.416079008387143,1.40668780570743,-2.20732525269891,NA,0.00504363697336934,0.00542061898638993,0.00469287252673698,NA,NA,NA,NA,NA,NA,NA
2005,"East Marmara","male",0.00776996852621247,0.00826500317612811,0.00841044248141416,0.00812207890992165,225,94.0104723571619,95.6647751442176,92.384776941082,14.3350382765726,18.546618230721,10.19628793441,NA,0.00609421064064462,0.00654971681747929,0.00567038306655171,NA,NA,NA,NA,NA,NA,NA
2005,"Istanbul","male",0.0158229910628558,0.0170547171901441,0.0173548291401497,0.0167597949877191,1347,92.7777979924515,94.4104094020852,91.1734188511828,104.855971090834,130.404288412867,79.7494532973074,NA,0.0121906504437455,0.0131018294141156,0.011342840266374,NA,NA,NA,NA,NA,NA,NA
2005,"Mediterranean","male",0.0132970376820725,0.0139335519455804,0.0141787407340114,0.0136926031346688,749,95.4317874868239,97.1111011638486,93.7815136867274,35.8537889991979,49.6648653400911,22.2815435346224,NA,0.0100970513582515,0.0108517461879357,0.00939484248576575,NA,NA,NA,NA,NA,NA,NA
2005,"Northeast Anatolia","male",0.0167749993668738,0.0166898197691671,0.0169835106172953,0.0164012076303951,189,100.510368589265,102.279050085227,98.7722723816054,-0.959698633333971,2.34924755988291,-4.21142419438723,NA,0.0119495966868699,0.0128427583155887,0.011118550818287,NA,NA,NA,NA,NA,NA,NA
2005,"Southeast Anatolia","male",0.0172079713706689,0.0175398756400338,0.0178485249258875,0.0172365637353946,1237,98.1077159486391,99.8341179531798,96.4111681056089,23.8590344184431,46.0463776198508,2.05537040967147,NA,0.0125096851198444,0.0134447100440475,0.011639687377783,NA,NA,NA,NA,NA,NA,NA
2005,"West Anatolia","male",0.0170663280056305,0.0176653866490506,0.0179762445528045,0.0173599043194907,920,96.6088563170382,98.3088828805893,94.93822781226,32.2936458132424,49.0511622139152,15.8259122092522,NA,0.0125919503526958,0.0135331241161684,0.0117162313981383,NA,NA,NA,NA,NA,NA,NA
2005,"West Black Sea","male",0.0113679587976855,0.0112122140637405,0.0114095154548472,0.0110183245474928,247,101.389063150771,103.173207039651,99.6357719368002,-3.38398035821905,0.902932048014094,-7.59676045053649,NA,0.00820950289221506,0.0088231146455088,0.00763856534172933,NA,NA,NA,NA,NA,NA,NA
2005,"West Marmara","male",0.00936561874498339,0.00886037875708117,0.00901629488966373,0.00870715883626857,110,105.702239167806,107.562282038225,103.874361471031,-5.93408723785747,-4.10283881198399,-7.73366842392846,NA,0.00652772199631299,0.00701563058124951,0.00607374546987066,NA,NA,NA,NA,NA,NA,NA
2005,"Aegean","total",0.0126936192001669,0.0129163104555375,0.0131435988400039,0.0126929525021756,1116,98.275891121252,100.005252505208,96.5764350744829,19.5786116689478,39.5613945982827,-0.0586148793759094,NA,0.009398549446024,0.010101035391849,0.00874491854177985,NA,NA,NA,NA,NA,NA,NA
2005,"Central Anatolia","total",0.00841908785609841,0.00874787165209726,0.00890180799654868,0.00859659728352213,361,96.2415567000229,97.9351198902388,94.5772797993685,14.0978396216176,20.6984383202891,7.61138313262109,NA,0.00644604549071395,0.00692784924025861,0.00599774923318079,NA,NA,NA,NA,NA,NA,NA
2005,"Central East Anatolia","total",0.00794090430804408,0.00799950448224523,0.00814027180558928,0.00786117140677372,426,99.2674524486959,101.014262342654,97.5508496238626,3.14368153062907,10.6953251997029,-4.27737378811685,NA,0.00589986706968676,0.00634084721481403,0.00548955530085214,NA,NA,NA,NA,NA,NA,NA
2005,"East Black Sea","total",0.00549840785851474,0.00562171593941506,0.0057206413049982,0.00552450126104913,162,97.806575746103,99.5276785848822,96.115235431921,3.63303516579219,6.54768057530862,0.768791861088403,NA,0.00413142083972569,0.00444022009570277,0.00384409731658079,NA,NA,NA,NA,NA,NA,NA
2005,"East Marmara","total",0.00723940188822114,0.00759158497233307,0.00772517413386983,0.00746030592882982,408,95.3608754246256,97.0389412617114,93.7118278859386,19.8484212558304,27.3772722228803,12.449764491592,NA,0.00560003820016484,0.00601860791183077,0.00521057831025337,NA,NA,NA,NA,NA,NA,NA
2005,"Istanbul","total",0.0143283062080262,0.0154984487264415,0.0157711750119317,0.0152304386162994,2370,92.4499378030079,94.0767798551268,90.8512282514531,193.549588372887,238.660384249779,149.2188802058,NA,0.0111558422977521,0.0119896754837158,0.0103799988199304,NA,NA,NA,NA,NA,NA,NA
2005,"Mediterranean","total",0.0121978154445729,0.0129543723645887,0.0131823305246736,0.0127303562178417,1333,94.1598334622225,95.8167645574404,92.5315551885309,82.6779499135457,107.589642402577,58.1970479872448,NA,0.00942483443663032,0.0101292850299359,0.00876937551815116,NA,NA,NA,NA,NA,NA,NA
2005,"Northeast Anatolia","total",0.0140239753257877,0.0143266055522222,0.014578710907081,0.0140788597810299,303,97.8876348250713,99.6101640608982,96.1948927801024,6.53858527838753,11.9855374262389,1.18582567011572,NA,0.0103647574339796,0.0111394617084078,0.00964393069228391,NA,NA,NA,NA,NA,NA,NA
2005,"Southeast Anatolia","total",0.015429199453892,0.0160003093767258,0.0162818669067743,0.0157236207381366,2123,96.4306319997501,98.1275223490321,94.7630854756124,78.5825842617128,117.323844822848,40.511264911644,NA,0.0114914777934127,0.0123503977462197,0.0106922922313911,NA,NA,NA,NA,NA,NA,NA
2005,"West Anatolia","total",0.0155094382947701,0.0162005126269022,0.0164855931346196,0.0159203619324594,1637,95.7342440449416,97.4188800516433,94.0787399526463,72.9419505851263,103.03180827461,43.3724279443582,NA,0.0116248519056938,0.0124937407840199,0.0108163907163943,NA,NA,NA,NA,NA,NA,NA
2005,"West Black Sea","total",0.0103593855556829,0.0101125966702039,0.0102905480881301,0.00993772251374866,434,102.44041064355,104.243055099907,100.668938786966,-10.3390665133726,-2.88390279108273,-17.6653102846502,NA,0.00742919694996977,0.0079844854523174,0.00691252650543976,NA,NA,NA,NA,NA,NA,NA
2005,"West Marmara","total",0.00761511503566952,0.00706321234728462,0.00718750373290041,0.00694107029600182,175,107.813763217767,109.710962588233,105.949371557356,-12.6830612557996,-9.82676921281924,-15.4899602815358,NA,0.00520945722127541,0.00559883331642096,0.0048471606505422,NA,NA,NA,NA,NA,NA,NA
2006,"Aegean","female",0.0114199998633962,0.0123283525799721,0.0125452946665442,0.0121151620090221,479,92.6320024457154,94.2620482903305,91.0301445039075,38.0999086203556,47.199318489974,29.1578521661896,NA,0.00899101574583776,0.00966304095956004,0.00836572715361671,NA,NA,NA,NA,NA,NA,NA
2006,"Central Anatolia","female",0.00854877283975624,0.00841249245775468,0.00856052713272185,0.00826701770283131,181,101.619976275592,103.408183543969,99.8626919489493,-2.88541403598538,0.248869289973499,-5.96549712331191,NA,0.00620189837763319,0.00666545357545853,0.00577058155923668,NA,NA,NA,NA,NA,NA,NA
2006,"Central East Anatolia","female",0.00624631227279934,0.00674606651832186,0.00686477708708145,0.00662940877647215,165,92.591916427666,94.2212568784049,90.9907516815663,13.2013013294741,16.3371105861818,10.1197186988676,NA,0.00497382477490333,0.00534558873927164,0.00462791548285335,NA,NA,NA,NA,NA,NA,NA
2006,"East Black Sea","female",0.00443851910627148,0.00405698243034604,0.00412837317196514,0.00398682622780017,65,109.404444866992,111.329635470983,107.512546017217,-5.58742304389597,-4.5419396080615,-6.61482724252563,NA,0.0029425517468117,0.00316249007440896,0.00273790923574146,NA,NA,NA,NA,NA,NA,NA
2006,"East Marmara","female",0.00993945523183537,0.0103581700746529,0.0105404428490959,0.0101790492896257,277,95.9576369204238,97.6462039727568,94.2982697609136,11.6690511456758,16.748761989285,6.67718224589942,NA,0.00760436697580591,0.00817274840084169,0.007075514168131,NA,NA,NA,NA,NA,NA,NA
2006,"Istanbul","female",0.010697446323114,0.0119289289472778,0.0121388423740396,0.0117226454915932,872,89.6765029818976,91.2545408865736,88.1257536220403,100.38403707159,117.495084195129,83.5688862473895,NA,0.00871253922409349,0.00936374996597706,0.00810661754181557,NA,NA,NA,NA,NA,NA,NA
2006,"Mediterranean","female",0.0104872683300509,0.0113277053466224,0.0115270390384541,0.0111318186736275,564,92.5806949346356,94.2098379207017,90.9797242385095,45.1982787536851,55.9183441372451,34.6635923041603,NA,0.00829085521131527,0.00891054756897835,0.00771425993777333,NA,NA,NA,NA,NA,NA,NA
2006,"Northeast Anatolia","female",0.0142564720840641,0.0137305564559631,0.0139721731316733,0.0134931179862796,151,103.830257206165,105.657358799951,102.034751142228,-5.57033039976432,-3.01120372262363,-8.08520285283666,NA,0.00995831873129923,0.0107026441182074,0.00926575814900186,NA,NA,NA,NA,NA,NA,NA
2006,"Southeast Anatolia","female",0.0131666175579899,0.0140879038054317,0.0143358087243698,0.0138442858332584,894,93.4604447889073,95.1050687378868,91.8442608376022,62.5544033298972,79.3868963034704,46.0129897007888,NA,0.0102023230766067,0.010964886344188,0.00949279298409074,NA,NA,NA,NA,NA,NA,NA
2006,"West Anatolia","female",0.0132430664789204,0.0140494631285951,0.0142966916067365,0.0138065098997273,693,94.2603027439999,95.9190017977099,92.630287084603,42.1981479224694,55.1354336806223,29.4845828374184,NA,0.010176123034748,0.0109367280042652,0.00946841504862738,NA,NA,NA,NA,NA,NA,NA
2006,"West Black Sea","female",0.00933929475476637,0.00905810336159185,0.00921749885510178,0.00890146424741519,190,103.104307623236,104.918634678315,101.321355191676,-5.7205994784448,-2.47783387760214,-8.90728888862509,NA,0.00667098957604496,0.00716960656463783,0.00620704937188521,NA,NA,NA,NA,NA,NA,NA
2006,"West Marmara","female",0.00573671252151431,0.00574651576762619,0.00584763723645693,0.00564714296257974,65,99.8294053908786,101.586103973781,98.10308487929,0.111075985572342,1.25683593943926,-1.01487067879255,NA,0.00422545236920438,0.00454127992548505,0.00393158933546873,NA,NA,NA,NA,NA,NA,NA
2006,"Aegean","male",0.0140266906886182,0.0137328531828716,0.0139745102740976,0.013495374996566,657,102.139668296411,103.937020588071,100.373397088679,-13.763135265551,-2.44409270162782,-24.8864409594159,NA,0.00995989019307343,0.0107043330374485,0.00926722032199845,NA,NA,NA,NA,NA,NA,NA
2006,"Central Anatolia","male",0.0095167162488718,0.00957219656830212,0.0097406385627324,0.00940666739168236,213,99.4204013777356,101.169902714821,97.7011536521094,1.24174218602539,5.0117552740906,-2.46307717581993,NA,0.00704186327603935,0.00756820087869306,0.00655213031382921,NA,NA,NA,NA,NA,NA,NA
2006,"Central East Anatolia","male",0.00809627386320443,0.00835460530968315,0.00850162134419447,0.00821013158016581,232,96.9079156117727,98.6132047233392,95.2321155626763,7.40252819947747,11.6152957741561,3.26261077396219,NA,0.00615965597694635,0.00662005380533155,0.0057312769457814,NA,NA,NA,NA,NA,NA,NA
2006,"East Black Sea","male",0.0075534679365955,0.00713329297414932,0.0072588175689319,0.00700993903922158,117,105.890336538382,107.753689359248,104.059206129173,-6.50833114257723,-4.56400865218727,-8.41903103667782,NA,0.00526140523466027,0.00565466413635184,0.00489549589078998,NA,NA,NA,NA,NA,NA,NA
2006,"East Marmara","male",0.0125153103652766,0.0131646236656202,0.0133962816189787,0.0129369717050351,369,95.0677412675361,96.7406488212818,93.4237628115105,19.1442801523744,25.9744571351567,12.4322154089422,NA,0.00956982008521351,0.0102851074976539,0.00890427800431331,NA,NA,NA,NA,NA,NA,NA
2006,"Istanbul","male",0.0140763718001107,0.0151439389322359,0.0154104269069728,0.0148820592555758,1217,92.9505319791491,94.5861829896745,91.3431657999138,92.2985850505947,115.33831928469,69.6572701563116,NA,0.0109176204350005,0.0117336479466381,0.0101583443192441,NA,NA,NA,NA,NA,NA,NA
2006,"Mediterranean","male",0.0138251457099538,0.0140020890157519,0.014248483851375,0.0137599550134675,792,98.7363078066493,100.47377114549,97.0288899097122,10.1365367954982,24.2517377422085,-3.73457413761287,NA,0.0101438183288777,0.0109020087128263,0.00943835700371584,NA,NA,NA,NA,NA,NA,NA
2006,"Northeast Anatolia","male",0.0187153310413726,0.0182096933559533,0.0185301294277524,0.0178947984907882,216,102.776750138156,104.585313162408,100.999462061732,-5.83573647771018,-2.13747480359956,-9.4700452016819,NA,0.012947445991585,0.0139151909500655,0.0120470037606075,NA,NA,NA,NA,NA,NA,NA
2006,"Southeast Anatolia","male",0.0170269283613506,0.017101196149545,0.0174021259900486,0.0168054702001613,1266,99.5657158274488,101.317774263687,97.843955221836,5.52201887849264,27.896998674747,-16.4660369806977,NA,0.0122212865627361,0.0131347554016809,0.0113713457678397,NA,NA,NA,NA,NA,NA,NA
2006,"West Anatolia","male",0.0163044311931945,0.0171158317394767,0.0174170191225349,0.0168198527011459,891,95.2593566083572,96.9356360182852,93.6120646046665,44.3411903286275,60.8003942790766,28.166610545505,NA,0.0122309302821913,0.0131451199320891,0.0113803188058133,NA,NA,NA,NA,NA,NA,NA
2006,"West Black Sea","male",0.0115695158172886,0.0121480249746637,0.0123617938353966,0.0119379527558926,254,95.2378336513004,96.9137343216398,93.5909138377685,12.7007325365929,17.3938667596368,8.08875530171844,NA,0.00886545583746497,0.00952809619116211,0.00824889942640827,NA,NA,NA,NA,NA,NA,NA
2006,"West Marmara","male",0.00886781038375307,0.00849524745036829,0.0086447383653852,0.00834834163772576,105,104.385545395368,106.222418398402,102.580436896287,-4.41136045004673,-2.64130161956768,-6.15081017438078,NA,0.00626223553523981,0.00673030057849125,0.00582672251283198,NA,NA,NA,NA,NA,NA,NA
2006,"Aegean","total",0.0127840196721396,0.0130696707500459,0.0132996578164389,0.0128436607822701,1135,97.8143972914904,99.535637766042,96.1229217216255,25.360878795439,45.7797554125436,5.2950997991411,NA,0.00950438633452979,0.0102147829613758,0.00884339490496937,NA,NA,NA,NA,NA,NA,NA
2006,"Central Anatolia","total",0.00904617947639523,0.00900879209098021,0.00916731985379621,0.00885300570208591,394,100.415009970676,102.182013440518,98.6785627715301,-1.62838133954313,5.27618414166199,-8.41354820302558,NA,0.00663529220668185,0.00713124102818943,0.00617383460943386,NA,NA,NA,NA,NA,NA,NA
2006,"Central East Anatolia","total",0.00722700262263172,0.00758349515537302,0.00771694196035767,0.00745235600669243,398,95.2990998815537,96.9760786540749,93.6511206091378,19.6324860304771,26.9815671305125,12.4104904259049,NA,0.00559407691867143,0.00601220105982784,0.00520503161165234,NA,NA,NA,NA,NA,NA,NA
2006,"East Black Sea","total",0.00603967097228632,0.00563868320086253,0.00573790713943661,0.00554117511264049,182,107.111372587175,108.99621198595,105.259127161116,-12.0834023465856,-9.09337906496216,-15.0217200360497,NA,0.00414421245656987,0.00445396781019902,0.0038559993284776,NA,NA,NA,NA,NA,NA,NA
2006,"East Marmara","total",0.0112636548233413,0.0118031829852062,0.0120108836595983,0.0115990740174167,646,95.4289604546409,97.1082243843623,93.7787355415782,30.9433481433088,42.8555238768245,19.2371661570902,NA,0.00862459501784454,0.00926923245080854,0.00802478949757497,NA,NA,NA,NA,NA,NA,NA
2006,"Istanbul","total",0.01243070414578,0.0135866184932788,0.0138257022918861,0.0133516691004,2088,91.4922587392098,93.1022485076987,89.9101100497093,194.160292874231,234.319479806654,154.695566936111,NA,0.00985975055613681,0.0105967085553265,0.00917404498969389,NA,NA,NA,NA,NA,NA,NA
2006,"Mediterranean","total",0.0121999656979493,0.0127089237750138,0.0129325627749494,0.0124891520984512,1355,95.9952700474521,97.6844993301203,94.3352521093562,56.5278797905357,81.3665434733186,32.1187438048282,NA,0.00925512480764368,0.00994689061060801,0.00861146850390735,NA,NA,NA,NA,NA,NA,NA
2006,"Northeast Anatolia","total",0.0165815665065546,0.0160719960561446,0.0163548150570765,0.0157940677609173,367,103.170548627749,104.986041326136,101.386450710001,-11.2783285720646,-5.01869240916255,-17.4297186900061,NA,0.0115392687614194,0.0124017608062347,0.0107367595318669,NA,NA,NA,NA,NA,NA,NA
2006,"Southeast Anatolia","total",0.015198299221663,0.0156830023903686,0.0159589762676738,0.01541180084806,2162,96.9093726020009,98.6146873522323,95.2335473575982,68.9503631595708,108.208408683734,30.3711954566784,NA,0.0112794856234373,0.0121225604162133,0.0104950432549851,NA,NA,NA,NA,NA,NA,NA
2006,"West Anatolia","total",0.0148162036003288,0.015618587741997,0.015893428114389,0.0153485001032351,1585,94.8626331975544,96.531931463491,93.2222016149873,85.8370267344233,115.238754868861,56.9437340269697,NA,0.0112363592788244,0.0120762106325837,0.0104549161723102,NA,NA,NA,NA,NA,NA,NA
2006,"West Black Sea","total",0.0104733359946889,0.0106647531333002,0.0108524208514727,0.0104803306977164,443,98.2051423392669,99.9332587565288,96.5069097303542,8.09654082021353,16.0344890720957,0.29586117000116,NA,0.00782232026281221,0.00840699240609606,0.00727830969011328,NA,NA,NA,NA,NA,NA,NA
2006,"West Marmara","total",0.00733672412209362,0.00715228973872844,0.00727814861968014,0.00702860729834539,170,102.578676061828,104.383753575488,100.804813222075,-4.27354833714722,-1.35725907701837,-7.13940706581346,NA,0.00527547925715695,0.00566979010873373,0.00490859112224037,NA,NA,NA,NA,NA,NA,NA
2007,"Aegean","female",0.010837564901997,0.0112633318059268,0.011461532716217,0.0110685583256156,458,96.2198849215668,97.9130667533819,94.555982784596,17.993086432536,26.3691393312999,9.76187815011991,NA,0.00824552432256207,0.00886182846458138,0.00767208162804048,NA,NA,NA,NA,NA,NA,NA
2007,"Central Anatolia","female",0.00925682392736051,0.00932775270610545,0.00949189322057932,0.00916645062521564,199,99.2395941339813,100.985913805026,97.5234730547837,1.52480235996757,5.05343838422579,-1.9428140005638,NA,0.00686581087034691,0.00737898959764012,0.00638832163721311,NA,NA,NA,NA,NA,NA,NA
2007,"Central East Anatolia","female",0.00759247407641417,0.00758800666702614,0.00772153286110499,0.00745678950210317,206,100.058874610739,101.819611164734,98.3285859555048,-0.121210336008033,3.50163983159294,-3.6814116224505,NA,0.00559740146565688,0.00601577409702369,0.00520812494991101,NA,NA,NA,NA,NA,NA,NA
2007,"East Black Sea","female",0.00447546093425579,0.0041969809063859,0.00427083520193999,0.00412440375141794,67,106.635246480301,108.511707485407,104.791234562805,-4.16899223149738,-3.06335465029339,-5.25551034757213,NA,0.00304957848022559,0.00327751642270847,0.00283749269496274,NA,NA,NA,NA,NA,NA,NA
2007,"East Marmara","female",0.00954461045028743,0.00980785225226031,0.00998044108102674,0.0096382479512891,270,97.3160097113799,99.0284800570093,95.6331526111822,7.44664089779968,12.328870927998,2.64883783388871,NA,0.00721108615862701,0.00775007217020918,0.00670958443290709,NA,NA,NA,NA,NA,NA,NA
2007,"Istanbul","female",0.0120757337743556,0.0123256698693107,0.0125425647482094,0.0121125256896866,1001,97.9722311435793,99.696249021273,96.2780261993831,20.718081047909,38.6972596083547,3.04981112820872,NA,0.0089891497748459,0.00966103551828064,0.0083639909533215,NA,NA,NA,NA,NA,NA,NA
2007,"Mediterranean","female",0.0111274674000984,0.0119345681040736,0.0121445807631081,0.0117281871321111,608,93.2372860338391,94.8779830570065,91.6249611011733,44.0996329508511,55.5746336946759,32.8230660159473,NA,0.00871648004440043,0.00936798533927844,0.0081102842940916,NA,NA,NA,NA,NA,NA,NA
2007,"Northeast Anatolia","female",0.0122017334274431,0.0116199853119785,0.0118244622559308,0.0114190443276076,132,105.006444499244,106.854243467146,103.190598974791,-6.29342967521413,-4.0813704819692,-8.46723638019481,NA,0.00849623325340263,0.00913127640418302,0.00790535477199621,NA,NA,NA,NA,NA,NA,NA
2007,"Southeast Anatolia","female",0.0127281375617876,0.0130310345312205,0.0132603417158632,0.0128056926881999,892,97.6755723522395,99.3943699235908,95.9864974411712,21.2273080348614,37.2973738797942,5.43513710658181,NA,0.00947774063606492,0.010186145654653,0.00881860230650475,NA,NA,NA,NA,NA,NA,NA
2007,"West Anatolia","female",0.0128993956405909,0.0129826261392242,0.0132110814811332,0.012758121408272,684,99.3589086080065,101.107327856492,97.6407242587415,4.41335878450047,16.5273723568916,-7.49117071826379,NA,0.00944433849610479,0.0101502469024215,0.00878752314958277,NA,NA,NA,NA,NA,NA,NA
2007,"West Black Sea","female",0.00891785198987274,0.00868414180177373,0.00883695669170669,0.00853396949473412,183,102.691229524272,104.498287641824,100.915420330644,-4.7958818413546,-1.66002301688781,-7.87751318256286,NA,0.00639972943358067,0.00687807133197596,0.00595465426952344,NA,NA,NA,NA,NA,NA,NA
2007,"West Marmara","female",0.00629974285820189,0.00615177534156985,0.00626002816530016,0.00604539450204442,72,102.405281539333,104.207307828653,100.634417160004,-1.69112635821891,-0.45390073107535,-2.90695700690316,NA,0.00452990502020316,0.00486848861024459,0.00421486854234048,NA,NA,NA,NA,NA,NA,NA
2007,"Aegean","male",0.0134917652749923,0.0137399939491561,0.0139817766964846,0.0135023922796819,639,98.1933858553187,99.9212953936646,96.4953565478162,11.756661901366,23.2080303764226,0.503318569381918,NA,0.00996477576745891,0.010709583779604,0.00927176612454773,NA,NA,NA,NA,NA,NA,NA
2007,"Central Anatolia","male",0.0100280647290177,0.0100286434107647,0.0102051175027336,0.00985522103330374,228,99.9942297106065,101.75382870795,98.2650589405908,0.0131570190153241,4.02550576786854,-3.92980736440097,NA,0.00736919143136644,0.00791999487634082,0.00685669412670314,NA,NA,NA,NA,NA,NA,NA
2007,"Central East Anatolia","male",0.00978518927318439,0.0095423087157962,0.0097102247735248,0.00937729638100883,288,102.545301819738,104.349792046689,100.772016110935,-7.14851788503375,-2.20637284565629,-12.0051998655242,NA,0.00702036595734156,0.00754509676265394,0.00653212804624954,NA,NA,NA,NA,NA,NA,NA
2007,"East Black Sea","male",0.00556432325726402,0.00544633383794989,0.00554217300375167,0.00535215199062136,88,102.166400790418,103.964223493923,100.399667305538,-1.86600749445842,-0.350307165663338,-3.35549726378315,NA,0.00399906389388388,0.00429797025151333,0.00372094525822612,NA,NA,NA,NA,NA,NA,NA
2007,"East Marmara","male",0.0134185835912506,0.0132754278715919,0.0135090356471582,0.0130458598065004,402,101.078351078725,102.857027365605,99.3304329171225,-4.28872383671921,2.70980362625949,-11.1662278250636,NA,0.00964608564054017,0.010367073451864,0.00897523960032401,NA,NA,NA,NA,NA,NA,NA
2007,"Istanbul","male",0.0150280709421589,0.0160483782034796,0.0163307816009308,0.0157708583248234,1321,93.6423029892239,95.290127097931,92.0229742176107,89.6872191642035,114.51108973741,65.2926204751402,NA,0.0115235277437264,0.012384843240632,0.0107221132379592,NA,NA,NA,NA,NA,NA,NA
2007,"Mediterranean","male",0.0134150076559324,0.01406839020643,0.014315951744462,0.0138251096771785,781,95.3556694055943,97.0336436323314,93.7067118930595,38.0388729568085,52.4515044037582,23.8754749015445,NA,0.0101890246208807,0.0109505939076035,0.00948041938189592,NA,NA,NA,NA,NA,NA,NA
2007,"Northeast Anatolia","male",0.0147680202053312,0.014949691923346,0.0152127617324244,0.0146911713030127,174,98.7847795195625,100.523095815395,97.0765234155658,2.14049537413041,5.24004061737946,-0.905450345917075,NA,0.0107866893286134,0.0115929305149638,0.0100365189390069,NA,NA,NA,NA,NA,NA,NA
2007,"Southeast Anatolia","male",0.0146734211738268,0.0151289443759962,0.0153951684914467,0.014867323995782,1126,96.9890615574464,98.6957785946535,95.3118582754007,34.9556602762602,55.3850032662854,14.8795958989444,NA,0.0109075236119735,0.011722796445848,0.0101489496892101,NA,NA,NA,NA,NA,NA,NA
2007,"West Anatolia","male",0.0173525921144574,0.0175820391676771,0.0178914304053536,0.0172779981415702,962,98.694991797985,100.4317280988,96.9882883666193,12.7201782731597,29.8723344859993,-4.13537075292322,NA,0.0125373331653358,0.0134744246173049,0.0116654126141135,NA,NA,NA,NA,NA,NA,NA
2007,"West Black Sea","male",0.0101050247767222,0.00986189480650559,0.0100354346223896,0.00969135596355733,224,102.465347430559,104.268430699692,100.693444349459,-5.38950814390634,-1.5426181444322,-9.16987500737102,NA,0.00724982480774059,0.00779170630406967,0.00674562896646655,NA,NA,NA,NA,NA,NA,NA
2007,"West Marmara","male",0.00804285191090101,0.0075563830497811,0.00768935276289743,0.00742571274275924,96,106.437853373963,108.31084085152,104.597254917336,-5.80652375362202,-4.21938866763769,-7.36621297991452,NA,0.00557409407918115,0.00599072462135354,0.00518643849740866,NA,NA,NA,NA,NA,NA,NA
2007,"Aegean","total",0.0122402126634809,0.0125738264992501,0.0127950881916985,0.0123563910200962,1097,97.3467596694681,99.0597711222773,95.6633708192991,29.8993479852459,49.7294018649525,10.412209388094,NA,0.00916150573608066,0.00984627406752964,0.00852436025816371,NA,NA,NA,NA,NA,NA,NA
2007,"Central Anatolia","total",0.0096532417299463,0.00968812915685341,0.00985861121766687,0.00952059519211742,427,99.6398951093419,101.393258878801,97.9168517432502,1.54320503993199,9.08428212096277,-5.86746641568334,NA,0.00712517496581048,0.00765773962419456,0.00662964801427976,NA,NA,NA,NA,NA,NA,NA
2007,"Central East Anatolia","total",0.00873341429755841,0.00859048781478414,0.00874165467500526,0.00844193503856411,494,101.663776095792,103.452754109843,99.9057343517537,-8.08454518300238,0.46611168553892,-16.4873380601487,NA,0.00633159981505946,0.00680484942769529,0.00589126278898997,NA,NA,NA,NA,NA,NA,NA
2007,"East Black Sea","total",0.00503482716675772,0.00483873484399664,0.00492388208703837,0.00475506002715689,155,104.052553592689,105.883566937179,102.253203422791,-6.0368129870763,-3.41550698503391,-8.61278951627938,NA,0.00353867200439838,0.00380316679311598,0.00329257175293509,NA,NA,NA,NA,NA,NA,NA
2007,"East Marmara","total",0.0115371442290581,0.0115944941809068,0.0117985225572887,0.0113939940071592,672,99.5053690919687,101.256365606379,97.7846520446821,3.34044256335369,15.2244119587745,-8.33802084867455,NA,0.00847834994705484,0.00911205642652805,0.00788871517690041,NA,NA,NA,NA,NA,NA,NA
2007,"Istanbul","total",0.0135951941256588,0.0142459488077639,0.014496634845457,0.0139995978099034,2322,95.4320018211041,97.1113192697683,93.7817243145867,111.14606807976,153.962152509537,69.0703895903744,NA,0.0103099208256655,0.0110805263881722,0.00959290774714037,NA,NA,NA,NA,NA,NA,NA
2007,"Mediterranean","total",0.0122987027366692,0.0130365647012979,0.0132659692003734,0.0128111272266747,1388,94.3400582781193,96.0001607903908,92.7086634297556,83.273206031,109.163208540562,57.8309117112778,NA,0.00948155528921043,0.0101902454305443,0.0088221516660325,NA,NA,NA,NA,NA,NA,NA
2007,"Northeast Anatolia","total",0.013539614751746,0.0133593341175855,0.0135944183918126,0.0131283150864888,306,101.349473204081,103.13292042846,99.5968666074043,-4.07440500077712,1.23858131622296,-9.29551540988018,NA,0.00970377212071057,0.0104290716550095,0.00902891422032223,NA,NA,NA,NA,NA,NA,NA
2007,"Southeast Anatolia","total",0.0137313496864505,0.0141172964183865,0.0143657185592924,0.0138731701684124,2016,97.2661427478894,98.977735584295,95.5841479824095,56.6636659432497,93.1363396062357,20.8217034860941,NA,0.010222348436498,0.010986408481211,0.00951142566161458,NA,NA,NA,NA,NA,NA,NA
2007,"West Anatolia","total",0.0151663791003072,0.015339662712653,0.0156095948398052,0.015074398442291,1645,98.8703557855751,100.610177967421,97.1606198364115,18.7949635455852,48.0727724562396,-9.97655283676363,NA,0.0110492586938122,0.0118751253861956,0.0102808276723296,NA,NA,NA,NA,NA,NA,NA
2007,"West Black Sea","total",0.00953433445547112,0.00929607273357642,0.00945965577540342,0.00913531848512294,407,102.563036335055,104.367838636365,100.789443948498,-10.1708746702815,-3.18787042026946,-17.0331238840188,NA,0.00684295565546345,0.00735442609071251,0.00636705590960703,NA,NA,NA,NA,NA,NA,NA
2007,"West Marmara","total",0.00719021072536723,0.00686957109999437,0.00699045497954124,0.00675077762978085,168,104.667534853422,106.509370026467,102.857549993679,-7.49177723993481,-4.66731318184725,-10.2673986727617,NA,0.00506569180131874,0.00544432228219725,0.00471339353106611,NA,NA,NA,NA,NA,NA,NA
2008,"Aegean","female",0.0110348235415377,0.0111163706736976,0.0113119855081548,0.0109241385489717,470,99.2664230570065,101.013214836757,97.5498380331439,3.47329089322523,11.8050029363565,-4.71434330691443,NA,0.0081419044398095,0.00875046360886694,0.0075756680868675,NA,NA,NA,NA,NA,NA,NA
2008,"Central Anatolia","female",0.00889535123361507,0.00895534318161838,0.00911293040368972,0.00880048106897536,194,99.330098838351,101.078011121167,97.6124126879477,1.30837305992611,4.74521554977755,-2.0690371247571,NA,0.00659657501916232,0.00708962996005066,0.0061378100449021,NA,NA,NA,NA,NA,NA,NA
2008,"Central East Anatolia","female",0.00818990338511694,0.0082931840857959,0.00843911929070094,0.00814977249541719,228,98.754631518962,100.492417300266,97.0468967554634,2.87524756367645,6.93796053521342,-1.11721010875061,NA,0.00611480173040224,0.00657184696932819,0.00568954212972992,NA,NA,NA,NA,NA,NA,NA
2008,"East Black Sea","female",0.00431569328056603,0.00478449602341637,0.00486868882564051,0.00470175914252952,66,90.201627495228,91.7889060187844,88.64179731179,7.16941149813697,8.45697402530163,5.90411441061649,NA,0.0034974412200967,0.00375885425171153,0.00325420840205804,NA,NA,NA,NA,NA,NA,NA
2008,"East Marmara","female",0.00940431907556791,0.00990134177440716,0.010075575738797,0.00973012078665819,270,94.9802490393378,96.6516169918773,93.337783560652,14.2696273497605,19.271921509204,9.35383639022928,NA,0.00727808487378811,0.00782207864279704,0.00677192365981129,NA,NA,NA,NA,NA,NA,NA
2008,"Istanbul","female",0.0117339706747066,0.012315107215932,0.0125318162237621,0.012102145693162,988,95.2811085519938,96.9577707309916,93.6334403983463,48.9316803874708,67.1785727371926,31.0003261741614,NA,0.00898180229895356,0.00965313886205113,0.00835715446450605,NA,NA,NA,NA,NA,NA,NA
2008,"Mediterranean","female",0.0110848616640094,0.011368721182322,0.0115687766300352,0.0111721252345578,615,97.5031534878873,99.2189170035571,95.8170601654674,15.7488301661965,26.8481207187435,4.84147637688022,NA,0.00831971961641738,0.00894156941752829,0.00774111694084852,NA,NA,NA,NA,NA,NA,NA
2008,"Northeast Anatolia","female",0.00978164429282046,0.0104419562630842,0.0106257034235349,0.0102613865881726,108,93.6763576323514,95.3247810007946,92.0564399638244,7.29056288019245,9.31933153448148,5.29687712484721,NA,0.00766401240472599,0.00823685197256226,0.00713101149995795,NA,NA,NA,NA,NA,NA,NA
2008,"Southeast Anatolia","female",0.0105817647478707,0.0115268776192113,0.0117297161465938,0.0113275467187549,764,91.8007902698174,93.4162092693083,90.2133062354073,68.2368443174402,82.8817205372995,53.8452176297101,NA,0.00843088702647231,0.00906104593354095,0.00784455310948434,NA,NA,NA,NA,NA,NA,NA
2008,"West Anatolia","female",0.012989729428028,0.0130027913382834,0.0132316015273084,0.0127779378964819,698,99.899545336724,101.657478172628,98.1720119157063,0.701878619470335,12.9969393306573,-11.3805672272308,NA,0.00945825492890212,0.010165203506206,0.00880047175105626,NA,NA,NA,NA,NA,NA,NA
2008,"West Black Sea","female",0.00970514543911804,0.00989390436111521,0.0100680074493033,0.00972281198636463,201,98.0921695307767,99.8182979649162,96.3958905273718,3.90932248871883,7.51511293723215,0.365885912667778,NA,0.0072727577080987,0.00781635330300107,0.00676696697683828,NA,NA,NA,NA,NA,NA,NA
2008,"West Marmara","female",0.00633485964305502,0.00647560093652296,0.0065895521209869,0.00636362027633752,73,97.8265910013981,99.5480460487335,96.1349045692997,1.62183773628244,2.93495861576197,0.33142426950603,NA,0.00477217481525026,0.00512886663859879,0.00444028945808767,NA,NA,NA,NA,NA,NA,NA
2008,"Aegean","male",0.0117028603581577,0.01211255183206,0.0123256964717121,0.011903093039899,560,96.6176287244613,98.3178096561108,94.9468485210238,19.6043717829533,29.8036730265995,9.5814440524349,NA,0.00884072464896005,0.00950151649268792,0.00822588819151973,NA,NA,NA,NA,NA,NA,NA
2008,"Central Anatolia","male",0.0097475667597049,0.00987599434591472,0.0100497822714694,0.0097052116837833,225,98.69959842309,100.436415786709,96.9928153307114,2.96445334610715,6.97594505616641,-0.97766881902831,NA,0.00725992738034642,0.00780256398418576,0.00675502894621964,NA,NA,NA,NA,NA,NA,NA
2008,"Central East Anatolia","male",0.0104985038005702,0.0102415455487127,0.0104217660807464,0.0100644415172717,317,102.508979241808,104.312830300157,100.736321648646,-7.758797575936,-2.31707847577383,-13.1064146300683,NA,0.00752124306708817,0.0080834114719158,0.00699817118932526,NA,NA,NA,NA,NA,NA,NA
2008,"East Black Sea","male",0.00544755365744445,0.0059716773453457,0.00607676098366894,0.00586841088743699,88,91.2231747030044,92.8284293982635,89.6456792045061,8.46671504965909,10.1642403525641,6.79854455196265,NA,0.00439477629747527,0.00472325981525133,0.00408913747291344,NA,NA,NA,NA,NA,NA,NA
2008,"East Marmara","male",0.0115502928764785,0.0119832384093695,0.0121941075200282,0.0117760157961495,351,96.3870740270639,98.0831978864633,94.7202807381163,13.1567124461574,19.5647800711749,6.85945764768167,NA,0.00875048137056685,0.0094045280633395,0.00814192096625559,NA,NA,NA,NA,NA,NA,NA
2008,"Istanbul","male",0.0141487240726024,0.0150234676557697,0.0152878356968075,0.0147636712534193,1263,94.1774854966234,95.8347272147875,92.5489019715,78.0848605055221,101.68393799954,54.8938749095914,NA,0.0108364511254639,0.0116464117116138,0.0100828200051925,NA,NA,NA,NA,NA,NA,NA
2008,"Mediterranean","male",0.0145279966710502,0.0146335290490712,0.0148910353383525,0.0143804757402249,860,99.2788316634553,101.025841797519,97.5620320612144,6.24709979999386,21.4904546682678,-8.73265622111194,NA,0.0105729675094045,0.0113632342546804,0.00983766060343953,NA,NA,NA,NA,NA,NA,NA
2008,"Northeast Anatolia","male",0.0118046671557764,0.0122238486050062,0.0124389517345694,0.0120124651905229,142,96.5707899142489,98.270146623106,94.9008196805667,5.04239255585503,7.62989832750424,2.49963175959266,NA,0.00891828365375472,0.00958487257405822,0.00829805328284625,NA,NA,NA,NA,NA,NA,NA
2008,"Southeast Anatolia","male",0.0136423517572164,0.0139554754955322,0.0142010500727895,0.0137141475671271,1080,97.7562660733699,99.4764836125667,96.0657957495438,24.788514722338,44.2294841503237,5.68373225404753,NA,0.010112015122729,0.0108678284052449,0.00940876558125898,NA,NA,NA,NA,NA,NA,NA
2008,"West Anatolia","male",0.0169080212571418,0.0166741368397801,0.0169675517153159,0.0163857959012881,950,101.402677809407,103.187061275508,99.649151161152,-13.141111731202,3.34479915806344,-29.3419366178911,NA,0.0119392150495105,0.0128316007122806,0.0111088911815996,NA,NA,NA,NA,NA,NA,NA
2008,"West Black Sea","male",0.0100492684920861,0.00999308474526607,0.010168933111207,0.0098202772733372,225,100.562226261982,102.331820297688,98.8232332948573,-1.25793663931475,2.67925365148812,-5.12704225776011,NA,0.00734375729985367,0.00789265969402917,0.00683302883563502,NA,NA,NA,NA,NA,NA,NA
2008,"West Marmara","male",0.00847311739110236,0.00820959974430701,0.00835406411510589,0.00806763355333318,102,103.209872040084,105.026056712772,101.425094114147,-3.17224449189752,-1.43317194736278,-4.88124376700927,NA,0.00605370793138328,0.00650618677041589,0.00563269715605625,NA,NA,NA,NA,NA,NA,NA
2008,"Aegean","total",0.011388264478256,0.0116437394388979,0.0118486343843489,0.0114423876814048,1030,97.8059028031114,99.5269938001075,96.1145741259343,23.1061730225483,41.6376880060261,4.89511807086001,NA,0.00851289304333539,0.00914918141481222,0.00792085594126939,NA,NA,NA,NA,NA,NA,NA
2008,"Central Anatolia","total",0.00933354741880121,0.00942894712268233,0.00959486835584788,0.00926589511654443,419,98.9882252743615,100.730121606233,97.276451042839,4.28266704315121,11.7311744087778,-3.03703547790303,NA,0.00693875694772743,0.00745738796257356,0.0064561946114735,NA,NA,NA,NA,NA,NA,NA
2008,"Central East Anatolia","total",0.00939105819387915,0.00930775235282979,0.00947154092097983,0.00914679613215995,545,100.895015658899,102.670465791408,99.1502678627254,-4.83456522519384,4.67072883207766,-14.1754870312409,NA,0.0068513828430606,0.0073634831607065,0.00637489702056759,NA,NA,NA,NA,NA,NA,NA
2008,"East Black Sea","total",0.00489711869107176,0.0053943876830631,0.00548931275209821,0.00530110412529512,154,90.7817342540538,92.3792209193615,89.2118724552524,15.6376493194424,18.6227639457345,12.7041554013838,NA,0.00395981403876967,0.00425578670202931,0.00368442507096527,NA,NA,NA,NA,NA,NA,NA
2008,"East Marmara","total",0.0104909520378873,0.0109730143729799,0.0111661065658432,0.0107832612665492,620,95.6068376591246,97.2892316949729,93.9535367679443,28.4891825525494,39.9006501813096,17.2750500732305,NA,0.00804064876175304,0.00864163966815686,0.00748145432956552,NA,NA,NA,NA,NA,NA,NA
2008,"Istanbul","total",0.0129766100980343,0.013711035667987,0.013952308836286,0.0134739347655419,2251,94.6435441659055,96.3089871209752,93.0069012254503,127.397829284698,169.250508662297,86.2688959676061,NA,0.00994496057575847,0.0106882875195999,0.00925332899887151,NA,NA,NA,NA,NA,NA,NA
2008,"Mediterranean","total",0.0128535389124491,0.0130569601136141,0.0132867235108696,0.0128311699471313,1474,98.4420477707299,100.174333014136,96.7397184259452,23.3276494947809,49.6761321859281,-2.56519664373809,NA,0.00949562169718934,0.0102053632192676,0.0088352398125234,NA,NA,NA,NA,NA,NA,NA
2008,"Northeast Anatolia","total",0.010836477685749,0.0113718771283082,0.0115719881112195,0.011175226605699,250,95.2918991603737,96.9687512217669,93.6440444079144,12.3517866710337,16.9683924703183,7.81501447641801,NA,0.00832193998502394,0.00894395574554673,0.00774318289184519,NA,NA,NA,NA,NA,NA,NA
2008,"Southeast Anatolia","total",0.0121759160368291,0.0128041546280231,0.0130294694057907,0.0125827361523611,1843,95.0934785665658,96.7668390197021,93.4490550430066,95.0929457848088,129.197577762369,61.5780751655618,NA,0.00932102802173902,0.0100177196999092,0.00867278841739123,NA,NA,NA,NA,NA,NA,NA
2008,"West Anatolia","total",0.0149925754142117,0.0148831701565609,0.015145069381752,0.0146257998775522,1648,100.735093777064,102.507729763365,98.9931114629026,-12.0259434838363,16.7623007764364,-40.3163611131092,NA,0.0107417848759769,0.0115446697202595,0.00999473740849228,NA,NA,NA,NA,NA,NA,NA
2008,"West Black Sea","total",0.00986082295954832,0.00994542588405555,0.0101204355967598,0.00977344256277983,425,99.1493282892705,100.894059551762,97.4347681507447,3.64637343790406,11.1892659737924,-3.76608207843839,NA,0.00730965084684358,0.00785600398551544,0.00680129434777221,NA,NA,NA,NA,NA,NA,NA
2008,"West Marmara","total",0.00742733665105587,0.00736199811311002,0.00749154723345198,0.00723468924755928,175,100.887510930348,102.662829002111,99.1428929112348,-1.53948106538286,1.51290461806678,-4.53908274200961,NA,0.00543063075214962,0.00583653825971365,0.00505295246152319,NA,NA,NA,NA,NA,NA,NA
